torneo,anno,tipo,sezione,turni,rango,nome,fed,rating,punti,performance
137973,2014,rapid,open,,1,Carlsen Magnus,NOR,2827,11.0,2899.0
137973,2014,rapid,open,,2,Caruana Fabiano,ITA,2840,10.5,2884.0
137973,2014,rapid,open,,3,Anand Viswanathan,IND,2770,10.5,2866.0
137973,2014,rapid,open,,4,Aronian Levon,ARM,2785,10.5,2852.0
137973,2014,rapid,open,,5,Morozevich Alexander,RUS,2732,10.5,2831.0
137973,2014,rapid,open,,6,Tomashevsky Evgeny,RUS,2693,10.0,2840.0
137973,2014,rapid,open,,7,Karjakin Sergey,RUS,2781,10.0,2845.0
137973,2014,rapid,open,,8,Grischuk Alexander,RUS,2828,10.0,2825.0
137973,2014,rapid,open,,9,Radjabov Teimour,AZE,2750,10.0,2816.0
137973,2014,rapid,open,,10,Svidler Peter,RUS,2787,10.0,2804.0
137973,2014,rapid,open,,11,Bacrot Etienne,FRA,2692,10.0,2790.0
137973,2014,rapid,open,,12,Yu Yangyi,CHN,2668,9.5,2790.0
137973,2014,rapid,open,,13,Mamedov Rauf,AZE,2705,9.5,2706.0
137973,2014,rapid,open,,14,Jobava Baadur,GEO,2688,9.0,2782.0
137973,2014,rapid,open,,15,Nguyen Ngoc Truong Son,VIE,2660,9.0,2764.0
137973,2014,rapid,open,,16,Iturrizaga Bonelli Eduardo,VEN,2652,9.0,2766.0
137973,2014,rapid,open,,17,Movsesian Sergei,ARM,2696,9.0,2762.0
137973,2014,rapid,open,,18,Guseinov Gadir,AZE,2671,9.0,2760.0
137973,2014,rapid,open,,19,Le Quang Liem,VIE,2724,9.0,2750.0
137973,2014,rapid,open,,20,Efimenko Zahar,UKR,2677,9.0,2727.0
137973,2014,rapid,open,,21,Wang Hao,CHN,2716,9.0,2721.0
137973,2014,rapid,open,,22,Eljanov Pavel,UKR,2716,9.0,2708.0
137973,2014,rapid,open,,23,Antipov Mikhail Al.,RUS,2576,9.0,2687.0
137973,2014,rapid,open,,24,Nepomniachtchi Ian,RUS,2768,8.5,2778.0
137973,2014,rapid,open,,25,Fressinet Laurent,FRA,2681,8.5,2743.0
137973,2014,rapid,open,,26,Yudin Sergei,RUS,2626,8.5,2748.0
137973,2014,rapid,open,,27,Salgado Lopez Ivan,ESP,2630,8.5,2736.0
137973,2014,rapid,open,,28,Riazantsev Alexander,RUS,2597,8.5,2720.0
137973,2014,rapid,open,,29,Nakamura Hikaru,USA,2841,8.5,2736.0
137973,2014,rapid,open,,30,Bartel Mateusz,POL,2593,8.5,2710.0
137973,2014,rapid,open,,31,Naiditsch Arkadij,GER,2687,8.5,2711.0
137973,2014,rapid,open,,32,Meier Georg,GER,2677,8.5,2699.0
137973,2014,rapid,open,,33,Vallejo Pons Francisco,ESP,2709,8.5,2704.0
137973,2014,rapid,open,,34,Matlakov Maxim,RUS,2649,8.5,2674.0
137973,2014,rapid,open,,35,Moiseenko Alexander,UKR,2699,8.5,2691.0
137973,2014,rapid,open,,36,Vitiugov Nikita,RUS,2708,8.5,2681.0
137973,2014,rapid,open,,37,Fedoseev Vladimir,RUS,2656,8.5,2658.0
137973,2014,rapid,open,,38,Zhigalko Sergei,BLR,2679,8.5,2662.0
137973,2014,rapid,open,,39,Cheparinov Ivan,BUL,2727,8.5,2655.0
137973,2014,rapid,open,,40,Van Wely Loek,NED,2674,8.0,2713.0
137973,2014,rapid,open,,41,Dubov Daniil,RUS,2624,8.0,2682.0
137973,2014,rapid,open,,42,Vachier-Lagrave Maxime,FRA,2749,8.0,2694.0
137973,2014,rapid,open,,43,Najer Evgeniy,RUS,2657,8.0,2666.0
137973,2014,rapid,open,,44,Kryvoruchko Yuriy,UKR,2694,8.0,2673.0
137973,2014,rapid,open,,45,Adly Ahmed,EGY,2634,8.0,2666.0
137973,2014,rapid,open,,46,Potkin Vladimir,RUS,2682,8.0,2668.0
137973,2014,rapid,open,,47,Sargissian Gabriel,ARM,2665,8.0,2661.0
137973,2014,rapid,open,,48,Dreev Aleksey,RUS,2709,8.0,2672.0
137973,2014,rapid,open,,49,Ragger Markus,AUT,2701,8.0,2647.0
137973,2014,rapid,open,,50,Lu Shanglei,CHN,2536,8.0,2593.0
137973,2014,rapid,open,,51,Milov Vadim,SUI,2664,8.0,2609.0
137973,2014,rapid,open,,52,Harikrishna P.,IND,2726,7.5,2665.0
137973,2014,rapid,open,,53,Volokitin Andrei,UKR,2638,7.5,2648.0
137973,2014,rapid,open,,54,Mamedyarov Shakhriyar,AZE,2799,7.5,2640.0
137973,2014,rapid,open,,55,Wojtaszek Radoslaw,POL,2710,7.5,2648.0
137973,2014,rapid,open,,56,Polgar Judit,HUN,2656,7.5,2613.0
137973,2014,rapid,open,,57,Malakhov Vladimir,RUS,2766,7.5,2636.0
137973,2014,rapid,open,,58,Inarkiev Ernesto,RUS,2681,7.5,2630.0
137973,2014,rapid,open,,59,Hansen Eric,CAN,2584,7.5,2600.0
137973,2014,rapid,open,,60,Ganguly Surya Shekhar,IND,2637,7.5,2589.0
137973,2014,rapid,open,,61,Onischuk Vladimir,UKR,2675,7.5,2587.0
137973,2014,rapid,open,,62,Kasimdzhanov Rustam,UZB,2693,7.5,2573.0
137973,2014,rapid,open,,63,Kovalev Vladislav,BLR,2547,7.5,2540.0
137973,2014,rapid,open,,64,Savchenko Boris,RUS,2626,7.5,2506.0
137973,2014,rapid,open,,65,Amin Bassem,EGY,2624,7.0,2653.0
137973,2014,rapid,open,,66,Bologan Viktor,MDA,2656,7.0,2630.0
137973,2014,rapid,open,,67,Laznicka Viktor,CZE,2679,7.0,2597.0
137973,2014,rapid,open,,68,Safarli Eltaj,AZE,2662,7.0,2613.0
137973,2014,rapid,open,,69,Anton Guijarro David,ESP,2600,7.0,2613.0
137973,2014,rapid,open,,70,Debashis Das,IND,2484,7.0,2621.0
137973,2014,rapid,open,,71,Lenic Luka,SLO,2659,7.0,2598.0
137973,2014,rapid,open,,72,Ringoir Tanguy,BEL,2504,7.0,2580.0
137973,2014,rapid,open,,73,Aleksandrov Aleksej,BLR,2589,7.0,2586.0
137973,2014,rapid,open,,74,Ghaem Maghami Ehsan,IRI,2542,7.0,2565.0
137973,2014,rapid,open,,75,Shyam Sundar M.,IND,2447,7.0,2547.0
137973,2014,rapid,open,,76,Maletin Pavel,RUS,2658,7.0,2537.0
137973,2014,rapid,open,,77,Vahidov Tair,UZB,2487,7.0,2534.0
137973,2014,rapid,open,,78,Mchedlishvili Mikheil,GEO,2641,7.0,2477.0
137973,2014,rapid,open,,79,Andriasian Zaven,ARM,2568,6.5,2566.0
137973,2014,rapid,open,,80,Glek Igor,GER,2455,6.5,2564.0
137973,2014,rapid,open,,81,Vakhidov Jahongir,UZB,2368,6.5,2570.0
137973,2014,rapid,open,,82,Michalik Peter,SVK,2501,6.5,2552.0
137973,2014,rapid,open,,83,Gundavaa Bayarsaikhan,MGL,2534,6.5,2542.0
137973,2014,rapid,open,,84,Korobov Anton,UKR,2770,6.5,2511.0
137973,2014,rapid,open,,85,Kayumov Sergey,UZB,2486,6.5,2493.0
137973,2014,rapid,open,,86,Fier Alexandr,BRA,2597,6.5,2485.0
137973,2014,rapid,open,,87,Goloshchapov Alexander,UKR,2574,6.5,2434.0
137973,2014,rapid,open,,88,Nezad Husein Aziz,QAT,2350,6.5,2385.0
137973,2014,rapid,open,,89,Ipatov Alexander,TUR,2596,6.0,2571.0
137973,2014,rapid,open,,90,Durarbayli Vasif,AZE,2550,6.0,2579.0
137973,2014,rapid,open,,91,Sokolov Ivan,NED,2650,6.0,2514.0
137973,2014,rapid,open,,92,Georgiev Kiril,BUL,2642,6.0,2496.0
137973,2014,rapid,open,,93,Salem A.R. Saleh,UAE,2592,6.0,2506.0
137973,2014,rapid,open,,94,Sandipan Chanda,IND,2628,6.0,2479.0
137973,2014,rapid,open,,95,Al-Modiahki Mohamad,QAT,2569,6.0,2465.0
137973,2014,rapid,open,,96,Al Qudaimi Basheer,YEM,2397,6.0,2439.0
137973,2014,rapid,open,,97,Tissir Mohamed,MAR,2419,6.0,2402.0
137973,2014,rapid,open,,98,Omar Noaman,UAE,2310,6.0,2309.0
137973,2014,rapid,open,,99,Al-Sayed Mohammed,QAT,2494,5.5,2566.0
137973,2014,rapid,open,,100,Moradiabadi Elshan,IRI,2586,5.5,2435.0
137973,2014,rapid,open,,101,Sriram Jha,IND,2418,5.5,2388.0
137973,2014,rapid,open,,102,Breckenridge Steven James,USA,2310,5.5,2354.0
137973,2014,rapid,open,,103,Faisal Abdulla,UAE,2247,5.5,2295.0
137973,2014,rapid,open,,104,Taleb Moussa,UAE,2406,5.0,2336.0
137973,2014,rapid,open,,105,Saeed Ishaq,UAE,2246,5.0,2289.0
137973,2014,rapid,open,,106,Hilwani Talal,SYR,2395,5.0,2267.0
137973,2014,rapid,open,,107,Othman A. Moussa,UAE,2275,5.0,2254.0
137973,2014,rapid,open,,108,Alhuwar Jasem,UAE,2246,5.0,2250.0
137973,2014,rapid,open,,109,Alahakoon Isuru,SRI,2094,4.5,2179.0
137973,2014,rapid,open,,110,Al-Hajiri Bader,KUW,2026,4.0,2144.0
137973,2014,rapid,open,,111,Byambaa Zulzaga,MGL,2281,3.5,2125.0
137973,2014,rapid,open,,112,Hj Azahari Md Aliuddin,BRU,2136,2.0,1939.0
137973,2014,rapid,open,,113,Kuzubov Yuriy,UKR,2656,0.0,0.0
138146,2014,blitz,open,,1,Carlsen Magnus,NOR,2837,17.0,
138146,2014,blitz,open,,2,Nepomniachtchi Ian,RUS,2816,16.0,
138146,2014,blitz,open,,3,Nakamura Hikaru,USA,2879,16.0,
138146,2014,blitz,open,,4,Le Quang Liem,VIE,2817,14.0,
138146,2014,blitz,open,,5,Mamedyarov Shakhriyar,AZE,2822,13.5,
138146,2014,blitz,open,,6,Aronian Levon,ARM,2863,13.5,
138146,2014,blitz,open,,7,Anand Viswanathan,IND,2827,13.5,
138146,2014,blitz,open,,8,Mamedov Rauf,AZE,2766,13.5,
138146,2014,blitz,open,,9,Sargissian Gabriel,ARM,2689,13.0,
138146,2014,blitz,open,,10,Morozevich Alexander,RUS,2741,13.0,
138146,2014,blitz,open,,11,Svidler Peter,RUS,2757,13.0,
138146,2014,blitz,open,,12,Yudin Sergei,RUS,2559,12.5,
138146,2014,blitz,open,,13,Dreev Aleksey,RUS,2701,12.5,
138146,2014,blitz,open,,14,Harikrishna P.,IND,2669,12.5,
138146,2014,blitz,open,,15,Wojtaszek Radoslaw,POL,2726,12.5,
138146,2014,blitz,open,,16,Korobov Anton,UKR,2758,12.5,
138146,2014,blitz,open,,17,Grischuk Alexander,RUS,2801,12.5,
138146,2014,blitz,open,,18,Iturrizaga Bonelli Eduardo,VEN,2722,12.5,
138146,2014,blitz,open,,19,Bacrot Etienne,FRA,2744,12.5,
138146,2014,blitz,open,,20,Vitiugov Nikita,RUS,2674,12.5,
138146,2014,blitz,open,,21,Radjabov Teimour,AZE,2706,12.5,
138146,2014,blitz,open,,22,Tomashevsky Evgeny,RUS,2725,12.5,
138146,2014,blitz,open,,23,Malakhov Vladimir,RUS,2700,12.5,
138146,2014,blitz,open,,24,Nguyen Ngoc Truong Son,VIE,2746,12.5,
138146,2014,blitz,open,,25,Eljanov Pavel,UKR,2674,12.5,
138146,2014,blitz,open,,26,Polgar Judit,HUN,2673,12.0,
138146,2014,blitz,open,,27,Meier Georg,GER,2663,12.0,
138146,2014,blitz,open,,28,Fedoseev Vladimir,RUS,2628,12.0,
138146,2014,blitz,open,,29,Andriasian Zaven,ARM,2633,12.0,
138146,2014,blitz,open,,30,Matlakov Maxim,RUS,2618,12.0,
138146,2014,blitz,open,,31,Cheparinov Ivan,BUL,2636,12.0,
138146,2014,blitz,open,,32,Vachier-Lagrave Maxime,FRA,2835,12.0,
138146,2014,blitz,open,,33,Salem A.R. Saleh,UAE,2539,12.0,
138146,2014,blitz,open,,34,Dubov Daniil,RUS,2729,12.0,
138146,2014,blitz,open,,35,Lu Shanglei,CHN,2668,11.5,
138146,2014,blitz,open,,36,Caruana Fabiano,ITA,2697,11.5,
138146,2014,blitz,open,,37,Safarli Eltaj,AZE,2661,11.5,
138146,2014,blitz,open,,38,Fressinet Laurent,FRA,2705,11.5,
138146,2014,blitz,open,,39,Van Wely Loek,NED,2647,11.5,
138146,2014,blitz,open,,40,Riazantsev Alexander,RUS,2703,11.5,
138146,2014,blitz,open,,41,Yu Yangyi,CHN,2771,11.5,
138146,2014,blitz,open,,42,Zhigalko Sergei,BLR,2669,11.5,
138146,2014,blitz,open,,43,Laznicka Viktor,CZE,2650,11.0,
138146,2014,blitz,open,,44,Wang Hao,CHN,2668,11.0,
138146,2014,blitz,open,,45,Anton Guijarro David,ESP,2581,11.0,
138146,2014,blitz,open,,46,Jobava Baadur,GEO,2628,11.0,
138146,2014,blitz,open,,47,Savchenko Boris,RUS,2684,11.0,
138146,2014,blitz,open,,48,Al-Modiahki Mohamad,QAT,2559,11.0,
138146,2014,blitz,open,,49,Najer Evgeniy,RUS,2707,11.0,
138146,2014,blitz,open,,50,Naiditsch Arkadij,GER,2643,11.0,
138146,2014,blitz,open,,51,Kryvoruchko Yuriy,UKR,2628,11.0,
138146,2014,blitz,open,,52,Bologan Viktor,MDA,2635,11.0,
138146,2014,blitz,open,,53,Ragger Markus,AUT,2587,10.5,
138146,2014,blitz,open,,54,Onischuk Vladimir,UKR,2565,10.5,
138146,2014,blitz,open,,55,Potkin Vladimir,RUS,2629,10.5,
138146,2014,blitz,open,,56,Sokolov Ivan,NED,2583,10.5,
138146,2014,blitz,open,,57,Guseinov Gadir,AZE,2657,10.5,
138146,2014,blitz,open,,58,Inarkiev Ernesto,RUS,2657,10.5,
138146,2014,blitz,open,,59,Moiseenko Alexander,UKR,2614,10.5,
138146,2014,blitz,open,,60,Kasimdzhanov Rustam,UZB,2657,10.5,
138146,2014,blitz,open,,61,Karjakin Sergey,RUS,2866,10.5,
138146,2014,blitz,open,,62,Maletin Pavel,RUS,2607,10.5,
138146,2014,blitz,open,,63,Efimenko Zahar,UKR,2714,10.5,
138146,2014,blitz,open,,64,Ganguly Surya Shekhar,IND,2624,10.5,
138146,2014,blitz,open,,65,Georgiev Kiril,BUL,2639,10.5,
138146,2014,blitz,open,,66,Amin Bassem,EGY,2667,10.0,
138146,2014,blitz,open,,67,Kovalev Vladislav,BLR,2548,10.0,
138146,2014,blitz,open,,68,Movsesian Sergei,ARM,2730,10.0,
138146,2014,blitz,open,,69,Sandipan Chanda,IND,2607,10.0,
138146,2014,blitz,open,,70,Adly Ahmed,EGY,2610,10.0,
138146,2014,blitz,open,,71,Durarbayli Vasif,AZE,2613,10.0,
138146,2014,blitz,open,,72,Shyam Sundar M.,IND,2412,10.0,
138146,2014,blitz,open,,73,Hansen Eric,CAN,2576,10.0,
138146,2014,blitz,open,,74,Lenic Luka,SLO,2639,10.0,
138146,2014,blitz,open,,75,Nielsen Peter Heine,DEN,2654,10.0,
138146,2014,blitz,open,,76,Vallejo Pons Francisco,ESP,2628,9.5,
138146,2014,blitz,open,,77,Gundavaa Bayarsaikhan,MGL,2616,9.5,
138146,2014,blitz,open,,78,Ringoir Tanguy,BEL,2492,9.5,
138146,2014,blitz,open,,79,Moradiabadi Elshan,IRI,2599,9.5,
138146,2014,blitz,open,,80,Ipatov Alexander,TUR,2629,9.5,
138146,2014,blitz,open,,81,Ghaem Maghami Ehsan,IRI,2581,9.5,
138146,2014,blitz,open,,82,Vahidov Tair,UZB,2503,9.5,
138146,2014,blitz,open,,83,Mchedlishvili Mikheil,GEO,2663,9.5,
138146,2014,blitz,open,,84,Breckenridge Steven James,USA,2279,9.5,
138146,2014,blitz,open,,85,Tkachiev Vladislav,FRA,2730,9.5,
138146,2014,blitz,open,,86,Aleksandrov Aleksej,BLR,2572,9.5,
138146,2014,blitz,open,,87,Goloshchapov Alexander,UKR,2631,9.5,
138146,2014,blitz,open,,88,Glek Igor,GER,2523,9.5,
138146,2014,blitz,open,,89,Bartel Mateusz,POL,2562,9.0,
138146,2014,blitz,open,,90,Volokitin Andrei,UKR,2638,9.0,
138146,2014,blitz,open,,91,Fier Alexandr,BRA,2581,9.0,
138146,2014,blitz,open,,92,Debashis Das,IND,2385,9.0,
138146,2014,blitz,open,,93,Salgado Lopez Ivan,ESP,2540,9.0,
138146,2014,blitz,open,,94,Al-Sayed Mohammed,QAT,2404,9.0,
138146,2014,blitz,open,,95,Vakhidov Jahongir,UZB,2477,9.0,
138146,2014,blitz,open,,96,Kayumov Sergey,UZB,2511,9.0,
138146,2014,blitz,open,,97,Nezad Husein Aziz,QAT,2361,9.0,
138146,2014,blitz,open,,98,Milov Vadim,SUI,2622,8.5,
138146,2014,blitz,open,,99,Sriram Jha,IND,2366,8.5,
138146,2014,blitz,open,,100,Hilwani Talal,SYR,2344,8.5,
138146,2014,blitz,open,,101,Al Qudaimi Basheer,YEM,2414,8.5,
138146,2014,blitz,open,,102,Othman A. Moussa,UAE,2317,8.5,
138146,2014,blitz,open,,103,Michalik Peter,SVK,2587,8.0,
138146,2014,blitz,open,,104,Faisal Abdulla,UAE,2279,8.0,
138146,2014,blitz,open,,105,Omar Noaman,UAE,2293,8.0,
138146,2014,blitz,open,,106,Taleb Moussa,UAE,2295,8.0,
138146,2014,blitz,open,,107,Alhuwar Jasem,UAE,2277,8.0,
138146,2014,blitz,open,,108,Tissir Mohamed,MAR,2385,7.5,
138146,2014,blitz,open,,109,Suhail Abdurahim,UAE,2201,7.5,
138146,2014,blitz,open,,110,Al-Hajiri Bader,KUW,2076,7.0,
138146,2014,blitz,open,,111,Alahakoon Isuru,SRI,2135,7.0,
138146,2014,blitz,open,,112,Hj Azahari Md Aliuddin,BRU,2147,6.5,
138146,2014,blitz,open,,113,Saeed Ishaq,UAE,2242,6.0,
138146,2014,blitz,open,,114,Saleh Nagueb,UAE,2140,6.0,
138146,2014,blitz,open,,115,Byambaa Zulzaga,MGL,2302,5.0,
138146,2014,blitz,open,,116,Ehlvest Jaan,USA,2512,0.0,
190460,2015,rapid,open,,1,Carlsen Magnus,NOR,2847,11.5,2917.0
190460,2015,rapid,open,,2,Nepomniachtchi Ian,RUS,2789,10.5,2849.0
190460,2015,rapid,open,,3,Radjabov Teimour,AZE,2741,10.5,2822.0
190460,2015,rapid,open,,4,Dominguez Perez Leinier,CUB,2749,10.5,2813.0
190460,2015,rapid,open,,5,Bocharov Dmitry,RUS,2577,10.0,2819.0
190460,2015,rapid,open,,6,Kramnik Vladimir,RUS,2798,10.0,2813.0
190460,2015,rapid,open,,7,Onischuk Vladimir,UKR,2692,10.0,2809.0
190460,2015,rapid,open,,8,Ivanchuk Vassily,UKR,2835,10.0,2804.0
190460,2015,rapid,open,,9,Kovalenko Igor,LAT,2687,10.0,2800.0
190460,2015,rapid,open,,10,Mamedyarov Shakhriyar,AZE,2784,10.0,2791.0
190460,2015,rapid,open,,11,Vachier-Lagrave Maxime,FRA,2756,10.0,2792.0
190460,2015,rapid,open,,12,Inarkiev Ernesto,RUS,2733,10.0,2767.0
190460,2015,rapid,open,,13,Khismatullin Denis,RUS,2574,9.5,2805.0
190460,2015,rapid,open,,14,Kasimdzhanov Rustam,UZB,2619,9.5,2803.0
190460,2015,rapid,open,,15,Malakhov Vladimir,RUS,2662,9.5,2811.0
190460,2015,rapid,open,,16,Kryvoruchko Yuriy,UKR,2694,9.5,2804.0
190460,2015,rapid,open,,17,Korobov Anton,UKR,2664,9.5,2781.0
190460,2015,rapid,open,,18,Zhigalko Sergei,BLR,2698,9.5,2782.0
190460,2015,rapid,open,,19,Karjakin Sergey,RUS,2805,9.5,2767.0
190460,2015,rapid,open,,20,Salem A.R. Saleh,UAE,2631,9.5,2748.0
190460,2015,rapid,open,,21,Fedoseev Vladimir,RUS,2681,9.5,2752.0
190460,2015,rapid,open,,22,Wojtaszek Radoslaw,POL,2711,9.5,2746.0
190460,2015,rapid,open,,23,Navara David,CZE,2673,9.5,2740.0
190460,2015,rapid,open,,24,Guseinov Gadir,AZE,2705,9.5,2736.0
190460,2015,rapid,open,,25,Anand Viswanathan,IND,2800,9.5,2737.0
190460,2015,rapid,open,,26,Vidit Santosh Gujrathi,IND,2534,9.0,2803.0
190460,2015,rapid,open,,27,Bogdanovich Stanislav,UKR,2619,9.0,2730.0
190460,2015,rapid,open,,28,Adhiban Baskaran,IND,2590,9.0,2717.0
190460,2015,rapid,open,,29,Riazantsev Alexander,RUS,2716,9.0,2718.0
190460,2015,rapid,open,,30,Khairullin Ildar,RUS,2662,9.0,2712.0
190460,2015,rapid,open,,31,Gelfand Boris,ISR,2751,9.0,2716.0
190460,2015,rapid,open,,32,Grischuk Alexander,RUS,2846,9.0,2710.0
190460,2015,rapid,open,,33,Matlakov Maxim,RUS,2705,9.0,2706.0
190460,2015,rapid,open,,34,Svidler Peter,RUS,2735,9.0,2704.0
190460,2015,rapid,open,,35,Akopian Vladimir,ARM,2684,9.0,2694.0
190460,2015,rapid,open,,36,Rublevsky Sergei,RUS,2757,9.0,2683.0
190460,2015,rapid,open,,37,Moiseenko Alexander,UKR,2692,9.0,2650.0
190460,2015,rapid,open,,38,Ponkratov Pavel,RUS,2629,8.5,2747.0
190460,2015,rapid,open,,39,Motylev Alexander,RUS,2627,8.5,2719.0
190460,2015,rapid,open,,40,Perunovic Milos,SRB,2617,8.5,2706.0
190460,2015,rapid,open,,41,Swiercz Dariusz,POL,2612,8.5,2689.0
190460,2015,rapid,open,,42,Tomashevsky Evgeny,RUS,2731,8.5,2697.0
190460,2015,rapid,open,,43,Aronian Levon,ARM,2830,8.5,2688.0
190460,2015,rapid,open,,44,Savchenko Boris,RUS,2696,8.5,2684.0
190460,2015,rapid,open,,45,Antipov Mikhail Al.,RUS,2590,8.5,2670.0
190460,2015,rapid,open,,46,Meier Georg,GER,2686,8.5,2670.0
190460,2015,rapid,open,,47,Andreikin Dmitry,RUS,2720,8.5,2698.0
190460,2015,rapid,open,,48,Zhang Zhong,SGP,2547,8.5,2635.0
190460,2015,rapid,open,,49,Vitiugov Nikita,RUS,2672,8.5,2628.0
190460,2015,rapid,open,,50,Dubov Daniil,RUS,2667,8.0,2745.0
190460,2015,rapid,open,,51,Socko Bartosz,POL,2639,8.0,2720.0
190460,2015,rapid,open,,52,Mamedov Rauf,AZE,2667,8.0,2711.0
190460,2015,rapid,open,,53,Kravtsiv Martyn,UKR,2525,8.0,2698.0
190460,2015,rapid,open,,54,Safarli Eltaj,AZE,2643,8.0,2679.0
190460,2015,rapid,open,,55,Onischuk Alexander,USA,2662,8.0,2685.0
190460,2015,rapid,open,,56,Petrosian Tigran L.,ARM,2639,8.0,2681.0
190460,2015,rapid,open,,57,Agdestein Simen,NOR,2594,8.0,2661.0
190460,2015,rapid,open,,58,Duda Jan-Krzysztof,POL,2560,8.0,2665.0
190460,2015,rapid,open,,59,Sasikiran Krishnan,IND,2631,8.0,2653.0
190460,2015,rapid,open,,60,Bartel Mateusz,POL,2670,8.0,2655.0
190460,2015,rapid,open,,61,Seirawan Yasser,USA,2641,8.0,2651.0
190460,2015,rapid,open,,62,Bacrot Etienne,FRA,2733,8.0,2646.0
190460,2015,rapid,open,,63,Nguyen Ngoc Truong Son,VIE,2743,8.0,2641.0
190460,2015,rapid,open,,64,Leko Peter,HUN,2747,8.0,2641.0
190460,2015,rapid,open,,65,Hansen Eric,CAN,2592,8.0,2604.0
190460,2015,rapid,open,,66,Volokitin Andrei,UKR,2671,8.0,2615.0
190460,2015,rapid,open,,67,Lagno Kateryna,RUS,2582,8.0,2608.0
190460,2015,rapid,open,,68,Dreev Aleksey,RUS,2706,8.0,2605.0
190460,2015,rapid,open,,69,Vovk Yuri,UKR,2572,8.0,2606.0
190460,2015,rapid,open,,70,Ragger Markus,AUT,2711,8.0,2610.0
190460,2015,rapid,open,,71,Eljanov Pavel,UKR,2714,8.0,2597.0
190460,2015,rapid,open,,72,Bindrich Falko,GER,2594,8.0,2572.0
190460,2015,rapid,open,,73,Bluebaum Matthias,GER,2543,8.0,2568.0
190460,2015,rapid,open,,74,Ghaem Maghami Ehsan,IRI,2591,8.0,2570.0
190460,2015,rapid,open,,75,Gajewski Grzegorz,POL,2661,8.0,2551.0
190460,2015,rapid,open,,76,Mikhalevski Victor,ISR,2523,7.5,2625.0
190460,2015,rapid,open,,77,Bachmann Axel,PAR,2639,7.5,2599.0
190460,2015,rapid,open,,78,Vallejo Pons Francisco,ESP,2683,7.5,2619.0
190460,2015,rapid,open,,79,Grigoriants Sergey,RUS,2595,7.5,2598.0
190460,2015,rapid,open,,80,Bruzon Batista Lazaro,CUB,2682,7.5,2617.0
190460,2015,rapid,open,,81,Jumabayev Rinat,KAZ,2575,7.5,2605.0
190460,2015,rapid,open,,82,Ponomariov Ruslan,UKR,2720,7.5,2600.0
190460,2015,rapid,open,,83,Belov Vladimir,RUS,2614,7.5,2569.0
190460,2015,rapid,open,,84,Agrest Evgenij,SWE,2563,7.5,2563.0
190460,2015,rapid,open,,85,Iturrizaga Bonelli Eduardo,VEN,2700,7.5,2564.0
190460,2015,rapid,open,,86,Sethuraman S.P.,IND,2502,7.5,2556.0
190460,2015,rapid,open,,87,Ivanisevic Ivan,SRB,2653,7.5,2561.0
190460,2015,rapid,open,,88,Borisek Jure,SLO,2582,7.5,2543.0
190460,2015,rapid,open,,89,Hjartarson Johann,ISL,2529,7.5,2535.0
190460,2015,rapid,open,,90,Alekseev Evgeny,RUS,2698,7.5,2549.0
190460,2015,rapid,open,,91,Huzman Alexander,ISR,2585,7.0,2638.0
190460,2015,rapid,open,,92,Nikolic Predrag,BIH,2606,7.0,2623.0
190460,2015,rapid,open,,93,Kovalev Vladislav,BLR,2649,7.0,2622.0
190460,2015,rapid,open,,94,Zvjaginsev Vadim,RUS,2658,7.0,2601.0
190460,2015,rapid,open,,95,Anton Guijarro David,ESP,2576,7.0,2591.0
190460,2015,rapid,open,,96,Ganguly Surya Shekhar,IND,2633,7.0,2588.0
190460,2015,rapid,open,,97,Svane Rasmus,GER,2505,7.0,2573.0
190460,2015,rapid,open,,98,Romanov Evgeny,RUS,2569,7.0,2580.0
190460,2015,rapid,open,,99,Almasi Zoltan,HUN,2700,7.0,2569.0
190460,2015,rapid,open,,100,Bologan Viktor,MDA,2623,7.0,2552.0
190460,2015,rapid,open,,101,Ehlvest Jaan,USA,2520,7.0,2547.0
190460,2015,rapid,open,,102,Krnan Tomas,CAN,2449,7.0,2506.0
190460,2015,rapid,open,,103,Olafsson Helgi,ISL,2542,7.0,2502.0
190460,2015,rapid,open,,104,Hasangatin Ramil,RUS,2478,7.0,2482.0
190460,2015,rapid,open,,105,Van Wely Loek,NED,2639,7.0,2500.0
190460,2015,rapid,open,,106,Cuenca Jimenez Jose Fernando,ESP,2463,7.0,2459.0
190460,2015,rapid,open,,107,Carlstedt Jonathan,GER,2305,7.0,2446.0
190460,2015,rapid,open,,108,Dlugy Maxim,USA,2535,6.5,2580.0
190460,2015,rapid,open,,109,Shchekachev Andrei,FRA,2552,6.5,2578.0
190460,2015,rapid,open,,110,Kunin Vitaly,GER,2501,6.5,2571.0
190460,2015,rapid,open,,111,Bezold Michael,GER,2509,6.5,2557.0
190460,2015,rapid,open,,112,Hausrath Daniel,GER,2499,6.5,2547.0
190460,2015,rapid,open,,113,Wagner Dennis,GER,2459,6.5,2517.0
190460,2015,rapid,open,,114,Hirneise Tobias,GER,2453,6.5,2534.0
190460,2015,rapid,open,,115,Tari Aryan,NOR,2506,6.5,2514.0
190460,2015,rapid,open,,116,Maze Sebastien,FRA,2581,6.5,2495.0
190460,2015,rapid,open,,117,Morozevich Alexander,RUS,2717,6.5,2522.0
190460,2015,rapid,open,,118,Al-Sayed Mohammed,QAT,2518,6.5,2492.0
190460,2015,rapid,open,,119,Milanovic Danilo,SRB,2545,6.5,2481.0
190460,2015,rapid,open,,120,Handke Florian,GER,2530,6.5,2489.0
190460,2015,rapid,open,,121,Naumann Alexander,GER,2543,6.5,2492.0
190460,2015,rapid,open,,122,Seel Christian Dr.,GER,2474,6.5,2372.0
190460,2015,rapid,open,,123,Shabalov Alexander,USA,2519,6.0,2484.0
190460,2015,rapid,open,,124,Ladva Ottomar,EST,2466,6.0,2472.0
190460,2015,rapid,open,,125,Piorun Kacper,POL,2528,6.0,2476.0
190460,2015,rapid,open,,126,Stefansson Hannes,ISL,2510,6.0,2487.0
190460,2015,rapid,open,,127,Guliyev Namig,AZE,2581,6.0,2478.0
190460,2015,rapid,open,,128,Munoz Pantoja Miguel,ESP,2513,6.0,2453.0
190460,2015,rapid,open,,129,Schneider Ilja,GER,2493,6.0,2433.0
190460,2015,rapid,open,,130,Papin Vasily,RUS,2521,6.0,2433.0
190460,2015,rapid,open,,131,Valdes Romero Leonardo,CRC,2377,6.0,2445.0
190460,2015,rapid,open,,132,Polzin Rainer,GER,2416,6.0,2424.0
190460,2015,rapid,open,,133,Meister Jakob,GER,2437,6.0,2424.0
190460,2015,rapid,open,,134,Godena Michele,ITA,2536,6.0,2425.0
190460,2015,rapid,open,,135,Abel Dennes,GER,2441,6.0,2401.0
190460,2015,rapid,open,,136,Choukri Adel,MAR,2267,6.0,2393.0
190460,2015,rapid,open,,137,Rasmussen Allan Stig,DEN,2551,6.0,2389.0
190460,2015,rapid,open,,138,Stern Rene,GER,2539,5.5,2482.0
190460,2015,rapid,open,,139,Przybylski Wojciech,POL,2409,5.5,2466.0
190460,2015,rapid,open,,140,Pavlovic Milos,SRB,2544,5.5,2395.0
190460,2015,rapid,open,,141,Carow Johannes,GER,2430,5.5,2374.0
190460,2015,rapid,open,,142,Ben Artzi Ido,ISR,2245,5.5,2376.0
190460,2015,rapid,open,,143,Sanal Vahap,TUR,2469,5.5,2320.0
190460,2015,rapid,open,,144,Breutigam Martin,GER,2380,5.0,2394.0
190460,2015,rapid,open,,145,Carstensen Jacob,DEN,2335,5.0,2377.0
190460,2015,rapid,open,,146,Berend Elvira,LUX,2327,5.0,2364.0
190460,2015,rapid,open,,147,Richter Michael,GER,2513,5.0,2312.0
190460,2015,rapid,open,,148,Gutov Andrey,RUS,2443,5.0,2293.0
190460,2015,rapid,open,,149,Cordeiro Marco Aurelio Zaror,BRA,2201,5.0,2267.0
190460,2015,rapid,open,,150,Camacho Collados Jose,KOR,2338,5.0,2257.0
190460,2015,rapid,open,,151,Bruedigam Martin,GER,2379,4.5,2366.0
190460,2015,rapid,open,,152,Lagunow Raphael,GER,2164,4.5,2268.0
190460,2015,rapid,open,,153,Petursson Margeir,ISL,2454,4.5,2206.0
190460,2015,rapid,open,,154,Thiede Lars,GER,2446,4.5,2204.0
190460,2015,rapid,open,,155,Thornton Giovanni Antonio,NZL,2121,4.0,2246.0
190460,2015,rapid,open,,156,Osmanodja Filiz,GER,2206,4.0,2163.0
190460,2015,rapid,open,,157,Hilverda Alexander,GER,2384,3.5,2138.0
190460,2015,rapid,open,,158,Zepeda Lorena,ESA,2095,3.0,2100.0
190790,2015,blitz,open,,1,Grischuk Alexander,RUS,2814,15.5,2876.0
190790,2015,blitz,open,,2,Vachier-Lagrave Maxime,FRA,2854,15.0,2877.0
190790,2015,blitz,open,,3,Kramnik Vladimir,RUS,2763,15.0,2856.0
190790,2015,blitz,open,,4,Ivanchuk Vassily,UKR,2789,14.5,2827.0
190790,2015,blitz,open,,5,Nepomniachtchi Ian,RUS,2831,14.5,2775.0
190790,2015,blitz,open,,6,Carlsen Magnus,NOR,2914,14.0,2837.0
190790,2015,blitz,open,,7,Svidler Peter,RUS,2726,14.0,2810.0
190790,2015,blitz,open,,8,Navara David,CZE,2806,14.0,2767.0
190790,2015,blitz,open,,9,Vovk Yuri,UKR,2566,13.5,2827.0
190790,2015,blitz,open,,10,Kasimdzhanov Rustam,UZB,2641,13.5,2810.0
190790,2015,blitz,open,,11,Aronian Levon,ARM,2817,13.5,2805.0
190790,2015,blitz,open,,12,Gelfand Boris,ISR,2743,13.5,2795.0
190790,2015,blitz,open,,13,Dominguez Perez Leinier,CUB,2717,13.5,2781.0
190790,2015,blitz,open,,14,Mamedov Rauf,AZE,2777,13.5,2757.0
190790,2015,blitz,open,,15,Mamedyarov Shakhriyar,AZE,2749,13.5,2744.0
190790,2015,blitz,open,,16,Ponkratov Pavel,RUS,2666,13.5,2694.0
190790,2015,blitz,open,,17,Karjakin Sergey,RUS,2759,13.0,2800.0
190790,2015,blitz,open,,18,Vitiugov Nikita,RUS,2655,13.0,2774.0
190790,2015,blitz,open,,19,Tomashevsky Evgeny,RUS,2694,13.0,2761.0
190790,2015,blitz,open,,20,Korobov Anton,UKR,2705,13.0,2744.0
190790,2015,blitz,open,,21,Andreikin Dmitry,RUS,2781,13.0,2734.0
190790,2015,blitz,open,,22,Anand Viswanathan,IND,2791,13.0,2739.0
190790,2015,blitz,open,,23,Fressinet Laurent,FRA,2699,13.0,2727.0
190790,2015,blitz,open,,24,Fedoseev Vladimir,RUS,2765,13.0,2728.0
190790,2015,blitz,open,,25,Alekseev Evgeny,RUS,2729,13.0,2717.0
190790,2015,blitz,open,,26,Malakhov Vladimir,RUS,2707,13.0,2679.0
190790,2015,blitz,open,,27,Petrosian Tigran L.,ARM,2630,12.5,2798.0
190790,2015,blitz,open,,28,Radjabov Teimour,AZE,2808,12.5,2794.0
190790,2015,blitz,open,,29,Gajewski Grzegorz,POL,2520,12.5,2773.0
190790,2015,blitz,open,,30,Swiercz Dariusz,POL,2555,12.5,2718.0
190790,2015,blitz,open,,31,Melkumyan Hrant,ARM,2701,12.5,2728.0
190790,2015,blitz,open,,32,Onischuk Vladimir,UKR,2743,12.5,2717.0
190790,2015,blitz,open,,33,Jones Gawain C B,ENG,2690,12.5,2712.0
190790,2015,blitz,open,,34,Dreev Aleksey,RUS,2741,12.5,2707.0
190790,2015,blitz,open,,35,Ponomariov Ruslan,UKR,2770,12.5,2696.0
190790,2015,blitz,open,,36,Iturrizaga Bonelli Eduardo,VEN,2700,12.5,2697.0
190790,2015,blitz,open,,37,Kovalenko Igor,LAT,2684,12.5,2684.0
190790,2015,blitz,open,,38,Munoz Pantoja Miguel,ESP,2621,12.5,2653.0
190790,2015,blitz,open,,39,Socko Bartosz,POL,2616,12.0,2774.0
190790,2015,blitz,open,,40,Dubov Daniil,RUS,2642,12.0,2763.0
190790,2015,blitz,open,,41,Kravtsiv Martyn,UKR,2640,12.0,2756.0
190790,2015,blitz,open,,42,Perunovic Milos,SRB,2623,12.0,2737.0
190790,2015,blitz,open,,43,Khairullin Ildar,RUS,2599,12.0,2709.0
190790,2015,blitz,open,,44,Safarli Eltaj,AZE,2633,12.0,2706.0
190790,2015,blitz,open,,45,Ivanisevic Ivan,SRB,2615,12.0,2688.0
190790,2015,blitz,open,,46,Movsesian Sergei,ARM,2657,12.0,2680.0
190790,2015,blitz,open,,47,Guseinov Gadir,AZE,2688,12.0,2681.0
190790,2015,blitz,open,,48,Bogdanovich Stanislav,UKR,2804,12.0,2654.0
190790,2015,blitz,open,,49,Harikrishna Pentala,IND,2680,12.0,2643.0
190790,2015,blitz,open,,50,Ragger Markus,AUT,2656,12.0,2639.0
190790,2015,blitz,open,,51,Sasikiran Krishnan,IND,2627,11.5,2687.0
190790,2015,blitz,open,,52,Borisek Jure,SLO,2583,11.5,2666.0
190790,2015,blitz,open,,53,Eljanov Pavel,UKR,2680,11.5,2679.0
190790,2015,blitz,open,,54,Riazantsev Alexander,RUS,2658,11.5,2673.0
190790,2015,blitz,open,,55,Wojtaszek Radoslaw,POL,2682,11.5,2668.0
190790,2015,blitz,open,,56,Nguyen Ngoc Truong Son,VIE,2677,11.5,2668.0
190790,2015,blitz,open,,57,Leko Peter,HUN,2736,11.5,2667.0
190790,2015,blitz,open,,58,Morozevich Alexander,RUS,2743,11.5,2663.0
190790,2015,blitz,open,,59,Anton Guijarro David,ESP,2651,11.5,2648.0
190790,2015,blitz,open,,60,Cheparinov Ivan,BUL,2688,11.5,2654.0
190790,2015,blitz,open,,61,Bruzon Batista Lazaro,CUB,2700,11.5,2645.0
190790,2015,blitz,open,,62,Edouard Romain,FRA,2684,11.5,2643.0
190790,2015,blitz,open,,63,Bachmann Axel,PAR,2633,11.5,2634.0
190790,2015,blitz,open,,64,Khismatullin Denis,RUS,2562,11.5,2624.0
190790,2015,blitz,open,,65,Jumabayev Rinat,KAZ,2652,11.5,2631.0
190790,2015,blitz,open,,66,Matlakov Maxim,RUS,2710,11.5,2624.0
190790,2015,blitz,open,,67,Belov Vladimir,RUS,2614,11.5,2616.0
190790,2015,blitz,open,,68,Meier Georg,GER,2723,11.5,2617.0
190790,2015,blitz,open,,69,Roiz Michael,ISR,2614,11.5,2595.0
190790,2015,blitz,open,,70,Savchenko Boris,RUS,2728,11.5,2591.0
190790,2015,blitz,open,,71,Bauer Christian,FRA,2670,11.5,2586.0
190790,2015,blitz,open,,72,Bacrot Etienne,FRA,2652,11.5,2594.0
190790,2015,blitz,open,,73,Moiseenko Alexander,UKR,2607,11.0,2681.0
190790,2015,blitz,open,,74,Ghaem Maghami Ehsan,IRI,2689,11.0,2679.0
190790,2015,blitz,open,,75,Bocharov Dmitry,RUS,2679,11.0,2671.0
190790,2015,blitz,open,,76,Duda Jan-Krzysztof,POL,2675,11.0,2674.0
190790,2015,blitz,open,,77,Ganguly Surya Shekhar,IND,2516,11.0,2676.0
190790,2015,blitz,open,,78,Fridman Daniel,GER,2589,11.0,2659.0
190790,2015,blitz,open,,79,Hausrath Daniel,GER,2499,11.0,2670.0
190790,2015,blitz,open,,80,Pavlidis Antonios,GRE,2519,11.0,2682.0
190790,2015,blitz,open,,81,Bluebaum Matthias,GER,2562,11.0,2644.0
190790,2015,blitz,open,,82,Al-Sayed Mohammed,QAT,2525,11.0,2653.0
190790,2015,blitz,open,,83,Demuth Adrien,FRA,2478,11.0,2641.0
190790,2015,blitz,open,,84,Hansen Eric,CAN,2562,11.0,2614.0
190790,2015,blitz,open,,85,Piorun Kacper,POL,2501,11.0,2609.0
190790,2015,blitz,open,,86,Lenic Luka,SLO,2637,11.0,2598.0
190790,2015,blitz,open,,87,Rublevsky Sergei,RUS,2682,11.0,2600.0
190790,2015,blitz,open,,88,Grandelius Nils,SWE,2628,11.0,2563.0
190790,2015,blitz,open,,89,Vidit Santosh Gujrathi,IND,2585,11.0,2526.0
190790,2015,blitz,open,,90,Zhigalko Sergei,BLR,2635,10.5,2692.0
190790,2015,blitz,open,,91,Vallejo Pons Francisco,ESP,2634,10.5,2691.0
190790,2015,blitz,open,,92,Bologan Viktor,MDA,2605,10.5,2635.0
190790,2015,blitz,open,,93,Akopian Vladimir,ARM,2654,10.5,2633.0
190790,2015,blitz,open,,94,Bezold Michael,GER,2509,10.5,2604.0
190790,2015,blitz,open,,95,Adhiban Baskaran,IND,2607,10.5,2596.0
190790,2015,blitz,open,,96,Heimann Andreas,GER,2548,10.5,2576.0
190790,2015,blitz,open,,97,Postny Evgeny,ISR,2601,10.5,2578.0
190790,2015,blitz,open,,98,Teske Henrik,GER,2455,10.5,2581.0
190790,2015,blitz,open,,99,Papin Vasily,RUS,2563,10.5,2551.0
190790,2015,blitz,open,,100,Lagarde Maxime,FRA,2575,10.5,2534.0
190790,2015,blitz,open,,101,Bok Benjamin,NED,2635,10.5,2526.0
190790,2015,blitz,open,,102,Schneider Ilja,GER,2591,10.0,2618.0
190790,2015,blitz,open,,103,Lagno Kateryna,RUS,2574,10.0,2612.0
190790,2015,blitz,open,,104,Zhang Zhong,SGP,2635,10.0,2617.0
190790,2015,blitz,open,,105,Bindrich Falko,GER,2562,10.0,2588.0
190790,2015,blitz,open,,106,Inarkiev Ernesto,RUS,2609,10.0,2586.0
190790,2015,blitz,open,,107,Antipov Mikhail Al.,RUS,2499,10.0,2587.0
190790,2015,blitz,open,,108,Grigoriants Sergey,RUS,2595,10.0,2594.0
190790,2015,blitz,open,,109,Kryvoruchko Yuriy,UKR,2610,10.0,2583.0
190790,2015,blitz,open,,110,Shabalov Alexander,USA,2544,10.0,2582.0
190790,2015,blitz,open,,111,Kunin Vitaly,GER,2506,10.0,2575.0
190790,2015,blitz,open,,112,Van Foreest Jorden,NED,2354,10.0,2572.0
190790,2015,blitz,open,,113,Handke Florian,GER,2530,10.0,2549.0
190790,2015,blitz,open,,114,Salem A.R. Saleh,UAE,2720,10.0,2558.0
190790,2015,blitz,open,,115,Guliyev Namig,AZE,2512,10.0,2538.0
190790,2015,blitz,open,,116,Hjartarson Johann,ISL,2632,10.0,2520.0
190790,2015,blitz,open,,117,Polzin Rainer,GER,2409,10.0,2517.0
190790,2015,blitz,open,,118,Rakhmanov Aleksandr,RUS,2702,10.0,2519.0
190790,2015,blitz,open,,119,Nikolic Predrag,BIH,2606,10.0,2511.0
190790,2015,blitz,open,,120,Godena Michele,ITA,2547,10.0,2494.0
190790,2015,blitz,open,,121,Romanov Evgeny,RUS,2639,10.0,2492.0
190790,2015,blitz,open,,122,Stefansson Hannes,ISL,2619,10.0,2450.0
190790,2015,blitz,open,,123,Bartel Mateusz,POL,2636,9.5,2624.0
190790,2015,blitz,open,,124,Svane Rasmus,GER,2517,9.5,2591.0
190790,2015,blitz,open,,125,Abel Dennes,GER,2478,9.5,2597.0
190790,2015,blitz,open,,126,Zvjaginsev Vadim,RUS,2659,9.5,2570.0
190790,2015,blitz,open,,127,Riff Jean-Noel,FRA,2497,9.5,2561.0
190790,2015,blitz,open,,128,Sethuraman S.P.,IND,2550,9.5,2556.0
190790,2015,blitz,open,,129,Wagner Dennis,GER,2415,9.5,2574.0
190790,2015,blitz,open,,130,Volokitin Andrei,UKR,2622,9.5,2562.0
190790,2015,blitz,open,,131,Huzman Alexander,ISR,2580,9.5,2551.0
190790,2015,blitz,open,,132,Kovalev Vladislav,BLR,2510,9.5,2536.0
190790,2015,blitz,open,,133,Ladva Ottomar,EST,2392,9.5,2542.0
190790,2015,blitz,open,,134,Ehlvest Jaan,USA,2558,9.5,2529.0
190790,2015,blitz,open,,135,Milanovic Danilo,SRB,2556,9.5,2516.0
190790,2015,blitz,open,,136,Pham Le Thao Nguyen,VIE,2361,9.5,2518.0
190790,2015,blitz,open,,137,Maze Sebastien,FRA,2550,9.5,2477.0
190790,2015,blitz,open,,138,Dlugy Maxim,USA,2676,9.5,2489.0
190790,2015,blitz,open,,139,Halkias Stelios,GRE,2580,9.5,2497.0
190790,2015,blitz,open,,140,Fedorchuk Sergey A.,UKR,2612,9.5,2394.0
190790,2015,blitz,open,,141,Donchenko Alexander,GER,2503,9.0,2551.0
190790,2015,blitz,open,,142,Hirneise Tobias,GER,2464,9.0,2558.0
190790,2015,blitz,open,,143,Motylev Alexander,RUS,2594,9.0,2522.0
190790,2015,blitz,open,,144,Agdestein Simen,NOR,2575,9.0,2485.0
190790,2015,blitz,open,,145,Schmaltz Roland,GER,2538,9.0,2468.0
190790,2015,blitz,open,,146,Seirawan Yasser,USA,2598,9.0,2460.0
190790,2015,blitz,open,,147,Choukri Adel,MAR,2207,9.0,2457.0
190790,2015,blitz,open,,148,Van Wely Loek,NED,2669,9.0,2456.0
190790,2015,blitz,open,,149,Rabiega Robert,GER,2504,9.0,2442.0
190790,2015,blitz,open,,150,Sumets Andrey,UKR,2644,9.0,2428.0
190790,2015,blitz,open,,151,Nielsen Peter Heine,DEN,2572,9.0,2427.0
190790,2015,blitz,open,,152,Seel Christian Dr.,GER,2512,9.0,2404.0
190790,2015,blitz,open,,153,Mikhalevski Victor,ISR,2538,8.5,2517.0
190790,2015,blitz,open,,154,Shchekachev Andrei,FRA,2540,8.5,2498.0
190790,2015,blitz,open,,155,Ernst Sipke,NED,2470,8.5,2493.0
190790,2015,blitz,open,,156,Tari Aryan,NOR,2345,8.5,2484.0
190790,2015,blitz,open,,157,Sanal Vahap,TUR,2542,8.5,2476.0
190790,2015,blitz,open,,158,Kulon Klaudia,POL,2286,8.5,2416.0
190790,2015,blitz,open,,159,Richter Michael,GER,2513,8.5,2409.0
190790,2015,blitz,open,,160,Olafsson Helgi,ISL,2537,8.5,2408.0
190790,2015,blitz,open,,161,Petursson Margeir,ISL,2525,8.5,2397.0
190790,2015,blitz,open,,162,Ben Artzi Ido,ISR,2330,8.5,2380.0
190790,2015,blitz,open,,163,Pavlovic Milos,SRB,2485,8.5,2369.0
190790,2015,blitz,open,,164,Naumann Alexander,GER,2543,8.0,2464.0
190790,2015,blitz,open,,165,Hasangatin Ramil,RUS,2509,8.0,2463.0
190790,2015,blitz,open,,166,Carlstedt Jonathan,GER,2323,8.0,2447.0
190790,2015,blitz,open,,167,Vogel Roven,GER,2263,8.0,2421.0
190790,2015,blitz,open,,168,Agrest Evgenij,SWE,2596,8.0,2398.0
190790,2015,blitz,open,,169,Valdes Romero Leonardo,CRC,2500,8.0,2366.0
190790,2015,blitz,open,,170,Berend Elvira,LUX,2370,8.0,2365.0
190790,2015,blitz,open,,171,Przybylski Wojciech,POL,2474,8.0,2360.0
190790,2015,blitz,open,,172,Lagunow Raphael,GER,2233,8.0,2353.0
190790,2015,blitz,open,,173,Carstensen Jacob,DEN,2335,8.0,2346.0
190790,2015,blitz,open,,174,Hovhannisyan Mher,BEL,2509,8.0,2314.0
190790,2015,blitz,open,,175,Carow Johannes,GER,2417,7.5,2442.0
190790,2015,blitz,open,,176,Stern Rene,GER,2539,7.5,2433.0
190790,2015,blitz,open,,177,Krnan Tomas,CAN,2424,7.5,2426.0
190790,2015,blitz,open,,178,Rasmussen Allan Stig,DEN,2576,7.5,2321.0
190790,2015,blitz,open,,179,Thiede Lars,GER,2441,7.5,2310.0
190790,2015,blitz,open,,180,Sawlin Leonid,GER,2258,7.0,2317.0
190790,2015,blitz,open,,181,Camacho Collados Jose,KOR,2315,7.0,2301.0
190790,2015,blitz,open,,182,Wendt Jan-Dietrich,GER,2332,6.5,2292.0
190790,2015,blitz,open,,183,Hilverda Alexander,GER,2396,6.5,2268.0
190790,2015,blitz,open,,184,Bruedigam Martin,GER,2282,6.0,2311.0
190790,2015,blitz,open,,185,Cordeiro Marco Aurelio Zaror,BRA,2208,5.0,2212.0
190790,2015,blitz,open,,186,Thornton Giovanni Antonio,NZL,2191,5.0,2168.0
190790,2015,blitz,open,,187,Koehler Gerhard Dr.,GER,2178,4.5,2139.0
190790,2015,blitz,open,,188,Zepeda Lorena,ESA,2108,3.0,2056.0
255851,2016,blitz,open,,1,Karjakin Sergey,RUS,2800,16.5,2963.0
255851,2016,blitz,open,,2,Carlsen Magnus,NOR,2873,16.5,2959.0
255851,2016,blitz,open,,3,Dubov Daniil,RUS,2724,14.5,2865.0
255851,2016,blitz,open,,4,Nakamura Hikaru,USA,2842,14.5,2853.0
255851,2016,blitz,open,,5,Grischuk Alexander,RUS,2761,14.5,2852.0
255851,2016,blitz,open,,6,Vachier-Lagrave Maxime,FRA,2823,14.0,2820.0
255851,2016,blitz,open,,7,Dominguez Perez Leinier,CUB,2783,13.0,2806.0
255851,2016,blitz,open,,8,Korobov Anton,UKR,2666,13.0,2784.0
255851,2016,blitz,open,,9,Ivanchuk Vassily,UKR,2754,13.0,2776.0
255851,2016,blitz,open,,10,Anand Viswanathan,IND,2754,13.0,2773.0
255851,2016,blitz,open,,11,Leko Peter,HUN,2697,13.0,2755.0
255851,2016,blitz,open,,12,Nepomniachtchi Ian,RUS,2830,13.0,2758.0
255851,2016,blitz,open,,13,Salem A.R. Saleh,UAE,2636,12.5,2823.0
255851,2016,blitz,open,,14,Wei Yi,CHN,2636,12.5,2778.0
255851,2016,blitz,open,,15,Jobava Baadur,GEO,2752,12.5,2764.0
255851,2016,blitz,open,,16,Yu Yangyi,CHN,2712,12.5,2752.0
255851,2016,blitz,open,,17,Riazantsev Alexander,RUS,2678,12.5,2723.0
255851,2016,blitz,open,,18,Onischuk Vladimir,UKR,2740,12.5,2694.0
255851,2016,blitz,open,,19,Wojtaszek Radoslaw,POL,2666,12.0,2751.0
255851,2016,blitz,open,,20,Bu Xiangzhi,CHN,2613,12.0,2743.0
255851,2016,blitz,open,,21,Matlakov Maxim,RUS,2668,12.0,2730.0
255851,2016,blitz,open,,22,Radjabov Teimour,AZE,2800,12.0,2713.0
255851,2016,blitz,open,,23,Mamedyarov Shakhriyar,AZE,2813,12.0,2715.0
255851,2016,blitz,open,,24,Artemiev Vladislav,RUS,2847,12.0,2710.0
255851,2016,blitz,open,,25,Mchedlishvili Mikheil,GEO,2509,12.0,2705.0
255851,2016,blitz,open,,26,Li Chao B,CHN,2632,12.0,2688.0
255851,2016,blitz,open,,27,Naiditsch Arkadij,AZE,2647,12.0,2687.0
255851,2016,blitz,open,,28,Aronian Levon,ARM,2830,12.0,2675.0
255851,2016,blitz,open,,29,Mamedov Rauf,AZE,2770,12.0,2672.0
255851,2016,blitz,open,,30,Morozevich Alexander,RUS,2684,11.5,2750.0
255851,2016,blitz,open,,31,Bok Benjamin,NED,2630,11.5,2691.0
255851,2016,blitz,open,,32,Khusnutdinov Rustam,KAZ,2624,11.5,2671.0
255851,2016,blitz,open,,33,Cheparinov Ivan,BUL,2661,11.5,2681.0
255851,2016,blitz,open,,34,Inarkiev Ernesto,RUS,2605,11.5,2668.0
255851,2016,blitz,open,,35,Melkumyan Hrant,ARM,2712,11.5,2665.0
255851,2016,blitz,open,,36,Vallejo Pons Francisco,ESP,2648,11.5,2649.0
255851,2016,blitz,open,,37,Nguyen Ngoc Truong Son,VIE,2648,11.5,2634.0
255851,2016,blitz,open,,38,Tomashevsky Evgeny,RUS,2756,11.5,2627.0
255851,2016,blitz,open,,39,Vitiugov Nikita,RUS,2682,11.5,2624.0
255851,2016,blitz,open,,40,Maghsoodloo Parham,IRI,2585,11.5,2561.0
255851,2016,blitz,open,,41,Ganguly Surya Shekhar,IND,2546,11.0,2716.0
255851,2016,blitz,open,,42,Bosiocic Marin,CRO,2659,11.0,2702.0
255851,2016,blitz,open,,43,Adly Ahmed,EGY,2733,11.0,2661.0
255851,2016,blitz,open,,44,Malakhov Vladimir,RUS,2672,11.0,2639.0
255851,2016,blitz,open,,45,Lu Shanglei,CHN,2713,11.0,2611.0
255851,2016,blitz,open,,46,Lalith Babu M R,IND,2585,11.0,2595.0
255851,2016,blitz,open,,47,Grandelius Nils,SWE,2602,11.0,2590.0
255851,2016,blitz,open,,48,Fressinet Laurent,FRA,2628,11.0,2587.0
255851,2016,blitz,open,,49,Ghaem Maghami Ehsan,IRI,2586,11.0,2587.0
255851,2016,blitz,open,,50,Anton Guijarro David,ESP,2600,11.0,2568.0
255851,2016,blitz,open,,51,Banikas Hristos,GRE,2645,11.0,2564.0
255851,2016,blitz,open,,52,Dreev Aleksey,RUS,2563,10.5,2702.0
255851,2016,blitz,open,,53,Vidit Santosh Gujrathi,IND,2562,10.5,2645.0
255851,2016,blitz,open,,54,Firouzja Alireza,IRI,2474,10.5,2645.0
255851,2016,blitz,open,,55,Volokitin Andrei,UKR,2605,10.5,2624.0
255851,2016,blitz,open,,56,Pichot Alan,ARG,2614,10.5,2618.0
255851,2016,blitz,open,,57,Pantsulaia Levan,GEO,2607,10.5,2582.0
255851,2016,blitz,open,,58,Zhigalko Sergei,BLR,2699,10.5,2574.0
255851,2016,blitz,open,,59,Christiansen Johan-Sebastian,NOR,2520,10.5,2538.0
255851,2016,blitz,open,,60,Zhang Zhong,SGP,2623,10.5,2445.0
255851,2016,blitz,open,,61,Najer Evgeniy,RUS,2586,10.0,2650.0
255851,2016,blitz,open,,62,Bologan Victor,MDA,2584,10.0,2628.0
255851,2016,blitz,open,,63,Bortnyk Olexandr,UKR,2741,10.0,2622.0
255851,2016,blitz,open,,64,Mareco Sandro,ARG,2625,10.0,2591.0
255851,2016,blitz,open,,65,Amonatov Farrukh,TJK,2759,10.0,2573.0
255851,2016,blitz,open,,66,Flores Diego,ARG,2597,10.0,2564.0
255851,2016,blitz,open,,67,Bindrich Falko,GER,2587,10.0,2549.0
255851,2016,blitz,open,,68,Moiseenko Alexander,UKR,2672,10.0,2543.0
255851,2016,blitz,open,,69,Jumabayev Rinat,KAZ,2610,10.0,2529.0
255851,2016,blitz,open,,70,Al-Sayed Mohammed,QAT,2596,10.0,2524.0
255851,2016,blitz,open,,71,Borisek Jure,SLO,2632,10.0,2509.0
255851,2016,blitz,open,,72,Belyakov Bogdan,RUS,2458,9.5,2588.0
255851,2016,blitz,open,,73,Salinas Herrera Pablo,CHI,2515,9.5,2586.0
255851,2016,blitz,open,,74,Adhiban B.,IND,2583,9.5,2581.0
255851,2016,blitz,open,,75,Jakovenko Dmitry,RUS,2623,9.5,2557.0
255851,2016,blitz,open,,76,Tari Aryan,NOR,2522,9.5,2566.0
255851,2016,blitz,open,,77,Svane Rasmus,GER,2559,9.5,2544.0
255851,2016,blitz,open,,78,Potapov Pavel,RUS,2481,9.5,2534.0
255851,2016,blitz,open,,79,Perez Ponsa Federico,ARG,2535,9.5,2522.0
255851,2016,blitz,open,,80,Aleksandrov Aleksej,BLR,2549,9.5,2506.0
255851,2016,blitz,open,,81,Howell David W L,ENG,2649,9.5,2504.0
255851,2016,blitz,open,,82,Amin Bassem,EGY,2670,9.5,2497.0
255851,2016,blitz,open,,83,Atabayev Yusup,TKM,2470,9.5,2453.0
255851,2016,blitz,open,,84,Agdestein Simen,NOR,2500,9.0,2564.0
255851,2016,blitz,open,,85,Atabayev Maksat,TKM,2474,9.0,2549.0
255851,2016,blitz,open,,86,Quparadze Giga,GEO,2571,9.0,2537.0
255851,2016,blitz,open,,87,Debashis Das,IND,2430,9.0,2523.0
255851,2016,blitz,open,,88,Henriquez Villagra Cristobal,CHI,2503,9.0,2501.0
255851,2016,blitz,open,,89,Neelotpal Das,IND,2459,9.0,2481.0
255851,2016,blitz,open,,90,Kozul Zdenko,CRO,2649,9.0,2475.0
255851,2016,blitz,open,,91,Sanal Vahap,TUR,2466,9.0,2465.0
255851,2016,blitz,open,,92,Hirneise Tobias,GER,2515,9.0,2432.0
255851,2016,blitz,open,,93,Xu Yi,CHN,2373,9.0,2426.0
255851,2016,blitz,open,,94,Darini Pouria,IRI,2500,9.0,2415.0
255851,2016,blitz,open,,95,Hirneise Jens,GER,2428,9.0,2411.0
255851,2016,blitz,open,,96,Tregubov Pavel V.,RUS,2397,8.5,2525.0
255851,2016,blitz,open,,97,Halkias Stelios,GRE,2551,8.5,2473.0
255851,2016,blitz,open,,98,Gholami Aryan,IRI,2247,8.5,2442.0
255851,2016,blitz,open,,99,Quintiliano Pinto Renato R.,BRA,2405,8.5,2423.0
255851,2016,blitz,open,,100,Saeed Ishaq,UAE,2183,8.0,2367.0
255851,2016,blitz,open,,101,Venkatesh M.R.,IND,2522,8.0,2373.0
255851,2016,blitz,open,,102,Kayumov Sergey,UZB,2430,7.5,2356.0
255851,2016,blitz,open,,103,Shytaj Luca,ITA,2435,7.5,2328.0
255851,2016,blitz,open,,104,Gashimov Sarkhan,AZE,2364,7.0,2279.0
255851,2016,blitz,open,,105,Tissir Mohamed,MAR,2340,6.0,2259.0
255851,2016,blitz,open,,106,Stratonowitsch Andre,SEY,2138,4.5,2161.0
255851,2016,blitz,open,,107,Khayat Abdullah F,KSA,1738,2.0,1668.0
255851,2016,blitz,open,,108,Mohamed Ali Dima,DJI,,0.0,1600.0
323006,2017,rapid,open,,1,Anand Viswanathan,IND,2758,10.5,2874.0
323006,2017,rapid,open,,2,Fedoseev Vladimir,RUS,2771,10.5,2871.0
323006,2017,rapid,open,,3,Nepomniachtchi Ian,RUS,2780,10.5,2843.0
323006,2017,rapid,open,,4,Bu Xiangzhi,CHN,2654,10.0,2867.0
323006,2017,rapid,open,,5,Carlsen Magnus,NOR,2908,10.0,2823.0
323006,2017,rapid,open,,6,Grischuk Alexander,RUS,2813,10.0,2827.0
323006,2017,rapid,open,,7,Savchenko Boris,RUS,2685,10.0,2786.0
323006,2017,rapid,open,,8,Mamedov Rauf,AZE,2695,10.0,2753.0
323006,2017,rapid,open,,9,Guseinov Gadir,AZE,2714,10.0,2754.0
323006,2017,rapid,open,,10,Svidler Peter,RUS,2743,9.5,2805.0
323006,2017,rapid,open,,11,Wang Hao,CHN,2770,9.5,2814.0
323006,2017,rapid,open,,12,Yu Yangyi,CHN,2752,9.5,2778.0
323006,2017,rapid,open,,13,Artemiev Vladislav,RUS,2687,9.5,2754.0
323006,2017,rapid,open,,14,Onischuk Vladimir,UKR,2748,9.5,2757.0
323006,2017,rapid,open,,15,Ding Liren,CHN,2734,9.5,2748.0
323006,2017,rapid,open,,16,Harikrishna P.,IND,2687,9.5,2737.0
323006,2017,rapid,open,,17,Grigoriants Sergey,RUS,2572,9.5,2659.0
323006,2017,rapid,open,,18,Zhao Jun,CHN,2600,9.5,2618.0
323006,2017,rapid,open,,19,Pantsulaia Levan,GEO,2654,9.0,2806.0
323006,2017,rapid,open,,20,Saric Ivan,CRO,2597,9.0,2716.0
323006,2017,rapid,open,,21,Rakhmanov Aleksandr,RUS,2649,9.0,2728.0
323006,2017,rapid,open,,22,Alekseev Evgeny,RUS,2681,9.0,2730.0
323006,2017,rapid,open,,23,Mamedyarov Shakhriyar,AZE,2814,9.0,2747.0
323006,2017,rapid,open,,24,Safarli Eltaj,AZE,2694,9.0,2725.0
323006,2017,rapid,open,,25,Duda Jan-Krzysztof,POL,2678,9.0,2698.0
323006,2017,rapid,open,,26,Wang Yue,CHN,2702,9.0,2721.0
323006,2017,rapid,open,,27,Kokarev Dmitry,RUS,2668,9.0,2678.0
323006,2017,rapid,open,,28,Korobov Anton,UKR,2765,9.0,2708.0
323006,2017,rapid,open,,29,Aronian Levon,ARM,2819,9.0,2706.0
323006,2017,rapid,open,,30,Le Quang Liem,VIE,2750,9.0,2686.0
323006,2017,rapid,open,,31,Zhigalko Sergei,BLR,2707,9.0,2686.0
323006,2017,rapid,open,,32,Akobian Varuzhan,USA,2620,9.0,2647.0
323006,2017,rapid,open,,33,Anton Guijarro David,ESP,2732,9.0,2638.0
323006,2017,rapid,open,,34,Karjakin Sergey,RUS,2757,9.0,2653.0
323006,2017,rapid,open,,35,Dreev Aleksey,RUS,2659,8.5,2699.0
323006,2017,rapid,open,,36,Kravtsiv Martyn,UKR,2610,8.5,2760.0
323006,2017,rapid,open,,37,Kasimdzhanov Rustam,UZB,2679,8.5,2721.0
323006,2017,rapid,open,,38,Cheparinov Ivan,FID,2694,8.5,2701.0
323006,2017,rapid,open,,39,Rapport Richard,HUN,2748,8.5,2691.0
323006,2017,rapid,open,,40,Sjugirov Sanan,RUS,2729,8.5,2662.0
323006,2017,rapid,open,,41,Vachier-Lagrave Maxime,FRA,2839,8.5,2650.0
323006,2017,rapid,open,,42,Melkumyan Hrant,ARM,2696,8.5,2625.0
323006,2017,rapid,open,,43,Nguyen Ngoc Truong Son,VIE,2693,8.5,2611.0
323006,2017,rapid,open,,44,Jobava Baadur,GEO,2672,8.0,2675.0
323006,2017,rapid,open,,45,Fressinet Laurent,FRA,2612,8.0,2745.0
323006,2017,rapid,open,,46,Laznicka Viktor,CZE,2640,8.0,2773.0
323006,2017,rapid,open,,47,Quparadze Giga,GEO,2614,8.0,2686.0
323006,2017,rapid,open,,48,Ponkratov Pavel,RUS,2673,8.0,2694.0
323006,2017,rapid,open,,49,Moiseenko Alexander,UKR,2618,8.0,2705.0
323006,2017,rapid,open,,50,Leko Peter,HUN,2671,8.0,2677.0
323006,2017,rapid,open,,51,Sargissian Gabriel,ARM,2673,8.0,2664.0
323006,2017,rapid,open,,52,Demchenko Anton,RUS,2667,8.0,2646.0
323006,2017,rapid,open,,53,Almasi Zoltan,HUN,2638,8.0,2647.0
323006,2017,rapid,open,,54,Howell David W L,ENG,2626,8.0,2645.0
323006,2017,rapid,open,,55,Amonatov Farrukh,TJK,2708,8.0,2664.0
323006,2017,rapid,open,,56,Movsesian Sergei,ARM,2685,8.0,2642.0
323006,2017,rapid,open,,57,Volokitin Andrei,UKR,2666,8.0,2603.0
323006,2017,rapid,open,,58,Riazantsev Alexander,RUS,2719,8.0,2629.0
323006,2017,rapid,open,,59,Potkin Vladimir,RUS,2647,8.0,2603.0
323006,2017,rapid,open,,60,Ganguly Surya Shekhar,IND,2618,8.0,2597.0
323006,2017,rapid,open,,61,Vidit Santosh Gujrathi,IND,2676,8.0,2595.0
323006,2017,rapid,open,,62,Vallejo Pons Francisco,ESP,2638,8.0,2567.0
323006,2017,rapid,open,,63,Meier Georg,GER,2703,8.0,2583.0
323006,2017,rapid,open,,64,Kuzubov Yuriy,UKR,2662,7.5,2704.0
323006,2017,rapid,open,,65,Adhiban B.,IND,2659,7.5,2650.0
323006,2017,rapid,open,,66,Mchedlishvili Mikheil,GEO,2601,7.5,2710.0
323006,2017,rapid,open,,67,Esipenko Andrey,RUS,2438,7.5,2622.0
323006,2017,rapid,open,,68,Salem A.R. Saleh,UAE,2656,7.5,2626.0
323006,2017,rapid,open,,69,Kovalev Vladislav,BLR,2608,7.5,2661.0
323006,2017,rapid,open,,70,McShane Luke J,ENG,2697,7.5,2667.0
323006,2017,rapid,open,,71,Ponomariov Ruslan,UKR,2731,7.5,2637.0
323006,2017,rapid,open,,72,Bacrot Etienne,FRA,2706,7.5,2623.0
323006,2017,rapid,open,,73,Malakhatko Vadim,BEL,2551,7.5,2594.0
323006,2017,rapid,open,,74,Socko Bartosz,POL,2655,7.5,2550.0
323006,2017,rapid,open,,75,Fedorchuk Sergey A.,UKR,2695,7.5,2608.0
323006,2017,rapid,open,,76,Halkias Stelios,GRE,2575,7.5,2549.0
323006,2017,rapid,open,,77,Jumabayev Rinat,KAZ,2616,7.5,2569.0
323006,2017,rapid,open,,78,Malakhov Vladimir,RUS,2696,7.5,2570.0
323006,2017,rapid,open,,79,Khismatullin Denis,RUS,2688,7.5,2554.0
323006,2017,rapid,open,,80,Salgado Lopez Ivan,ESP,2665,7.5,2482.0
323006,2017,rapid,open,,81,Bosiocic Marin,CRO,2524,7.0,2660.0
323006,2017,rapid,open,,82,Eljanov Pavel,UKR,2619,7.0,2655.0
323006,2017,rapid,open,,83,Li Chao B,CHN,2663,7.0,2610.0
323006,2017,rapid,open,,84,Ni Hua,CHN,2663,7.0,2586.0
323006,2017,rapid,open,,85,Van Foreest Jorden,NED,2298,7.0,2626.0
323006,2017,rapid,open,,86,Petrosian Tigran L.,ARM,2715,7.0,2623.0
323006,2017,rapid,open,,87,Bortnyk Olexandr,UKR,2683,7.0,2581.0
323006,2017,rapid,open,,88,Miton Kamil,POL,2644,7.0,2559.0
323006,2017,rapid,open,,89,Amin Bassem,EGY,2670,7.0,2542.0
323006,2017,rapid,open,,90,Short Nigel D,ENG,2709,7.0,2566.0
323006,2017,rapid,open,,91,Andriasian Zaven,ARM,2615,7.0,2521.0
323006,2017,rapid,open,,92,Christiansen Johan-Sebastian,NOR,2381,7.0,2478.0
323006,2017,rapid,open,,93,Tregubov Pavel V.,RUS,2565,7.0,2437.0
323006,2017,rapid,open,,94,Ibrahimov Rasul,AZE,2518,7.0,2439.0
323006,2017,rapid,open,,95,Bocharov Dmitry,RUS,2678,6.5,2557.0
323006,2017,rapid,open,,96,Sethuraman S.P.,IND,2599,6.5,2552.0
323006,2017,rapid,open,,97,Kryvoruchko Yuriy,UKR,2740,6.5,2580.0
323006,2017,rapid,open,,98,Ivanchuk Vassily,UKR,2796,6.5,2552.0
323006,2017,rapid,open,,99,Georgiev Kiril,FID,2653,6.5,2540.0
323006,2017,rapid,open,,100,Dzhumagaliev Yan,RUS,2464,6.5,2478.0
323006,2017,rapid,open,,101,Naiditsch Arkadij,AZE,2634,6.5,2476.0
323006,2017,rapid,open,,102,Inarkiev Ernesto,RUS,2767,6.5,2466.0
323006,2017,rapid,open,,103,Minko Vladimir,RUS,2267,6.5,2442.0
323006,2017,rapid,open,,104,Al-Saffar Araz Basim Mohammed,IRQ,2368,6.5,2352.0
323006,2017,rapid,open,,105,Omar Noaman,UAE,2307,6.5,2320.0
323006,2017,rapid,open,,106,Al Jabri Mohammed Ali,SYR,1987,6.5,2309.0
323006,2017,rapid,open,,107,Saeed Ishaq,UAE,2314,6.5,2322.0
323006,2017,rapid,open,,108,Khenkin Igor,GER,2513,6.0,2382.0
323006,2017,rapid,open,,109,Dervishi Erald,ALB,2582,6.0,2384.0
323006,2017,rapid,open,,110,El Adnani Mokliss,MAR,2366,6.0,2291.0
323006,2017,rapid,open,,111,Al-Hajiri Bader,KUW,2119,6.0,2174.0
323006,2017,rapid,open,,112,Abdyjapar Asyl,KGZ,2454,6.0,2124.0
323006,2017,rapid,open,,113,Bukannan Ahmed A,KSA,1867,6.0,2071.0
323006,2017,rapid,open,,114,Miswadah Baha,PLE,1848,6.0,1957.0
323006,2017,rapid,open,,115,Sanal Vahap,TUR,2499,5.5,2441.0
323006,2017,rapid,open,,116,Lodhi Mahmood,PAK,2302,5.5,2416.0
323006,2017,rapid,open,,117,Dobrov Vladimir,RUS,2497,5.5,2305.0
323006,2017,rapid,open,,118,Tissir Mohamed,MAR,2366,5.5,2328.0
323006,2017,rapid,open,,119,Khader Sami,JOR,2360,5.5,2302.0
323006,2017,rapid,open,,120,Al Ghamdi Ahmed M,KSA,2097,5.5,2164.0
323006,2017,rapid,open,,121,Amer Said Salim Al Maashani,OMA,2125,5.5,2179.0
323006,2017,rapid,open,,122,Al Saidi Mohammed Khalfan,OMA,1573,5.5,2161.0
323006,2017,rapid,open,,123,Masrahi Abdulrahman A,KSA,1854,5.5,2072.0
323006,2017,rapid,open,,124,Al Habeeb Emad,KSA,1945,5.5,1934.0
323006,2017,rapid,open,,125,Salama Taher,PLE,1769,5.5,1881.0
323006,2017,rapid,open,,126,Lam Daniel King-Wai,HKG,2140,5.0,2118.0
323006,2017,rapid,open,,127,Al Abdali Zeyad Saleh,KSA,1703,5.0,1886.0
323006,2017,rapid,open,,128,Alem Ali Hussien,KSA,1720,5.0,1816.0
323006,2017,rapid,open,,129,Alanazy Mohammed,KSA,1700,4.5,1856.0
323006,2017,rapid,open,,130,Al Zamel Khaled,KSA,2016,4.5,1809.0
323006,2017,rapid,open,,131,Al Mahmood Salman,BRN,1412,3.5,1751.0
323006,2017,rapid,open,,132,Al Omary Ahmed,KSA,1873,3.0,1673.0
323006,2017,rapid,open,,133,Al Juhani Bakr,KSA,1659,3.0,1669.0
323006,2017,rapid,open,,134,Al Bargi Hassan M.,KSA,1579,1.5,1564.0
323557,2017,blitz,open,,1,Carlsen Magnus,NOR,2986,16.0,2924.0
323557,2017,blitz,open,,2,Karjakin Sergey,RUS,2854,14.5,2873.0
323557,2017,blitz,open,,3,Anand Viswanathan,IND,2736,14.5,2844.0
323557,2017,blitz,open,,4,Wang Hao,CHN,2737,14.0,2832.0
323557,2017,blitz,open,,5,Aronian Levon,ARM,2863,14.0,2794.0
323557,2017,blitz,open,,6,Ding Liren,CHN,2837,13.5,2812.0
323557,2017,blitz,open,,7,Petrosian Tigran L.,ARM,2705,13.5,2803.0
323557,2017,blitz,open,,8,Yu Yangyi,CHN,2701,13.5,2803.0
323557,2017,blitz,open,,9,Korobov Anton,UKR,2760,13.5,2799.0
323557,2017,blitz,open,,10,Mamedyarov Shakhriyar,AZE,2770,13.5,2783.0
323557,2017,blitz,open,,11,Svidler Peter,RUS,2797,13.5,2784.0
323557,2017,blitz,open,,12,Vachier-Lagrave Maxime,FRA,2853,13.0,2822.0
323557,2017,blitz,open,,13,Grischuk Alexander,RUS,2725,13.0,2767.0
323557,2017,blitz,open,,14,Savchenko Boris,RUS,2619,13.0,2731.0
323557,2017,blitz,open,,15,Melkumyan Hrant,ARM,2686,13.0,2727.0
323557,2017,blitz,open,,16,Le Quang Liem,VIE,2771,13.0,2731.0
323557,2017,blitz,open,,17,Mamedov Rauf,AZE,2755,13.0,2701.0
323557,2017,blitz,open,,18,Adly Ahmed,EGY,2678,13.0,2672.0
323557,2017,blitz,open,,19,Dreev Aleksey,RUS,2640,12.5,2751.0
323557,2017,blitz,open,,20,Amin Bassem,EGY,2655,12.5,2750.0
323557,2017,blitz,open,,21,Nepomniachtchi Ian,RUS,2810,12.5,2751.0
323557,2017,blitz,open,,22,Vidit Santosh Gujrathi,IND,2651,12.5,2740.0
323557,2017,blitz,open,,23,Artemiev Vladislav,RUS,2798,12.5,2734.0
323557,2017,blitz,open,,24,Leko Peter,HUN,2790,12.5,2713.0
323557,2017,blitz,open,,25,Harikrishna P.,IND,2759,12.5,2715.0
323557,2017,blitz,open,,26,Li Chao B,CHN,2668,12.5,2697.0
323557,2017,blitz,open,,27,Bu Xiangzhi,CHN,2688,12.5,2655.0
323557,2017,blitz,open,,28,Wang Yue,CHN,2686,12.5,2649.0
323557,2017,blitz,open,,29,Pantsulaia Levan,GEO,2679,12.5,2635.0
323557,2017,blitz,open,,30,Jobava Baadur,GEO,2585,12.0,2778.0
323557,2017,blitz,open,,31,Rapport Richard,HUN,2600,12.0,2767.0
323557,2017,blitz,open,,32,Sjugirov Sanan,RUS,2645,12.0,2739.0
323557,2017,blitz,open,,33,Fedoseev Vladimir,RUS,2629,12.0,2720.0
323557,2017,blitz,open,,34,Bacrot Etienne,FRA,2621,12.0,2707.0
323557,2017,blitz,open,,35,Zhigalko Sergei,BLR,2586,12.0,2721.0
323557,2017,blitz,open,,36,Bortnyk Olexandr,UKR,2677,12.0,2717.0
323557,2017,blitz,open,,37,Quparadze Giga,GEO,2654,12.0,2688.0
323557,2017,blitz,open,,38,Salem A.R. Saleh,UAE,2757,12.0,2688.0
323557,2017,blitz,open,,39,Laznicka Viktor,CZE,2681,12.0,2637.0
323557,2017,blitz,open,,40,Ponomariov Ruslan,UKR,2711,12.0,2608.0
323557,2017,blitz,open,,41,Esipenko Andrey,RUS,2581,11.5,2765.0
323557,2017,blitz,open,,42,Fressinet Laurent,FRA,2608,11.5,2743.0
323557,2017,blitz,open,,43,Andriasian Zaven,ARM,2755,11.5,2700.0
323557,2017,blitz,open,,44,Rakhmanov Aleksandr,RUS,2558,11.5,2645.0
323557,2017,blitz,open,,45,Vallejo Pons Francisco,ESP,2662,11.5,2663.0
323557,2017,blitz,open,,46,Akobian Varuzhan,USA,2655,11.5,2641.0
323557,2017,blitz,open,,47,Kasimdzhanov Rustam,UZB,2750,11.5,2648.0
323557,2017,blitz,open,,48,Saric Ivan,CRO,2674,11.5,2588.0
323557,2017,blitz,open,,49,Volokitin Andrei,UKR,2618,11.5,2546.0
323557,2017,blitz,open,,50,Amonatov Farrukh,TJK,2628,11.0,2701.0
323557,2017,blitz,open,,51,Kryvoruchko Yuriy,UKR,2596,11.0,2717.0
323557,2017,blitz,open,,52,Onischuk Vladimir,UKR,2607,11.0,2699.0
323557,2017,blitz,open,,53,Howell David W L,ENG,2571,11.0,2687.0
323557,2017,blitz,open,,54,Kravtsiv Martyn,UKR,2692,11.0,2670.0
323557,2017,blitz,open,,55,Adhiban B.,IND,2577,11.0,2649.0
323557,2017,blitz,open,,56,Georgiev Kiril,FID,2629,11.0,2636.0
323557,2017,blitz,open,,57,Inarkiev Ernesto,RUS,2614,11.0,2612.0
323557,2017,blitz,open,,58,Anton Guijarro David,ESP,2631,11.0,2618.0
323557,2017,blitz,open,,59,Ivanchuk Vassily,UKR,2815,11.0,2626.0
323557,2017,blitz,open,,60,Duda Jan-Krzysztof,POL,2682,11.0,2627.0
323557,2017,blitz,open,,61,Kovalev Vladislav,BLR,2551,11.0,2580.0
323557,2017,blitz,open,,62,Cheparinov Ivan,FID,2672,11.0,2607.0
323557,2017,blitz,open,,63,Safarli Eltaj,AZE,2695,11.0,2597.0
323557,2017,blitz,open,,64,Riazantsev Alexander,RUS,2691,11.0,2583.0
323557,2017,blitz,open,,65,Al-Sayed Mohammed,QAT,2512,11.0,2551.0
323557,2017,blitz,open,,66,Fedorchuk Sergey A.,UKR,2511,11.0,2556.0
323557,2017,blitz,open,,67,Socko Bartosz,POL,2619,10.5,2665.0
323557,2017,blitz,open,,68,Grigoriants Sergey,RUS,2559,10.5,2683.0
323557,2017,blitz,open,,69,Demchenko Anton,RUS,2644,10.5,2637.0
323557,2017,blitz,open,,70,Nguyen Ngoc Truong Son,VIE,2633,10.5,2610.0
323557,2017,blitz,open,,71,Mchedlishvili Mikheil,GEO,2568,10.5,2609.0
323557,2017,blitz,open,,72,Khismatullin Denis,RUS,2662,10.5,2611.0
323557,2017,blitz,open,,73,Malakhov Vladimir,RUS,2655,10.5,2608.0
323557,2017,blitz,open,,74,Movsesian Sergei,ARM,2669,10.5,2603.0
323557,2017,blitz,open,,75,Zhao Jun,CHN,2568,10.5,2590.0
323557,2017,blitz,open,,76,Bocharov Dmitry,RUS,2656,10.5,2588.0
323557,2017,blitz,open,,77,Guseinov Gadir,AZE,2694,10.5,2581.0
323557,2017,blitz,open,,78,Halkias Stelios,GRE,2513,10.5,2569.0
323557,2017,blitz,open,,79,Potkin Vladimir,RUS,2549,10.5,2504.0
323557,2017,blitz,open,,80,Van Foreest Jorden,NED,2573,10.0,2606.0
323557,2017,blitz,open,,81,Ni Hua,CHN,2553,10.0,2598.0
323557,2017,blitz,open,,82,Alekseev Evgeny,RUS,2578,10.0,2583.0
323557,2017,blitz,open,,83,Sethuraman S.P.,IND,2523,10.0,2546.0
323557,2017,blitz,open,,84,Short Nigel D,ENG,2617,10.0,2519.0
323557,2017,blitz,open,,85,Ganguly Surya Shekhar,IND,2578,10.0,2552.0
323557,2017,blitz,open,,86,Meier Georg,GER,2652,10.0,2544.0
323557,2017,blitz,open,,87,Eljanov Pavel,UKR,2659,10.0,2527.0
323557,2017,blitz,open,,88,McShane Luke J,ENG,2702,10.0,2496.0
323557,2017,blitz,open,,89,Kokarev Dmitry,RUS,2694,10.0,2486.0
323557,2017,blitz,open,,90,Ponkratov Pavel,RUS,2599,9.5,2605.0
323557,2017,blitz,open,,91,Bosiocic Marin,CRO,2572,9.5,2546.0
323557,2017,blitz,open,,92,Dobrov Vladimir,RUS,2508,9.5,2592.0
323557,2017,blitz,open,,93,Dzhumagaliev Yan,RUS,2490,9.5,2550.0
323557,2017,blitz,open,,94,Moiseenko Alexander,UKR,2597,9.5,2574.0
323557,2017,blitz,open,,95,Sargissian Gabriel,ARM,2644,9.5,2537.0
323557,2017,blitz,open,,96,Kuzubov Yuriy,UKR,2596,9.5,2552.0
323557,2017,blitz,open,,97,Salgado Lopez Ivan,ESP,2582,9.5,2538.0
323557,2017,blitz,open,,98,Naiditsch Arkadij,AZE,2632,9.5,2520.0
323557,2017,blitz,open,,99,Tregubov Pavel V.,RUS,2505,9.5,2500.0
323557,2017,blitz,open,,100,Miton Kamil,POL,2541,9.5,2467.0
323557,2017,blitz,open,,101,Almasi Zoltan,HUN,2682,9.5,2504.0
323557,2017,blitz,open,,102,El Adnani Mokliss,MAR,2510,9.5,2373.0
323557,2017,blitz,open,,103,Jumabayev Rinat,KAZ,2556,9.0,2573.0
323557,2017,blitz,open,,104,Dervishi Erald,ALB,2552,9.0,2411.0
323557,2017,blitz,open,,105,Al-Modiahki Mohamad,QAT,2533,9.0,2407.0
323557,2017,blitz,open,,106,Abdyjapar Asyl,KGZ,2383,9.0,2385.0
323557,2017,blitz,open,,107,Malakhatko Vadim,BEL,2498,9.0,2346.0
323557,2017,blitz,open,,108,Minko Vladimir,RUS,2373,9.0,2311.0
323557,2017,blitz,open,,109,Khairat Ahmet,EGY,2133,9.0,2309.0
323557,2017,blitz,open,,110,Tissir Mohamed,MAR,2388,9.0,2283.0
323557,2017,blitz,open,,111,Al-Saffar Araz Basim Mohammed,IRQ,2359,9.0,2264.0
323557,2017,blitz,open,,112,Bukannan Ahmed A,KSA,1965,9.0,2251.0
323557,2017,blitz,open,,113,Lodhi Mahmood,PAK,2306,9.0,2227.0
323557,2017,blitz,open,,114,Lam Daniel King-Wai,HKG,2154,9.0,2207.0
323557,2017,blitz,open,,115,Al Jabri Mohammed Ali,SYR,2095,9.0,2159.0
323557,2017,blitz,open,,116,Al-Hajiri Bader,KUW,2141,9.0,2113.0
323557,2017,blitz,open,,117,Christiansen Johan-Sebastian,NOR,2640,8.5,2522.0
323557,2017,blitz,open,,118,Sanal Vahap,TUR,2448,8.5,2413.0
323557,2017,blitz,open,,119,Ibrahimov Rasul,AZE,2518,8.5,2399.0
323557,2017,blitz,open,,120,Shytaj Luca,ITA,2378,8.5,2335.0
323557,2017,blitz,open,,121,Haddouche Mohamed,ALG,2494,8.5,2237.0
323557,2017,blitz,open,,122,Khader Sami,JOR,2328,8.5,2194.0
323557,2017,blitz,open,,123,Al Ghamdi Ahmed M,KSA,2158,8.5,2038.0
323557,2017,blitz,open,,124,Masrahi Abdulrahman A,KSA,1962,8.5,2015.0
323557,2017,blitz,open,,125,Saeed Ishaq,UAE,2306,8.0,2267.0
323557,2017,blitz,open,,126,Samhouri A.,JOR,2355,8.0,2185.0
323557,2017,blitz,open,,127,Amer Said Salim Al Maashani,OMA,2104,8.0,2178.0
323557,2017,blitz,open,,128,Farhan Marwan Ali,YEM,2005,8.0,1970.0
323557,2017,blitz,open,,129,Omar Noaman,UAE,2293,7.5,2300.0
323557,2017,blitz,open,,130,Alanazy Mohammed,KSA,1611,7.5,1996.0
323557,2017,blitz,open,,131,Miswadah Baha,PLE,1880,7.0,1937.0
323557,2017,blitz,open,,132,Al Mahmood Salman,BRN,1411,7.0,1983.0
323557,2017,blitz,open,,133,Salama Taher,PLE,1734,6.5,1937.0
323557,2017,blitz,open,,134,Al Zamel Khaled,KSA,1942,5.5,1908.0
323557,2017,blitz,open,,135,Alem Ali Hussien,KSA,1745,5.0,1805.0
323557,2017,blitz,open,,136,Al Habeeb Emad,KSA,2022,5.0,1863.0
323557,2017,blitz,open,,137,Al Abdali Zeyad Saleh,KSA,1814,4.5,1801.0
323557,2017,blitz,open,,138,Al Saidi Mohammed Khalfan,OMA,1468,2.5,1715.0
399595,2018,rapid,open,,1,Dubov Daniil,RUS,2723,11.0,
399595,2018,rapid,open,,2,Mamedyarov Shakhriyar,AZE,2786,10.5,
399595,2018,rapid,open,,3,Nakamura Hikaru,USA,2844,10.5,
399595,2018,rapid,open,,4,Artemiev Vladislav,RUS,2812,10.5,
399595,2018,rapid,open,,5,Carlsen Magnus,NOR,2903,10.5,
399595,2018,rapid,open,,6,Firouzja Alireza,IRI,2412,10.0,
399595,2018,rapid,open,,7,Yu Yangyi,CHN,2758,10.0,
399595,2018,rapid,open,,8,Giri Anish,NED,2739,10.0,
399595,2018,rapid,open,,9,Karjakin Sergey,RUS,2774,10.0,
399595,2018,rapid,open,,10,Petrosian Tigran L.,ARM,2676,10.0,
399595,2018,rapid,open,,11,Korobov Anton,UKR,2740,10.0,
399595,2018,rapid,open,,12,Matlakov Maxim,RUS,2690,10.0,
399595,2018,rapid,open,,13,Duda Jan-Krzysztof,POL,2683,10.0,
399595,2018,rapid,open,,14,Anton Guijarro David,ESP,2708,10.0,
399595,2018,rapid,open,,15,Grischuk Alexander,RUS,2732,10.0,
399595,2018,rapid,open,,16,Jakovenko Dmitry,RUS,2731,10.0,
399595,2018,rapid,open,,17,Ponkratov Pavel,RUS,2650,10.0,
399595,2018,rapid,open,,18,Andreikin Dmitry,RUS,2725,9.5,
399595,2018,rapid,open,,19,Wang Hao,CHN,2782,9.5,
399595,2018,rapid,open,,20,Zubov Alexander,UKR,2681,9.5,
399595,2018,rapid,open,,21,Oparin Grigoriy,RUS,2701,9.5,
399595,2018,rapid,open,,22,Kamsky Gata,USA,2757,9.5,
399595,2018,rapid,open,,23,Anand Viswanathan,IND,2723,9.5,
399595,2018,rapid,open,,24,Alekseenko Kirill,RUS,2635,9.5,
399595,2018,rapid,open,,25,Fridman Daniel,GER,2677,9.5,
399595,2018,rapid,open,,26,Jobava Baadur,GEO,2718,9.5,
399595,2018,rapid,open,,27,Cheparinov Ivan,GEO,2697,9.5,
399595,2018,rapid,open,,28,Kovalenko Igor,LAT,2665,9.5,
399595,2018,rapid,open,,29,Nepomniachtchi Ian,RUS,2771,9.0,
399595,2018,rapid,open,,30,Gelfand Boris,ISR,2715,9.0,
399595,2018,rapid,open,,31,Sargissian Gabriel,ARM,2674,9.0,
399595,2018,rapid,open,,32,Shirov Alexei,ESP,2674,9.0,
399595,2018,rapid,open,,33,Salem A.R. Saleh,UAE,2682,9.0,
399595,2018,rapid,open,,34,Rakhmanov Aleksandr,RUS,2613,9.0,
399595,2018,rapid,open,,35,Alekseev Evgeny,RUS,2650,9.0,
399595,2018,rapid,open,,36,Svidler Peter,RUS,2753,9.0,
399595,2018,rapid,open,,37,Guseinov Gadir,AZE,2732,9.0,
399595,2018,rapid,open,,38,Saric Ivan,CRO,2661,9.0,
399595,2018,rapid,open,,39,Savchenko Boris,RUS,2660,9.0,
399595,2018,rapid,open,,40,Inarkiev Ernesto,RUS,2624,9.0,
399595,2018,rapid,open,,41,Goganov Aleksey,RUS,2545,9.0,
399595,2018,rapid,open,,42,Zhigalko Sergei,BLR,2724,9.0,
399595,2018,rapid,open,,43,Antipov Mikhail Al.,RUS,2628,9.0,
399595,2018,rapid,open,,44,Piorun Kacper,POL,2615,9.0,
399595,2018,rapid,open,,45,Tomashevsky Evgeny,RUS,2737,9.0,
399595,2018,rapid,open,,46,Sarana Alexey,RUS,2617,9.0,
399595,2018,rapid,open,,47,Le Quang Liem,VIE,2752,9.0,
399595,2018,rapid,open,,48,Bocharov Ivan,RUS,2657,9.0,
399595,2018,rapid,open,,49,Paravyan David,RUS,2611,9.0,
399595,2018,rapid,open,,50,Demchenko Anton,RUS,2651,9.0,
399595,2018,rapid,open,,51,Mchedlishvili Mikheil,GEO,2637,9.0,
399595,2018,rapid,open,,52,Pantsulaia Levan,GEO,2652,9.0,
399595,2018,rapid,open,,53,Bazeev German,RUS,2418,8.5,
399595,2018,rapid,open,,54,Postny Evgeny,ISR,2599,8.5,
399595,2018,rapid,open,,55,Khanin Semen,RUS,2594,8.5,
399595,2018,rapid,open,,56,Bocharov Dmitry,RUS,2683,8.5,
399595,2018,rapid,open,,57,Sakaev Konstantin,RUS,2621,8.5,
399595,2018,rapid,open,,58,Vokhidov Shamsiddin,UZB,2304,8.5,
399595,2018,rapid,open,,59,Tang Andrew,USA,2281,8.5,
399595,2018,rapid,open,,60,Ragger Markus,AUT,2632,8.5,
399595,2018,rapid,open,,61,Levin Evgeny A.,RUS,2563,8.5,
399595,2018,rapid,open,,62,Riazantsev Alexander,RUS,2677,8.5,
399595,2018,rapid,open,,63,Tsydypov Zhamsaran,RUS,2595,8.5,
399595,2018,rapid,open,,64,Yudin Sergei,RUS,2643,8.5,
399595,2018,rapid,open,,65,Adly Ahmed,EGY,2630,8.5,
399595,2018,rapid,open,,66,Potkin Vladimir,RUS,2635,8.5,
399595,2018,rapid,open,,67,Dreev Aleksey,RUS,2671,8.5,
399595,2018,rapid,open,,68,Jones Gawain C B,ENG,2655,8.5,
399595,2018,rapid,open,,69,Hovhannisyan Robert,ARM,2549,8.0,
399595,2018,rapid,open,,70,Timofeev Artyom,RUS,2668,8.0,
399595,2018,rapid,open,,71,Predke Alexandr,RUS,2566,8.0,
399595,2018,rapid,open,,72,Amonatov Farrukh,TJK,2688,8.0,
399595,2018,rapid,open,,73,Tari Aryan,NOR,2554,8.0,
399595,2018,rapid,open,,74,Motylev Alexander,RUS,2697,8.0,
399595,2018,rapid,open,,75,Lomasov Semyon,RUS,2416,8.0,
399595,2018,rapid,open,,76,Akopian Vladimir,ARM,2707,8.0,
399595,2018,rapid,open,,77,Mamedov Rauf,AZE,2739,8.0,
399595,2018,rapid,open,,78,Amin Bassem,EGY,2630,8.0,
399595,2018,rapid,open,,79,Tukhaev Adam,UKR,2556,8.0,
399595,2018,rapid,open,,80,Ghaem Maghami Ehsan,IRI,2524,8.0,
399595,2018,rapid,open,,81,Gasanov Eldar,UKR,2547,8.0,
399595,2018,rapid,open,,82,Jumabayev Rinat,KAZ,2593,8.0,
399595,2018,rapid,open,,83,Abdusattorov Nodirbek,UZB,2312,8.0,
399595,2018,rapid,open,,84,Melkumyan Hrant,ARM,2672,8.0,
399595,2018,rapid,open,,85,Tregubov Pavel V.,RUS,2553,8.0,
399595,2018,rapid,open,,86,Grachev Boris,RUS,2669,8.0,
399595,2018,rapid,open,,87,Carlsson Pontus,SWE,2463,8.0,
399595,2018,rapid,open,,88,Indjic Aleksandar,SRB,2575,8.0,
399595,2018,rapid,open,,89,Grigoriants Sergey,RUS,2640,8.0,
399595,2018,rapid,open,,90,Najer Evgeniy,RUS,2653,8.0,
399595,2018,rapid,open,,91,Vallejo Pons Francisco,ESP,2628,8.0,
399595,2018,rapid,open,,92,Smirin Ilia,ISR,2601,8.0,
399595,2018,rapid,open,,93,Harikrishna Pentala,IND,2758,7.5,
399595,2018,rapid,open,,94,Petrov Nikita,RUS,2502,7.5,
399595,2018,rapid,open,,95,Kevlishvili Robby,NED,2451,7.5,
399595,2018,rapid,open,,96,Yakubboev Nodirbek,UZB,2364,7.5,
399595,2018,rapid,open,,97,Bosiocic Marin,CRO,2584,7.5,
399595,2018,rapid,open,,98,Popov Ivan,RUS,2542,7.5,
399595,2018,rapid,open,,99,Steinberg Nitzan,ISR,2400,7.5,
399595,2018,rapid,open,,100,Demidov Mikhail,RUS,2595,7.5,
399595,2018,rapid,open,,101,Vitiugov Nikita,RUS,2632,7.5,
399595,2018,rapid,open,,102,Potapov Pavel,RUS,2541,7.5,
399595,2018,rapid,open,,103,Aronian Levon,ARM,2802,7.5,
399595,2018,rapid,open,,104,Roiz Michael,ISR,2611,7.5,
399595,2018,rapid,open,,105,Shaposhnikov Evgeny,RUS,2613,7.5,
399595,2018,rapid,open,,106,Fedoseev Vladimir,RUS,2810,7.5,
399595,2018,rapid,open,,107,Moiseenko Vadim,RUS,2583,7.5,
399595,2018,rapid,open,,108,Yuffa Daniil,RUS,2573,7.5,
399595,2018,rapid,open,,109,Vastrukhin Oleg,RUS,2495,7.5,
399595,2018,rapid,open,,110,Makoveev Ilya,RUS,2173,7.5,
399595,2018,rapid,open,,111,Vishnu Prasanna. V,IND,2489,7.5,
399595,2018,rapid,open,,112,Popov Valerij,RUS,2531,7.5,
399595,2018,rapid,open,,113,Salgado Lopez Ivan,ESP,2618,7.5,
399595,2018,rapid,open,,114,Bindrich Falko,GER,2584,7.5,
399595,2018,rapid,open,,115,Gareyev Timur,USA,2575,7.5,
399595,2018,rapid,open,,116,Bilguun Sumiya,MGL,2415,7.5,
399595,2018,rapid,open,,117,Drygalov Andrey,RUS,2491,7.5,
399595,2018,rapid,open,,118,Hakobyan Aram,ARM,2545,7.5,
399595,2018,rapid,open,,119,Khusnutdinov Rustam,KAZ,2530,7.0,
399595,2018,rapid,open,,120,Van Foreest Jorden,NED,2401,7.0,
399595,2018,rapid,open,,121,Sanal Vahap,TUR,2476,7.0,
399595,2018,rapid,open,,122,Al-Sayed Mohammed,QAT,2419,7.0,
399595,2018,rapid,open,,123,Sjugirov Sanan,RUS,2722,7.0,
399595,2018,rapid,open,,124,Sychev Klementy,RUS,2544,7.0,
399595,2018,rapid,open,,125,Maghsoodloo Parham,IRI,2463,7.0,
399595,2018,rapid,open,,126,Anikonov Dmitry,RUS,2413,7.0,
399595,2018,rapid,open,,127,Gutenev Alexander,RUS,2490,7.0,
399595,2018,rapid,open,,128,Esipenko Andrey,RUS,2643,7.0,
399595,2018,rapid,open,,129,Kryakvin Dmitry,RUS,2529,7.0,
399595,2018,rapid,open,,130,Nihal Sarin,IND,2173,7.0,
399595,2018,rapid,open,,131,Teterev Vitaly,BLR,2472,7.0,
399595,2018,rapid,open,,132,Reshetnikov Alexey,RUS,2537,7.0,
399595,2018,rapid,open,,133,Sanikidze Tornike,GEO,2483,7.0,
399595,2018,rapid,open,,134,Yilmaz Mustafa,TUR,2546,7.0,
399595,2018,rapid,open,,135,Shinkevich Vitaly,RUS,2545,7.0,
399595,2018,rapid,open,,136,Miton Kamil,POL,2590,7.0,
399595,2018,rapid,open,,137,Oganian Miran,RUS,2506,7.0,
399595,2018,rapid,open,,138,Zvjaginsev Vadim,RUS,2573,7.0,
399595,2018,rapid,open,,139,Novikov Stanislav,RUS,2605,7.0,
399595,2018,rapid,open,,140,Zablotsky Sergei,RUS,2542,7.0,
399595,2018,rapid,open,,141,Kobo Ori,ISR,2442,6.5,
399595,2018,rapid,open,,142,Kazhgaleyev Murtas,KAZ,2462,6.5,
399595,2018,rapid,open,,143,Christiansen Johan-Sebastian,NOR,2421,6.5,
399595,2018,rapid,open,,144,Frolyanov Dmitry,RUS,2614,6.5,
399595,2018,rapid,open,,145,Pershin Denis,RUS,2353,6.5,
399595,2018,rapid,open,,146,Lobanov Sergei,RUS,2398,6.5,
399595,2018,rapid,open,,147,Geller Jakov,RUS,2530,6.5,
399595,2018,rapid,open,,148,Chen Qi B,CHN,2258,6.5,
399595,2018,rapid,open,,149,Tissir Mohamed,MAR,2417,6.5,
399595,2018,rapid,open,,150,Fakhrutdinov Timur,RUS,2388,6.5,
399595,2018,rapid,open,,151,Zubritskiy Artyom,RUS,2397,6.5,
399595,2018,rapid,open,,152,Nozdrachev Vladislav,RUS,2507,6.5,
399595,2018,rapid,open,,153,Kabanov Nikolai,RUS,2403,6.5,
399595,2018,rapid,open,,154,Sokolov Andrei,LAT,2482,6.5,
399595,2018,rapid,open,,155,Kovalev Vladislav,BLR,2624,6.5,
399595,2018,rapid,open,,156,Huzman Alexander,ISR,2572,6.5,
399595,2018,rapid,open,,157,Zhigalko Andrey,BLR,2523,6.5,
399595,2018,rapid,open,,158,Lintchevski Daniil,RUS,2603,6.5,
399595,2018,rapid,open,,159,Zakhartsov Vladimir,RUS,2473,6.5,
399595,2018,rapid,open,,160,Mikhalevski Victor,ISR,2516,6.5,
399595,2018,rapid,open,,161,Yeritsyan Aram,RUS,2209,6.5,
399595,2018,rapid,open,,162,Usmanov Vasily,RUS,2459,6.0,
399595,2018,rapid,open,,163,Sharma Dinesh K.,IND,2388,6.0,
399595,2018,rapid,open,,164,Drygalov Sergey,RUS,2471,6.0,
399595,2018,rapid,open,,165,Sokolin Leonid,USA,2508,6.0,
399595,2018,rapid,open,,166,Gabrielian Artur,RUS,2546,6.0,
399595,2018,rapid,open,,167,Belyakov Bogdan,RUS,2482,6.0,
399595,2018,rapid,open,,168,Khismatullin Denis,RUS,2632,6.0,
399595,2018,rapid,open,,169,Belozerov Andrei,RUS,2511,6.0,
399595,2018,rapid,open,,170,Pogosyan Stefan,RUS,2353,6.0,
399595,2018,rapid,open,,171,Borisenko Viacheslav,UKR,2367,6.0,
399595,2018,rapid,open,,172,Hirneise Tobias,GER,2415,6.0,
399595,2018,rapid,open,,173,Golubov Saveliy,RUS,2542,6.0,
399595,2018,rapid,open,,174,Hirneise Jens,GER,2355,5.5,
399595,2018,rapid,open,,175,Gaifullin Artur,RUS,2156,5.5,
399595,2018,rapid,open,,176,Vlassov Nikolai,RUS,2492,5.5,
399595,2018,rapid,open,,177,Ovchinnikov Vsevolod,RUS,2330,5.5,
399595,2018,rapid,open,,178,Anisimov Pavel,RUS,2513,5.5,
399595,2018,rapid,open,,179,Dzhumagaliev Yan,RUS,2485,5.5,
399595,2018,rapid,open,,180,Gurvich Vitaly,RUS,2255,5.5,
399595,2018,rapid,open,,181,Apryshko Gleb,RUS,2420,5.5,
399595,2018,rapid,open,,182,Makarov Marat,RUS,2486,5.5,
399595,2018,rapid,open,,183,Gordievsky Dmitry,RUS,2496,5.5,
399595,2018,rapid,open,,184,Vaisser Anatoli,FRA,2530,5.5,
399595,2018,rapid,open,,185,Rechlis Gad,ISR,2543,5.5,
399595,2018,rapid,open,,186,Perdomo Carlos Andres,COL,2301,5.5,
399595,2018,rapid,open,,187,Mamatov Melis,KGZ,2234,5.5,
399595,2018,rapid,open,,188,Dubrovin Robert,EST,2315,5.5,
399595,2018,rapid,open,,189,Danielyan Vahe,ARM,2261,5.5,
399595,2018,rapid,open,,190,Tsoi Dmitry,RUS,2381,5.0,
399595,2018,rapid,open,,191,Vorotnikov Vladislav V,RUS,2267,5.0,
399595,2018,rapid,open,,192,Baron Tal,ISR,2525,5.0,
399595,2018,rapid,open,,193,Iljiushenok Ilia,RUS,2607,5.0,
399595,2018,rapid,open,,194,Shubin Kirill,RUS,2242,5.0,
399595,2018,rapid,open,,195,Masrahi Abdulrahman A,KSA,1878,5.0,
399595,2018,rapid,open,,196,Guimaraes Diogo Duarte,BRA,2348,4.5,
399595,2018,rapid,open,,197,Al Thebaiti Ahmed M,KSA,1826,4.5,
399595,2018,rapid,open,,198,Ahmed Hassan Abdillahi,DJI,1570,4.0,
399595,2018,rapid,open,,199,Morozevich Alexander,RUS,2696,3.5,
399595,2018,rapid,open,,200,Teske Henrik,GER,2555,3.0,
399595,2018,rapid,open,,201,Alsulaymi Abdullah M,KSA,1682,3.0,
399595,2018,rapid,open,,202,Al Turky Fahad A,KSA,1815,2.5,
399595,2018,rapid,open,,203,Khayat Abdullah F,KSA,1819,2.0,
399595,2018,rapid,open,,204,Rashkovsky Nukhim N,RUS,2484,0.0,
399595,2018,rapid,open,,205,Bryzgalin Kirill,RUS,2483,0.0,
399597,2018,blitz,open,,1,Carlsen Magnus,NOR,2939,17.0,
399597,2018,blitz,open,,2,Duda Jan-Krzysztof,POL,2694,16.5,
399597,2018,blitz,open,,3,Nakamura Hikaru,USA,2889,14.5,
399597,2018,blitz,open,,4,Aronian Levon,ARM,2858,14.0,
399597,2018,blitz,open,,5,Svidler Peter,RUS,2770,14.0,
399597,2018,blitz,open,,6,Nepomniachtchi Ian,RUS,2846,14.0,
399597,2018,blitz,open,,7,Karjakin Sergey,RUS,2759,14.0,
399597,2018,blitz,open,,8,Andreikin Dmitry,RUS,2777,13.5,
399597,2018,blitz,open,,9,Artemiev Vladislav,RUS,2825,13.5,
399597,2018,blitz,open,,10,Giri Anish,NED,2751,13.5,
399597,2018,blitz,open,,11,Nihal Sarin,IND,2506,13.5,
399597,2018,blitz,open,,12,Matlakov Maxim,RUS,2653,13.5,
399597,2018,blitz,open,,13,Mamedyarov Shakhriyar,AZE,2754,13.5,
399597,2018,blitz,open,,14,Vitiugov Nikita,RUS,2696,13.5,
399597,2018,blitz,open,,15,Dubov Daniil,RUS,2743,13.5,
399597,2018,blitz,open,,16,Fedoseev Vladimir,RUS,2750,13.5,
399597,2018,blitz,open,,17,Korobov Anton,UKR,2677,13.0,
399597,2018,blitz,open,,18,Gelfand Boris,ISR,2722,13.0,
399597,2018,blitz,open,,19,Dreev Aleksey,RUS,2675,13.0,
399597,2018,blitz,open,,20,Adly Ahmed,EGY,2675,13.0,
399597,2018,blitz,open,,21,Jakovenko Dmitry,RUS,2616,13.0,
399597,2018,blitz,open,,22,Grischuk Alexander,RUS,2825,13.0,
399597,2018,blitz,open,,23,Zubov Alexander,UKR,2729,13.0,
399597,2018,blitz,open,,24,Zhigalko Sergei,BLR,2693,13.0,
399597,2018,blitz,open,,25,Sjugirov Sanan,RUS,2748,13.0,
399597,2018,blitz,open,,26,Kamsky Gata,USA,2657,13.0,
399597,2018,blitz,open,,27,Inarkiev Ernesto,RUS,2674,13.0,
399597,2018,blitz,open,,28,Sychev Klementy,RUS,2594,13.0,
399597,2018,blitz,open,,29,Golubov Saveliy,RUS,2574,12.5,
399597,2018,blitz,open,,30,Maghsoodloo Parham,IRI,2642,12.5,
399597,2018,blitz,open,,31,Hovhannisyan Robert,ARM,2588,12.5,
399597,2018,blitz,open,,32,Mamedov Rauf,AZE,2741,12.5,
399597,2018,blitz,open,,33,Indjic Aleksandar,SRB,2643,12.5,
399597,2018,blitz,open,,34,Melkumyan Hrant,ARM,2699,12.5,
399597,2018,blitz,open,,35,Yu Yangyi,CHN,2804,12.5,
399597,2018,blitz,open,,36,Jones Gawain C B,ENG,2722,12.5,
399597,2018,blitz,open,,37,Vallejo Pons Francisco,ESP,2673,12.5,
399597,2018,blitz,open,,38,Salem A.R. Saleh,UAE,2645,12.5,
399597,2018,blitz,open,,39,Tsydypov Zhamsaran,RUS,2573,12.0,
399597,2018,blitz,open,,40,Cheparinov Ivan,GEO,2618,12.0,
399597,2018,blitz,open,,41,Yudin Sergei,RUS,2533,12.0,
399597,2018,blitz,open,,42,Firouzja Alireza,IRI,2667,12.0,
399597,2018,blitz,open,,43,Ghaem Maghami Ehsan,IRI,2582,12.0,
399597,2018,blitz,open,,44,Kovalenko Igor,LAT,2693,12.0,
399597,2018,blitz,open,,45,Fridman Daniel,GER,2530,12.0,
399597,2018,blitz,open,,46,Anand Viswanathan,IND,2832,12.0,
399597,2018,blitz,open,,47,Amin Bassem,EGY,2659,12.0,
399597,2018,blitz,open,,48,Oparin Grigoriy,RUS,2641,12.0,
399597,2018,blitz,open,,49,Guseinov Gadir,AZE,2708,12.0,
399597,2018,blitz,open,,50,Sarana Alexey,RUS,2616,12.0,
399597,2018,blitz,open,,51,Tomashevsky Evgeny,RUS,2602,12.0,
399597,2018,blitz,open,,52,Van Foreest Jorden,NED,2657,12.0,
399597,2018,blitz,open,,53,Petrosian Tigran L.,ARM,2700,12.0,
399597,2018,blitz,open,,54,Motylev Alexander,RUS,2609,12.0,
399597,2018,blitz,open,,55,Sargissian Gabriel,ARM,2651,12.0,
399597,2018,blitz,open,,56,Bocharov Ivan,RUS,2715,12.0,
399597,2018,blitz,open,,57,Mchedlishvili Mikheil,GEO,2607,12.0,
399597,2018,blitz,open,,58,Gareyev Timur,USA,2577,12.0,
399597,2018,blitz,open,,59,Jobava Baadur,GEO,2705,11.5,
399597,2018,blitz,open,,60,Predke Alexandr,RUS,2482,11.5,
399597,2018,blitz,open,,61,Le Quang Liem,VIE,2749,11.5,
399597,2018,blitz,open,,62,Hakobyan Aram,ARM,2451,11.5,
399597,2018,blitz,open,,63,Grachev Boris,RUS,2571,11.5,
399597,2018,blitz,open,,64,Alekseenko Kirill,RUS,2665,11.5,
399597,2018,blitz,open,,65,Paravyan David,RUS,2629,11.5,
399597,2018,blitz,open,,66,Ponkratov Pavel,RUS,2688,11.5,
399597,2018,blitz,open,,67,Anton Guijarro David,ESP,2631,11.5,
399597,2018,blitz,open,,68,Jumabayev Rinat,KAZ,2554,11.5,
399597,2018,blitz,open,,69,Wang Hao,CHN,2775,11.0,
399597,2018,blitz,open,,70,Smirin Ilia,ISR,2582,11.0,
399597,2018,blitz,open,,71,Tang Andrew,USA,2501,11.0,
399597,2018,blitz,open,,72,Popov Ivan,RUS,2560,11.0,
399597,2018,blitz,open,,73,Khusnutdinov Rustam,KAZ,2582,11.0,
399597,2018,blitz,open,,74,Potkin Vladimir,RUS,2494,11.0,
399597,2018,blitz,open,,75,Miton Kamil,POL,2520,11.0,
399597,2018,blitz,open,,76,Bazeev German,RUS,2422,11.0,
399597,2018,blitz,open,,77,Vokhidov Shamsiddin,UZB,2414,11.0,
399597,2018,blitz,open,,78,Usmanov Vasily,RUS,2459,11.0,
399597,2018,blitz,open,,79,Timofeev Artyom,RUS,2568,11.0,
399597,2018,blitz,open,,80,Bosiocic Marin,CRO,2653,11.0,
399597,2018,blitz,open,,81,Abdusattorov Nodirbek,UZB,2469,11.0,
399597,2018,blitz,open,,82,Mikhalevski Victor,ISR,2521,11.0,
399597,2018,blitz,open,,83,Shirov Alexei,ESP,2699,11.0,
399597,2018,blitz,open,,84,Petrov Nikita,RUS,2468,11.0,
399597,2018,blitz,open,,85,Riazantsev Alexander,RUS,2633,11.0,
399597,2018,blitz,open,,86,Popov Valerij,RUS,2574,11.0,
399597,2018,blitz,open,,87,Saric Ivan,CRO,2572,11.0,
399597,2018,blitz,open,,88,Savchenko Boris,RUS,2639,11.0,
399597,2018,blitz,open,,89,Najer Evgeniy,RUS,2573,11.0,
399597,2018,blitz,open,,90,Esipenko Andrey,RUS,2673,11.0,
399597,2018,blitz,open,,91,Roiz Michael,ISR,2617,11.0,
399597,2018,blitz,open,,92,Al-Sayed Mohammed,QAT,2547,11.0,
399597,2018,blitz,open,,93,Gordievsky Dmitry,RUS,2591,11.0,
399597,2018,blitz,open,,94,Rakhmanov Aleksandr,RUS,2615,11.0,
399597,2018,blitz,open,,95,Nozdrachev Vladislav,RUS,2521,10.5,
399597,2018,blitz,open,,96,Yilmaz Mustafa,TUR,2515,10.5,
399597,2018,blitz,open,,97,Drygalov Sergey,RUS,2428,10.5,
399597,2018,blitz,open,,98,Tari Aryan,NOR,2608,10.5,
399597,2018,blitz,open,,99,Sakaev Konstantin,RUS,2551,10.5,
399597,2018,blitz,open,,100,Huzman Alexander,ISR,2543,10.5,
399597,2018,blitz,open,,101,Postny Evgeny,ISR,2657,10.5,
399597,2018,blitz,open,,102,Christiansen Johan-Sebastian,NOR,2635,10.5,
399597,2018,blitz,open,,103,Carlsson Pontus,SWE,2511,10.5,
399597,2018,blitz,open,,104,Lintchevski Daniil,RUS,2594,10.5,
399597,2018,blitz,open,,105,Vastrukhin Oleg,RUS,2488,10.5,
399597,2018,blitz,open,,106,Zubritskiy Artyom,RUS,2513,10.5,
399597,2018,blitz,open,,107,Ragger Markus,AUT,2677,10.5,
399597,2018,blitz,open,,108,Moiseenko Vadim,RUS,2560,10.5,
399597,2018,blitz,open,,109,Shaposhnikov Evgeny,RUS,2603,10.5,
399597,2018,blitz,open,,110,Gasanov Eldar,UKR,2581,10.5,
399597,2018,blitz,open,,111,Iljin Artem,RUS,2525,10.5,
399597,2018,blitz,open,,112,Reshetnikov Alexey,RUS,2473,10.0,
399597,2018,blitz,open,,113,Kazhgaleyev Murtas,KAZ,2553,10.0,
399597,2018,blitz,open,,114,Salgado Lopez Ivan,ESP,2513,10.0,
399597,2018,blitz,open,,115,Drygalov Andrey,RUS,2509,10.0,
399597,2018,blitz,open,,116,Demchenko Anton,RUS,2572,10.0,
399597,2018,blitz,open,,117,Sanal Vahap,TUR,2488,10.0,
399597,2018,blitz,open,,118,Vishnu Prasanna. V,IND,2519,10.0,
399597,2018,blitz,open,,119,Goganov Aleksey,RUS,2539,10.0,
399597,2018,blitz,open,,120,Geller Jakov,RUS,2528,10.0,
399597,2018,blitz,open,,121,Maslak Konstantin,RUS,2537,10.0,
399597,2018,blitz,open,,122,Levin Evgeny A.,RUS,2539,10.0,
399597,2018,blitz,open,,123,Khismatullin Denis,RUS,2674,10.0,
399597,2018,blitz,open,,124,Pantsulaia Levan,GEO,2584,10.0,
399597,2018,blitz,open,,125,Pershin Denis,RUS,2354,10.0,
399597,2018,blitz,open,,126,Anisimov Pavel,RUS,2519,10.0,
399597,2018,blitz,open,,127,Zvjaginsev Vadim,RUS,2649,10.0,
399597,2018,blitz,open,,128,Sanikidze Tornike,GEO,2484,10.0,
399597,2018,blitz,open,,129,Piorun Kacper,POL,2646,10.0,
399597,2018,blitz,open,,130,Shinkevich Vitaly,RUS,2445,10.0,
399597,2018,blitz,open,,131,Gurvich Vitaly,RUS,2302,10.0,
399597,2018,blitz,open,,132,Kevlishvili Robby,NED,2530,9.5,
399597,2018,blitz,open,,133,Kovalev Vladislav,BLR,2553,9.5,
399597,2018,blitz,open,,134,Oganian Miran,RUS,2326,9.5,
399597,2018,blitz,open,,135,Khanin Semen,RUS,2564,9.5,
399597,2018,blitz,open,,136,Tukhaev Adam,UKR,2529,9.5,
399597,2018,blitz,open,,137,Baron Tal,ISR,2421,9.5,
399597,2018,blitz,open,,138,Chen Qi B,CHN,2416,9.5,
399597,2018,blitz,open,,139,Frolyanov Dmitry,RUS,2557,9.5,
399597,2018,blitz,open,,140,Antipov Mikhail Al.,RUS,2604,9.5,
399597,2018,blitz,open,,141,Seliverstov Vladimir,RUS,2512,9.5,
399597,2018,blitz,open,,142,Bindrich Falko,GER,2639,9.5,
399597,2018,blitz,open,,143,Sokolov Andrei,LAT,2507,9.5,
399597,2018,blitz,open,,144,Tregubov Pavel V.,RUS,2516,9.5,
399597,2018,blitz,open,,145,Eliseev Alexei,RUS,2486,9.5,
399597,2018,blitz,open,,146,Anikonov Dmitry,RUS,2511,9.5,
399597,2018,blitz,open,,147,Kryakvin Dmitry,RUS,2536,9.5,
399597,2018,blitz,open,,148,Zakhartsov Vladimir,RUS,2567,9.5,
399597,2018,blitz,open,,149,Dzhumagaliev Yan,RUS,2489,9.0,
399597,2018,blitz,open,,150,Yakubboev Nodirbek,UZB,2388,9.0,
399597,2018,blitz,open,,151,Tsoi Dmitry,RUS,2387,9.0,
399597,2018,blitz,open,,152,Iljiushenok Ilia,RUS,2467,9.0,
399597,2018,blitz,open,,153,Tissir Mohamed,MAR,2381,9.0,
399597,2018,blitz,open,,154,Demidov Mikhail,RUS,2546,9.0,
399597,2018,blitz,open,,155,Bocharov Dmitry,RUS,2517,9.0,
399597,2018,blitz,open,,156,Danielyan Vahe,ARM,2417,9.0,
399597,2018,blitz,open,,157,Belozerov Andrei,RUS,2518,9.0,
399597,2018,blitz,open,,158,Zhigalko Andrey,BLR,2493,9.0,
399597,2018,blitz,open,,159,Steinberg Nitzan,ISR,2447,9.0,
399597,2018,blitz,open,,160,Belyakov Bogdan,RUS,2448,9.0,
399597,2018,blitz,open,,161,Lobanov Sergei,RUS,2434,9.0,
399597,2018,blitz,open,,162,Gabrielian Artur,RUS,2562,9.0,
399597,2018,blitz,open,,163,Kabanov Nikolai,RUS,2311,9.0,
399597,2018,blitz,open,,164,Shubin Kirill,RUS,2398,9.0,
399597,2018,blitz,open,,165,Gaifullin Artur,RUS,2231,9.0,
399597,2018,blitz,open,,166,Pogosyan Stefan,RUS,2330,9.0,
399597,2018,blitz,open,,167,Mamatov Melis,KGZ,2213,9.0,
399597,2018,blitz,open,,168,Bilguun Sumiya,MGL,2469,8.5,
399597,2018,blitz,open,,169,Alekseev Evgeny,RUS,2634,8.5,
399597,2018,blitz,open,,170,Gutenev Alexander,RUS,2419,8.5,
399597,2018,blitz,open,,171,Fakhrutdinov Timur,RUS,2357,8.5,
399597,2018,blitz,open,,172,Zablotsky Sergei,RUS,2459,8.5,
399597,2018,blitz,open,,173,Sharma Dinesh K.,IND,2383,8.5,
399597,2018,blitz,open,,174,Makoveev Ilya,RUS,2243,8.5,
399597,2018,blitz,open,,175,Dubrovin Robert,EST,2176,8.5,
399597,2018,blitz,open,,176,Guimaraes Diogo Duarte,BRA,2228,8.5,
399597,2018,blitz,open,,177,Yeritsyan Aram,RUS,2191,8.5,
399597,2018,blitz,open,,178,Kobo Ori,ISR,2401,8.5,
399597,2018,blitz,open,,179,Borisenko Viacheslav,UKR,2444,8.5,
399597,2018,blitz,open,,180,Hirneise Tobias,GER,2472,8.5,
399597,2018,blitz,open,,181,Hirneise Jens,GER,2363,8.5,
399597,2018,blitz,open,,182,Perdomo Carlos Andres,COL,2301,8.5,
399597,2018,blitz,open,,183,Potapov Pavel,RUS,2542,8.0,
399597,2018,blitz,open,,184,Teterev Vitaly,BLR,2397,8.0,
399597,2018,blitz,open,,185,Makarov Marat,RUS,2505,8.0,
399597,2018,blitz,open,,186,Vlassov Nikolai,RUS,2438,8.0,
399597,2018,blitz,open,,187,Teske Henrik,GER,2565,8.0,
399597,2018,blitz,open,,188,Sokolin Leonid,USA,2508,8.0,
399597,2018,blitz,open,,189,Ovchinnikov Vsevolod,RUS,2375,8.0,
399597,2018,blitz,open,,190,Rechlis Gad,ISR,2500,7.5,
399597,2018,blitz,open,,191,Apryshko Gleb,RUS,2416,7.5,
399597,2018,blitz,open,,192,Zaitsev Alexander,RUS,2402,7.5,
399597,2018,blitz,open,,193,Harikrishna Pentala,IND,2702,5.5,
399597,2018,blitz,open,,194,Amonatov Farrukh,TJK,2656,5.5,
399597,2018,blitz,open,,195,Minko Vladimir,RUS,2403,5.0,
399597,2018,blitz,open,,196,Masrahi Abdulrahman A,KSA,1966,4.0,
399597,2018,blitz,open,,197,Alsulaymi Abdullah M,KSA,1833,4.0,
399597,2018,blitz,open,,198,Al Thebaiti Ahmed M,KSA,1976,3.5,
399597,2018,blitz,open,,199,Grigoriants Sergey,RUS,2626,3.0,
399597,2018,blitz,open,,200,Al Turky Fahad A,KSA,1851,2.0,
399597,2018,blitz,open,,201,Khayat Abdullah F,KSA,1709,2.0,
399597,2018,blitz,open,,202,Morozevich Alexander,RUS,2728,0.0,
499127,2019,rapid,open,,1,Carlsen Magnus,,2886,11.5,
499127,2019,rapid,open,,2,Firouzja Alireza,,2614,10.5,
499127,2019,rapid,open,,3,Nakamura Hikaru,,2819,10.5,
499127,2019,rapid,open,,4,Artemiev Vladislav,,2756,10.5,
499127,2019,rapid,open,,5,Aronian Levon,,2784,10.0,
499127,2019,rapid,open,,6,Dominguez Perez Leinier,,2755,10.0,
499127,2019,rapid,open,,7,Duda Jan-Krzysztof,,2751,10.0,
499127,2019,rapid,open,,8,Dubov Daniil,,2752,10.0,
499127,2019,rapid,open,,9,Korobov Anton,,2818,10.0,
499127,2019,rapid,open,,10,Anton Guijarro David,,2709,10.0,
499127,2019,rapid,open,,11,Yu Yangyi,,2747,10.0,
499127,2019,rapid,open,,12,Mamedyarov Shakhriyar,,2752,9.5,
499127,2019,rapid,open,,13,Le Quang Liem,,2740,9.5,
499127,2019,rapid,open,,14,Vachier-Lagrave Maxime,,2873,9.5,
499127,2019,rapid,open,,15,Smirin Ilia,,2584,9.5,
499127,2019,rapid,open,,16,Giri Anish,,2747,9.5,
499127,2019,rapid,open,,17,Melkumyan Hrant,,2631,9.5,
499127,2019,rapid,open,,18,Svidler Peter,,2738,9.5,
499127,2019,rapid,open,,19,Ponkratov Pavel,,2687,9.5,
499127,2019,rapid,open,,20,Motylev Alexander,,2703,9.5,
499127,2019,rapid,open,,21,Grischuk Alexander,,2808,9.5,
499127,2019,rapid,open,,22,Alekseev Evgeny,,2603,9.5,
499127,2019,rapid,open,,23,Fedoseev Vladimir,,2768,9.5,
499127,2019,rapid,open,,24,Andreikin Dmitry,,2748,9.5,
499127,2019,rapid,open,,25,Gelfand Boris,,2700,9.5,
499127,2019,rapid,open,,26,Cheparinov Ivan,,2647,9.5,
499127,2019,rapid,open,,27,Gareyev Timur,,2604,9.5,
499127,2019,rapid,open,,28,Wang Hao,,2748,9.0,
499127,2019,rapid,open,,29,Nepomniachtchi Ian,,2745,9.0,
499127,2019,rapid,open,,30,Grachev Boris,,2606,9.0,
499127,2019,rapid,open,,31,Karjakin Sergey,,2749,9.0,
499127,2019,rapid,open,,32,Guseinov Gadir,,2691,9.0,
499127,2019,rapid,open,,33,Dreev Aleksey,,2588,9.0,
499127,2019,rapid,open,,34,Bartel Mateusz,,2544,9.0,
499127,2019,rapid,open,,35,Antipov Mikhail Al.,,2636,9.0,
499127,2019,rapid,open,,36,Mamedov Rauf,,2679,9.0,
499127,2019,rapid,open,,37,Xu Yinglun,,2478,9.0,
499127,2019,rapid,open,,38,Bocharov Dmitry,,2642,9.0,
499127,2019,rapid,open,,39,Shirov Alexei,,2672,9.0,
499127,2019,rapid,open,,40,Ganguly Surya Shekhar,,2592,9.0,
499127,2019,rapid,open,,41,Sjugirov Sanan,,2664,9.0,
499127,2019,rapid,open,,42,Shimanov Aleksandr,,2669,9.0,
499127,2019,rapid,open,,43,Jobava Baadur,,2702,9.0,
499127,2019,rapid,open,,44,Safarli Eltaj,,2709,9.0,
499127,2019,rapid,open,,45,Adhiban B.,,2607,9.0,
499127,2019,rapid,open,,46,Inarkiev Ernesto,,2701,9.0,
499127,2019,rapid,open,,47,Kovalev Vladislav,,2597,9.0,
499127,2019,rapid,open,,48,Demchenko Anton,,2636,9.0,
499127,2019,rapid,open,,49,Quparadze Giga,,2595,9.0,
499127,2019,rapid,open,,50,Riazantsev Alexander,,2594,8.5,
499127,2019,rapid,open,,51,Fridman Daniel,,2611,8.5,
499127,2019,rapid,open,,52,Zubov Alexander,,2688,8.5,
499127,2019,rapid,open,,53,Tregubov Pavel V.,,2507,8.5,
499127,2019,rapid,open,,54,Predke Alexandr,,2637,8.5,
499127,2019,rapid,open,,55,Salem A.R. Saleh,,2717,8.5,
499127,2019,rapid,open,,56,Utegaliyev Azamat,,2564,8.5,
499127,2019,rapid,open,,57,Sargissian Gabriel,,2715,8.5,
499127,2019,rapid,open,,58,Turov Maxim,,2647,8.5,
499127,2019,rapid,open,,59,Alekseenko Kirill,,2697,8.5,
499127,2019,rapid,open,,60,Vidit Santosh Gujrathi,,2668,8.5,
499127,2019,rapid,open,,61,Tomashevsky Evgeny,,2714,8.5,
499127,2019,rapid,open,,62,Adly Ahmed,,2643,8.5,
499127,2019,rapid,open,,63,Wojtaszek Radoslaw,,2724,8.5,
499127,2019,rapid,open,,64,Perunovic Milos,,2599,8.5,
499127,2019,rapid,open,,65,Iturrizaga Bonelli Eduardo,,2596,8.5,
499127,2019,rapid,open,,66,Gukesh D,,1799,8.5,
499127,2019,rapid,open,,67,Aravindh Chithambaram Vr.,,2508,8.0,
499127,2019,rapid,open,,68,Vallejo Pons Francisco,,2636,8.0,
499127,2019,rapid,open,,69,Rakhmanov Aleksandr,,2686,8.0,
499127,2019,rapid,open,,70,Nihal Sarin,,2292,8.0,
499127,2019,rapid,open,,71,Laznicka Viktor,,2678,8.0,
499127,2019,rapid,open,,72,Geller Jakov,,2536,8.0,
499127,2019,rapid,open,,73,Andriasian Zaven,,2633,8.0,
499127,2019,rapid,open,,74,Sarana Alexey,,2618,8.0,
499127,2019,rapid,open,,75,Amin Bassem,,2610,8.0,
499127,2019,rapid,open,,76,Zhigalko Sergei,,2699,8.0,
499127,2019,rapid,open,,77,Petrosyan Manuel,,2378,8.0,
499127,2019,rapid,open,,78,Popov Ivan,,2607,8.0,
499127,2019,rapid,open,,79,Kamsky Gata,,2755,8.0,
499127,2019,rapid,open,,80,Vitiugov Nikita,,2631,8.0,
499127,2019,rapid,open,,81,Murzin Volodar,,2341,8.0,
499127,2019,rapid,open,,82,Xu Xiangyu,,2441,8.0,
499127,2019,rapid,open,,83,Chigaev Maksim,,2669,8.0,
499127,2019,rapid,open,,84,Najer Evgeniy,,2626,8.0,
499127,2019,rapid,open,,85,Yuffa Daniil,,2587,8.0,
499127,2019,rapid,open,,86,Can Emre,,2516,8.0,
499127,2019,rapid,open,,87,Salgado Lopez Ivan,,2527,8.0,
499127,2019,rapid,open,,88,Zvjaginsev Vadim,,2603,8.0,
499127,2019,rapid,open,,89,Paravyan David,,2588,8.0,
499127,2019,rapid,open,,90,Vishnu Prasanna. V,,2438,8.0,
499127,2019,rapid,open,,91,Jakovenko Dmitry,,2748,8.0,
499127,2019,rapid,open,,92,Kobalia Mikhail,,2578,8.0,
499127,2019,rapid,open,,93,Potkin Vladimir,,2560,8.0,
499127,2019,rapid,open,,94,Harsha Bharathakoti,,2418,8.0,
499127,2019,rapid,open,,95,Sanal Vahap,,2597,8.0,
499127,2019,rapid,open,,96,Ivanisevic Ivan,,2617,8.0,
499127,2019,rapid,open,,97,Sethuraman S.P.,,2560,7.5,
499127,2019,rapid,open,,98,Sakaev Konstantin,,2529,7.5,
499127,2019,rapid,open,,99,Petrov Nikita,,2543,7.5,
499127,2019,rapid,open,,100,Jumabayev Rinat,,2558,7.5,
499127,2019,rapid,open,,101,Ismagambetov Anuar,,2420,7.5,
499127,2019,rapid,open,,102,Meier Georg,,2710,7.5,
499127,2019,rapid,open,,103,Matlakov Maxim,,2726,7.5,
499127,2019,rapid,open,,104,Sasikiran Krishnan,,2601,7.5,
499127,2019,rapid,open,,105,Sadhwani Raunak,,2358,7.5,
499127,2019,rapid,open,,106,Kezin Roman,,2572,7.5,
499127,2019,rapid,open,,107,Vokhidov Shamsiddin,,2486,7.5,
499127,2019,rapid,open,,108,Khusnutdinov Rustam,,2532,7.5,
499127,2019,rapid,open,,109,Narayanan Srinath,,2526,7.5,
499127,2019,rapid,open,,110,Bluebaum Matthias,,2561,7.5,
499127,2019,rapid,open,,111,Hansen Eric,,2604,7.5,
499127,2019,rapid,open,,112,Pashikian Arman,,2593,7.5,
499127,2019,rapid,open,,113,Gajewski Grzegorz,,2516,7.5,
499127,2019,rapid,open,,114,Timofeev Artyom,,2648,7.5,
499127,2019,rapid,open,,115,Mesropov Konstantin,,2431,7.5,
499127,2019,rapid,open,,116,Savchenko Boris,,2569,7.5,
499127,2019,rapid,open,,117,Abdusattorov Nodirbek,,2418,7.5,
499127,2019,rapid,open,,118,Atabayev Saparmyrat,,2258,7.5,
499127,2019,rapid,open,,119,Donchenko Alexander,,2567,7.5,
499127,2019,rapid,open,,120,Baron Tal,,2455,7.5,
499127,2019,rapid,open,,121,Suleymanli Aydin,,2086,7.0,
499127,2019,rapid,open,,122,Yanchenko Roman,,2447,7.0,
499127,2019,rapid,open,,123,Khanin Semen,,2602,7.0,
499127,2019,rapid,open,,124,Drygalov Sergey,,2444,7.0,
499127,2019,rapid,open,,125,Socko Bartosz,,2691,7.0,
499127,2019,rapid,open,,126,Triapishko Alexandr,,2531,7.0,
499127,2019,rapid,open,,127,Nozdrachev Vladislav,,2558,7.0,
499127,2019,rapid,open,,128,Indjic Aleksandar,,2572,7.0,
499127,2019,rapid,open,,129,Romanov Evgeny,,2571,7.0,
499127,2019,rapid,open,,130,Alonso Rosell Alvar,,2628,7.0,
499127,2019,rapid,open,,131,Frolyanov Dmitry,,2527,7.0,
499127,2019,rapid,open,,132,Tran Tuan Minh,,2511,7.0,
499127,2019,rapid,open,,133,Christiansen Johan-Sebastian,,2492,7.0,
499127,2019,rapid,open,,134,Kazhgaleyev Murtas,,2455,7.0,
499127,2019,rapid,open,,135,Piorun Kacper,,2552,7.0,
499127,2019,rapid,open,,136,Rychagov Andrey,,2543,7.0,
499127,2019,rapid,open,,137,Guliyev Namig,,2643,7.0,
499127,2019,rapid,open,,138,Belov Vladimir,,2581,7.0,
499127,2019,rapid,open,,139,Deviatkin Andrei,,2477,7.0,
499127,2019,rapid,open,,140,Iljiushenok Ilia,,2466,7.0,
499127,2019,rapid,open,,141,Studer Noel,,2405,7.0,
499127,2019,rapid,open,,142,Krsnik Cohar Ivan Vihor,,2334,7.0,
499127,2019,rapid,open,,143,Postny Evgeny,,2598,6.5,
499127,2019,rapid,open,,144,Tsvetkov Andrey,,2241,6.5,
499127,2019,rapid,open,,145,Tsoi Dmitry,,2375,6.5,
499127,2019,rapid,open,,146,Petrosian Tigran L.,,2721,6.5,
499127,2019,rapid,open,,147,Huzman Alexander,,2484,6.5,
499127,2019,rapid,open,,148,Makarian Rudik,,2334,6.5,
499127,2019,rapid,open,,149,Yilmaz Mustafa,,2525,6.5,
499127,2019,rapid,open,,150,Samsonkin Artiom,,2406,6.5,
499127,2019,rapid,open,,151,Kryakvin Dmitry,,2525,6.5,
499127,2019,rapid,open,,152,Potapov Pavel,,2482,6.5,
499127,2019,rapid,open,,153,Vastrukhin Oleg,,2474,6.5,
499127,2019,rapid,open,,154,Golubov Saveliy,,2635,6.5,
499127,2019,rapid,open,,155,Bosiocic Marin,,2575,6.5,
499127,2019,rapid,open,,156,Zarnicki Pablo,,2504,6.5,
499127,2019,rapid,open,,157,Grigoriants Sergey,,2603,6.5,
499127,2019,rapid,open,,158,Santos Ruiz Miguel,,2379,6.5,
499127,2019,rapid,open,,159,Vavulin Maxim,,2551,6.5,
499127,2019,rapid,open,,160,Gutenev Alexander,,2431,6.5,
499127,2019,rapid,open,,161,Kim Alexey,,2464,6.5,
499127,2019,rapid,open,,162,Yagupov Igor,,2382,6.5,
499127,2019,rapid,open,,163,Rozum Ivan,,2542,6.0,
499127,2019,rapid,open,,164,Pogosyan Stefan,,2426,6.0,
499127,2019,rapid,open,,165,Reshetnikov Alexey,,2524,6.0,
499127,2019,rapid,open,,166,Ruck Robert,,2551,6.0,
499127,2019,rapid,open,,167,Zarubitski Viachaslau,,2273,6.0,
499127,2019,rapid,open,,168,Kazakouski Valery,,2375,6.0,
499127,2019,rapid,open,,169,Batchuluun Tsegmed,,2448,6.0,
499127,2019,rapid,open,,170,Sychev Klementy,,2562,6.0,
499127,2019,rapid,open,,171,Gasanov Eldar,,2560,6.0,
499127,2019,rapid,open,,172,Gurvich Vitaly,,2348,6.0,
499127,2019,rapid,open,,173,Blohberger Felix,,2316,6.0,
499127,2019,rapid,open,,174,Afanasiev Nikita,,2480,6.0,
499127,2019,rapid,open,,175,Mamatov Melis,,2277,6.0,
499127,2019,rapid,open,,176,Dragnev Valentin,,2380,5.5,
499127,2019,rapid,open,,177,Tari Aryan,,2562,5.5,
499127,2019,rapid,open,,178,Faizrakhmanov Ramil,,2500,5.5,
499127,2019,rapid,open,,179,Moiseenko Vadim,,2596,5.5,
499127,2019,rapid,open,,180,Castellanos Rodriguez Renier,,2563,5.5,
499127,2019,rapid,open,,181,Atabayev Maksat,,2527,5.5,
499127,2019,rapid,open,,182,Glek Igor,,2478,5.5,
499127,2019,rapid,open,,183,Carlsson Pontus,,2501,5.5,
499127,2019,rapid,open,,184,Pigusov Evgeny,,2500,5.5,
499127,2019,rapid,open,,185,Lobanov Sergei,,2483,5.5,
499127,2019,rapid,open,,186,Shcherbakov Ruslan,,2520,5.5,
499127,2019,rapid,open,,187,Tengis Tsog-Ochir,,2003,5.5,
499127,2019,rapid,open,,188,Thing Bibek,,2026,5.5,
499127,2019,rapid,open,,189,Novikov Stanislav,,2544,5.5,
499127,2019,rapid,open,,190,Tissir Mohamed,,2356,5.5,
499127,2019,rapid,open,,191,Makoveev Ilya,,2340,5.5,
499127,2019,rapid,open,,192,Sek Konstantin,,2439,5.0,
499127,2019,rapid,open,,193,Luukkonen Tommi,,2332,5.0,
499127,2019,rapid,open,,194,Gundavaa Bayarsaikhan,,2541,5.0,
499127,2019,rapid,open,,195,Mikhailovsky Vladimir,,2267,5.0,
499127,2019,rapid,open,,196,Lam Daniel King Wai,,2146,5.0,
499127,2019,rapid,open,,197,Usov Aleksandr E.,,1981,4.5,
499127,2019,rapid,open,,198,Al Nhier Hamoud,,2025,4.5,
499127,2019,rapid,open,,199,Guimaraes Diogo Duarte,,2286,4.0,
499127,2019,rapid,open,,200,Masrahi Abdulrahman A,,1867,4.0,
499127,2019,rapid,open,,201,Al Mutairi Hassan S,,2004,3.5,
499127,2019,rapid,open,,202,Miranda Neto Jayme Amorim,,2171,3.0,
499127,2019,rapid,open,,203,Al Ghamdi Ahmed M,,2106,3.0,
499127,2019,rapid,open,,204,Al Thebaiti Ahmed M,,1841,3.0,
499127,2019,rapid,open,,205,Iordachescu Viorel,,2666,0.0,
499129,2019,blitz,open,,1,Carlsen Magnus,,2865,16.5,
499129,2019,blitz,open,,2,Nakamura Hikaru,,2885,16.5,
499129,2019,blitz,open,,3,Kramnik Vladimir,,2748,15.0,
499129,2019,blitz,open,,4,Grischuk Alexander,,2741,14.0,
499129,2019,blitz,open,,5,Vachier-Lagrave Maxime,,2768,14.0,
499129,2019,blitz,open,,6,Firouzja Alireza,,2649,13.5,
499129,2019,blitz,open,,7,Artemiev Vladislav,,2793,13.5,
499129,2019,blitz,open,,8,Yu Yangyi,,2807,13.5,
499129,2019,blitz,open,,9,Matlakov Maxim,,2720,13.5,
499129,2019,blitz,open,,10,Duda Jan-Krzysztof,,2796,13.5,
499129,2019,blitz,open,,11,Andreikin Dmitry,,2780,13.5,
499129,2019,blitz,open,,12,Fedoseev Vladimir,,2714,13.5,
499129,2019,blitz,open,,13,Giri Anish,,2769,13.5,
499129,2019,blitz,open,,14,Zubov Alexander,,2754,13.5,
499129,2019,blitz,open,,15,Aronian Levon,,2698,13.5,
499129,2019,blitz,open,,16,Wang Hao,,2714,13.5,
499129,2019,blitz,open,,17,Inarkiev Ernesto,,2556,13.5,
499129,2019,blitz,open,,18,Svidler Peter,,2805,13.5,
499129,2019,blitz,open,,19,Gelfand Boris,,2700,13.5,
499129,2019,blitz,open,,20,Cheparinov Ivan,,2647,13.5,
499129,2019,blitz,open,,21,Dreev Aleksey,,2658,13.0,
499129,2019,blitz,open,,22,Nepomniachtchi Ian,,2826,13.0,
499129,2019,blitz,open,,23,Mamedov Rauf,,2670,13.0,
499129,2019,blitz,open,,24,Salem A.R. Saleh,,2650,13.0,
499129,2019,blitz,open,,25,Chigaev Maksim,,2626,13.0,
499129,2019,blitz,open,,26,Wojtaszek Radoslaw,,2675,13.0,
499129,2019,blitz,open,,27,Morozevich Alexander,,2712,13.0,
499129,2019,blitz,open,,28,Harsha Bharathakoti,,2488,13.0,
499129,2019,blitz,open,,29,Fridman Daniel,,2623,13.0,
499129,2019,blitz,open,,30,Vidit Santosh Gujrathi,,2756,12.5,
499129,2019,blitz,open,,31,Mamedyarov Shakhriyar,,2706,12.5,
499129,2019,blitz,open,,32,Tomashevsky Evgeny,,2624,12.5,
499129,2019,blitz,open,,33,Jobava Baadur,,2712,12.5,
499129,2019,blitz,open,,34,Sarana Alexey,,2657,12.5,
499129,2019,blitz,open,,35,Ponkratov Pavel,,2698,12.5,
499129,2019,blitz,open,,36,Predke Alexandr,,2566,12.5,
499129,2019,blitz,open,,37,Adly Ahmed,,2679,12.5,
499129,2019,blitz,open,,38,Le Quang Liem,,2768,12.5,
499129,2019,blitz,open,,39,Indjic Aleksandar,,2639,12.5,
499129,2019,blitz,open,,40,Vallejo Pons Francisco,,2642,12.5,
499129,2019,blitz,open,,41,Karjakin Sergey,,2836,12.0,
499129,2019,blitz,open,,42,Golubov Saveliy,,2582,12.0,
499129,2019,blitz,open,,43,Iturrizaga Bonelli Eduardo,,2669,12.0,
499129,2019,blitz,open,,44,Motylev Alexander,,2629,12.0,
499129,2019,blitz,open,,45,Paravyan David,,2627,12.0,
499129,2019,blitz,open,,46,Grigoriants Sergey,,2585,12.0,
499129,2019,blitz,open,,47,Nozdrachev Vladislav,,2564,12.0,
499129,2019,blitz,open,,48,Zhigalko Sergei,,2678,12.0,
499129,2019,blitz,open,,49,Nihal Sarin,,2685,12.0,
499129,2019,blitz,open,,50,Vitiugov Nikita,,2719,12.0,
499129,2019,blitz,open,,51,Korobov Anton,,2720,12.0,
499129,2019,blitz,open,,52,Dominguez Perez Leinier,,2715,12.0,
499129,2019,blitz,open,,53,Vastrukhin Oleg,,2408,12.0,
499129,2019,blitz,open,,54,Jumabayev Rinat,,2585,12.0,
499129,2019,blitz,open,,55,Smirin Ilia,,2629,12.0,
499129,2019,blitz,open,,56,Popov Ivan,,2595,12.0,
499129,2019,blitz,open,,57,Postny Evgeny,,2661,12.0,
499129,2019,blitz,open,,58,Melkumyan Hrant,,2667,12.0,
499129,2019,blitz,open,,59,Socko Bartosz,,2557,11.5,
499129,2019,blitz,open,,60,Dubov Daniil,,2736,11.5,
499129,2019,blitz,open,,61,Gareyev Timur,,2533,11.5,
499129,2019,blitz,open,,62,Sychev Klementy,,2604,11.5,
499129,2019,blitz,open,,63,Quparadze Giga,,2643,11.5,
499129,2019,blitz,open,,64,Savchenko Boris,,2624,11.5,
499129,2019,blitz,open,,65,Castellanos Rodriguez Renier,,2561,11.5,
499129,2019,blitz,open,,66,Salgado Lopez Ivan,,2610,11.5,
499129,2019,blitz,open,,67,Amin Bassem,,2685,11.5,
499129,2019,blitz,open,,68,Xu Yinglun,,2452,11.5,
499129,2019,blitz,open,,69,Adhiban B.,,2612,11.5,
499129,2019,blitz,open,,70,Santos Ruiz Miguel,,2501,11.5,
499129,2019,blitz,open,,71,Alekseenko Kirill,,2569,11.5,
499129,2019,blitz,open,,72,Kamsky Gata,,2699,11.5,
499129,2019,blitz,open,,73,Kazakouski Valery,,2459,11.5,
499129,2019,blitz,open,,74,Meier Georg,,2701,11.5,
499129,2019,blitz,open,,75,Sargissian Gabriel,,2676,11.0,
499129,2019,blitz,open,,76,Sakaev Konstantin,,2585,11.0,
499129,2019,blitz,open,,77,Kobalia Mikhail,,2556,11.0,
499129,2019,blitz,open,,78,Timofeev Artyom,,2560,11.0,
499129,2019,blitz,open,,79,Safarli Eltaj,,2609,11.0,
499129,2019,blitz,open,,80,Bluebaum Matthias,,2590,11.0,
499129,2019,blitz,open,,81,Antipov Mikhail Al.,,2511,11.0,
499129,2019,blitz,open,,82,Yuffa Daniil,,2582,11.0,
499129,2019,blitz,open,,83,Tari Aryan,,2689,11.0,
499129,2019,blitz,open,,84,Aravindh Chithambaram Vr.,,2560,11.0,
499129,2019,blitz,open,,85,Shimanov Aleksandr,,2630,11.0,
499129,2019,blitz,open,,86,Zvjaginsev Vadim,,2607,11.0,
499129,2019,blitz,open,,87,Petrosian Tigran L.,,2609,11.0,
499129,2019,blitz,open,,88,Petrov Nikita,,2604,11.0,
499129,2019,blitz,open,,89,Alekseev Evgeny,,2620,11.0,
499129,2019,blitz,open,,90,Christiansen Johan-Sebastian,,2613,11.0,
499129,2019,blitz,open,,91,Drygalov Sergey,,2515,11.0,
499129,2019,blitz,open,,92,Rychagov Andrey,,2452,11.0,
499129,2019,blitz,open,,93,Utegaliyev Azamat,,2575,11.0,
499129,2019,blitz,open,,94,Rozum Ivan,,2489,11.0,
499129,2019,blitz,open,,95,Abdusattorov Nodirbek,,2600,10.5,
499129,2019,blitz,open,,96,Sethuraman S.P.,,2474,10.5,
499129,2019,blitz,open,,97,Bartel Mateusz,,2525,10.5,
499129,2019,blitz,open,,98,Alonso Rosell Alvar,,2617,10.5,
499129,2019,blitz,open,,99,Jakovenko Dmitry,,2667,10.5,
499129,2019,blitz,open,,100,Esipenko Andrey,,2582,10.5,
499129,2019,blitz,open,,101,Hansen Eric,,2578,10.5,
499129,2019,blitz,open,,102,Grachev Boris,,2625,10.5,
499129,2019,blitz,open,,103,Ganguly Surya Shekhar,,2507,10.5,
499129,2019,blitz,open,,104,Sasikiran Krishnan,,2601,10.5,
499129,2019,blitz,open,,105,Can Emre,,2351,10.5,
499129,2019,blitz,open,,106,Ivanisevic Ivan,,2612,10.5,
499129,2019,blitz,open,,107,Perunovic Milos,,2596,10.5,
499129,2019,blitz,open,,108,Piorun Kacper,,2533,10.5,
499129,2019,blitz,open,,109,Andriasian Zaven,,2766,10.5,
499129,2019,blitz,open,,110,Kazhgaleyev Murtas,,2530,10.5,
499129,2019,blitz,open,,111,Kim Alexey,,2464,10.5,
499129,2019,blitz,open,,112,Riazantsev Alexander,,2635,10.5,
499129,2019,blitz,open,,113,Murzin Volodar,,2393,10.5,
499129,2019,blitz,open,,114,Laznicka Viktor,,2560,10.5,
499129,2019,blitz,open,,115,Kezin Roman,,2574,10.5,
499129,2019,blitz,open,,116,Bologan Victor,,2579,10.5,
499129,2019,blitz,open,,117,Pashikian Arman,,2605,10.5,
499129,2019,blitz,open,,118,Shcherbakov Ruslan,,2547,10.5,
499129,2019,blitz,open,,119,Sanal Vahap,,2563,10.0,
499129,2019,blitz,open,,120,Frolyanov Dmitry,,2460,10.0,
499129,2019,blitz,open,,121,Sadhwani Raunak,,2490,10.0,
499129,2019,blitz,open,,122,Gajewski Grzegorz,,2529,10.0,
499129,2019,blitz,open,,123,Iljiushenok Ilia,,2540,10.0,
499129,2019,blitz,open,,124,Pigusov Evgeny,,2563,10.0,
499129,2019,blitz,open,,125,Anton Guijarro David,,2674,10.0,
499129,2019,blitz,open,,126,Vokhidov Shamsiddin,,2534,10.0,
499129,2019,blitz,open,,127,Bocharov Dmitry,,2616,10.0,
499129,2019,blitz,open,,128,Tran Tuan Minh,,2586,10.0,
499129,2019,blitz,open,,129,Atabayev Maksat,,2390,10.0,
499129,2019,blitz,open,,130,Rakhmanov Aleksandr,,2556,9.5,
499129,2019,blitz,open,,131,Petrosyan Manuel,,2483,9.5,
499129,2019,blitz,open,,132,Vavulin Maxim,,2472,9.5,
499129,2019,blitz,open,,133,Khusnutdinov Rustam,,2578,9.5,
499129,2019,blitz,open,,134,Bosiocic Marin,,2567,9.5,
499129,2019,blitz,open,,135,Ruck Robert,,2541,9.5,
499129,2019,blitz,open,,136,Turov Maxim,,2535,9.5,
499129,2019,blitz,open,,137,Donchenko Alexander,,2577,9.5,
499129,2019,blitz,open,,138,Khanin Semen,,2497,9.5,
499129,2019,blitz,open,,139,Zarnicki Pablo,,2528,9.5,
499129,2019,blitz,open,,140,Yanchenko Roman,,2531,9.5,
499129,2019,blitz,open,,141,Novikov Stanislav,,2467,9.5,
499129,2019,blitz,open,,142,Reshetnikov Alexey,,2503,9.5,
499129,2019,blitz,open,,143,Vishnu Prasanna. V,,2516,9.5,
499129,2019,blitz,open,,144,Suleymanli Aydin,,2388,9.5,
499129,2019,blitz,open,,145,Baron Tal,,2435,9.5,
499129,2019,blitz,open,,146,Galkin Alexander,,2525,9.5,
499129,2019,blitz,open,,147,Triapishko Alexandr,,2486,9.5,
499129,2019,blitz,open,,148,Atabayev Saparmyrat,,2447,9.5,
499129,2019,blitz,open,,149,Guseinov Gadir,,2593,9.5,
499129,2019,blitz,open,,150,Sjugirov Sanan,,2682,9.5,
499129,2019,blitz,open,,151,Narayanan Srinath,,2500,9.5,
499129,2019,blitz,open,,152,Sek Konstantin,,2529,9.5,
499129,2019,blitz,open,,153,Kryakvin Dmitry,,2497,9.5,
499129,2019,blitz,open,,154,Makoveev Ilya,,2293,9.5,
499129,2019,blitz,open,,155,Yilmaz Mustafa,,2485,9.0,
499129,2019,blitz,open,,156,Samsonkin Artiom,,2499,9.0,
499129,2019,blitz,open,,157,Gasanov Eldar,,2538,9.0,
499129,2019,blitz,open,,158,Carlsson Pontus,,2530,9.0,
499129,2019,blitz,open,,159,Belov Vladimir,,2589,9.0,
499129,2019,blitz,open,,160,Dragnev Valentin,,2523,9.0,
499129,2019,blitz,open,,161,Ismagambetov Anuar,,2435,9.0,
499129,2019,blitz,open,,162,Tengis Tsog-Ochir,,2165,9.0,
499129,2019,blitz,open,,163,Afanasiev Nikita,,2612,9.0,
499129,2019,blitz,open,,164,Lobanov Sergei,,2394,9.0,
499129,2019,blitz,open,,165,Sutovsky Emil,,2647,9.0,
499129,2019,blitz,open,,166,Xu Xiangyu,,2494,9.0,
499129,2019,blitz,open,,167,Potkin Vladimir,,2524,9.0,
499129,2019,blitz,open,,168,Gutenev Alexander,,2456,9.0,
499129,2019,blitz,open,,169,Potapov Pavel,,2464,8.5,
499129,2019,blitz,open,,170,Kovalev Vladislav,,2526,8.5,
499129,2019,blitz,open,,171,Pogosyan Stefan,,2323,8.5,
499129,2019,blitz,open,,172,Tsvetkov Andrey,,2177,8.5,
499129,2019,blitz,open,,173,Geller Jakov,,2479,8.5,
499129,2019,blitz,open,,174,Batchuluun Tsegmed,,2352,8.5,
499129,2019,blitz,open,,175,Huzman Alexander,,2544,8.5,
499129,2019,blitz,open,,176,Tregubov Pavel V.,,2456,8.5,
499129,2019,blitz,open,,177,Tsoi Dmitry,,2469,8.5,
499129,2019,blitz,open,,178,Krsnik Cohar Ivan Vihor,,2552,8.5,
499129,2019,blitz,open,,179,Yagupov Igor,,2373,8.5,
499129,2019,blitz,open,,180,Makarian Rudik,,2274,8.5,
499129,2019,blitz,open,,181,Faizrakhmanov Ramil,,2383,8.5,
499129,2019,blitz,open,,182,Gukesh D,,2360,8.5,
499129,2019,blitz,open,,183,Belousov Danila,,2374,8.5,
499129,2019,blitz,open,,184,Gurvich Vitaly,,2380,8.5,
499129,2019,blitz,open,,185,Deviatkin Andrei,,2448,8.0,
499129,2019,blitz,open,,186,Gundavaa Bayarsaikhan,,2466,8.0,
499129,2019,blitz,open,,187,Moiseenko Vadim,,2505,8.0,
499129,2019,blitz,open,,188,Studer Noel,,2394,8.0,
499129,2019,blitz,open,,189,Guliyev Namig,,2584,8.0,
499129,2019,blitz,open,,190,Blohberger Felix,,2330,8.0,
499129,2019,blitz,open,,191,Guimaraes Diogo Duarte,,2277,8.0,
499129,2019,blitz,open,,192,Zarubitski Viachaslau,,2267,8.0,
499129,2019,blitz,open,,193,Luukkonen Tommi,,2269,8.0,
499129,2019,blitz,open,,194,Mozharov Mikhail,,2606,7.5,
499129,2019,blitz,open,,195,Mesropov Konstantin,,2360,7.5,
499129,2019,blitz,open,,196,Mamatov Melis,,2157,7.5,
499129,2019,blitz,open,,197,Thing Bibek,,2118,7.5,
499129,2019,blitz,open,,198,Tissir Mohamed,,2487,7.5,
499129,2019,blitz,open,,199,Mikhailovsky Vladimir,,2504,7.5,
499129,2019,blitz,open,,200,Al Ghamdi Ahmed M,,2076,6.5,
499129,2019,blitz,open,,201,Usov Aleksandr E.,,2271,6.0,
499129,2019,blitz,open,,202,Miranda Neto Jayme Amorim,,2193,4.5,
499129,2019,blitz,open,,203,Al Nhier Hamoud,,1934,4.0,
499129,2019,blitz,open,,204,Masrahi Abdulrahman A,,1941,4.0,
499129,2019,blitz,open,,205,Al Mutairi Hassan S,,2115,3.5,
499129,2019,blitz,open,,206,Al Thebaiti Ahmed M,,1939,3.0,
600852,2021,rapid,open,,1,Abdusattorov Nodirbek,UZB,2593,9.5,
600852,2021,rapid,open,,2,Nepomniachtchi Ian,CFR,2798,9.5,
600852,2021,rapid,open,,3,Carlsen Magnus,NOR,2842,9.5,
600852,2021,rapid,open,,4,Caruana Fabiano,USA,2770,9.5,
600852,2021,rapid,open,,5,Duda Jan-Krzysztof,POL,2801,9.0,
600852,2021,rapid,open,,6,Aronian Levon,USA,2728,9.0,
600852,2021,rapid,open,,7,Nakamura Hikaru,USA,2836,9.0,
600852,2021,rapid,open,,8,Mamedyarov Shakhriyar,AZE,2727,9.0,
600852,2021,rapid,open,,9,Gukesh D,IND,2050,9.0,
600852,2021,rapid,open,,10,Rapport Richard,HUN,2750,9.0,
600852,2021,rapid,open,,11,Karjakin Sergey,CFR,2757,9.0,
600852,2021,rapid,open,,12,Van Foreest Jorden,NED,2563,8.5,
600852,2021,rapid,open,,13,Grischuk Alexander,CFR,2763,8.5,
600852,2021,rapid,open,,14,Fedoseev Vladimir,CFR,2692,8.5,
600852,2021,rapid,open,,15,Mitrabha Guha,IND,2107,8.5,
600852,2021,rapid,open,,16,Dubov Daniil,CFR,2735,8.5,
600852,2021,rapid,open,,17,Vachier-Lagrave Maxime,FRA,2773,8.5,
600852,2021,rapid,open,,18,Salem A.R. Saleh,UAE,2729,8.5,
600852,2021,rapid,open,,19,Sarana Alexey,CFR,2680,8.5,
600852,2021,rapid,open,,20,Firouzja Alireza,FRA,2656,8.0,
600852,2021,rapid,open,,21,Volokitin Andrei,UKR,2631,8.0,
600852,2021,rapid,open,,22,Gelfand Boris,ISR,2648,8.0,
600852,2021,rapid,open,,23,Cheparinov Ivan,BUL,2621,8.0,
600852,2021,rapid,open,,24,Korobov Anton,UKR,2689,8.0,
600852,2021,rapid,open,,25,Giri Anish,NED,2767,8.0,
600852,2021,rapid,open,,26,Onyshchuk Volodymyr,UKR,2687,8.0,
600852,2021,rapid,open,,27,Petrosian Tigran L.,ARM,2621,8.0,
600852,2021,rapid,open,,28,Efimenko Zahar,UKR,2609,8.0,
600852,2021,rapid,open,,29,Sargsyan Shant,ARM,2344,8.0,
600852,2021,rapid,open,,30,Matlakov Maxim,CFR,2652,8.0,
600852,2021,rapid,open,,31,Sargissian Gabriel,ARM,2693,8.0,
600852,2021,rapid,open,,32,Shevchenko Kirill,UKR,2508,8.0,
600852,2021,rapid,open,,33,Martirosyan Haik M.,ARM,2377,8.0,
600852,2021,rapid,open,,34,Bluebaum Matthias,GER,2575,8.0,
600852,2021,rapid,open,,35,Svane Rasmus,GER,2677,8.0,
600852,2021,rapid,open,,36,Artemiev Vladislav,CFR,2714,8.0,
600852,2021,rapid,open,,37,Chigaev Maksim,CFR,2605,8.0,
600852,2021,rapid,open,,38,Howell David W L,ENG,2624,8.0,
600852,2021,rapid,open,,39,Anton Guijarro David,ESP,2627,7.5,
600852,2021,rapid,open,,40,Jobava Baadur,GEO,2679,7.5,
600852,2021,rapid,open,,41,Niemann Hans Moke,USA,2327,7.5,
600852,2021,rapid,open,,42,Hovhannisyan Robert,ARM,2613,7.5,
600852,2021,rapid,open,,43,Maghsoodloo Parham,IRI,2512,7.5,
600852,2021,rapid,open,,44,Alekseenko Kirill,CFR,2637,7.5,
600852,2021,rapid,open,,45,Vidit Santosh Gujrathi,IND,2629,7.5,
600852,2021,rapid,open,,46,Fridman Daniel,GER,2542,7.5,
600852,2021,rapid,open,,47,Najer Evgeniy,CFR,2565,7.5,
600852,2021,rapid,open,,48,Mastrovasilis Dimitrios,GRE,2534,7.5,
600852,2021,rapid,open,,49,Saric Ivan,CRO,2684,7.5,
600852,2021,rapid,open,,50,Wojtaszek Radoslaw,POL,2743,7.5,
600852,2021,rapid,open,,51,Amin Bassem,EGY,2614,7.5,
600852,2021,rapid,open,,52,Ghaem Maghami Ehsan,IRI,2553,7.5,
600852,2021,rapid,open,,53,Czarnota Pawel,POL,2511,7.5,
600852,2021,rapid,open,,54,Paravyan David,CFR,2671,7.5,
600852,2021,rapid,open,,55,Puranik Abhimanyu,IND,2472,7.5,
600852,2021,rapid,open,,56,Ponkratov Pavel,CFR,2614,7.5,
600852,2021,rapid,open,,57,Tari Aryan,NOR,2542,7.5,
600852,2021,rapid,open,,58,Piorun Kacper,POL,2547,7.5,
600852,2021,rapid,open,,59,Gareyev Timur,USA,2578,7.0,
600852,2021,rapid,open,,60,Harsha Bharathakoti,IND,2484,7.0,
600852,2021,rapid,open,,61,Dudin Gleb,CFR,2247,7.0,
600852,2021,rapid,open,,62,Shirov Alexei,ESP,2702,7.0,
600852,2021,rapid,open,,63,Sanal Vahap,TUR,2509,7.0,
600852,2021,rapid,open,,64,Narayanan.S.L,IND,2482,7.0,
600852,2021,rapid,open,,65,Nihal Sarin,IND,2500,7.0,
600852,2021,rapid,open,,66,Theodorou Nikolas,GRE,2559,7.0,
600852,2021,rapid,open,,67,Predke Alexandr,CFR,2630,7.0,
600852,2021,rapid,open,,68,Socko Bartosz,POL,2562,7.0,
600852,2021,rapid,open,,69,Donchenko Alexander,GER,2535,7.0,
600852,2021,rapid,open,,70,Sankalp Gupta,IND,2266,7.0,
600852,2021,rapid,open,,71,Vakhidov Jakhongir,UZB,2566,7.0,
600852,2021,rapid,open,,72,Antipov Mikhail Al.,CFR,2644,7.0,
600852,2021,rapid,open,,73,Pichot Alan,ARG,2523,6.5,
600852,2021,rapid,open,,74,Demidov Mikhail,CFR,2544,6.5,
600852,2021,rapid,open,,75,Santos Latasa Jaime,ESP,2618,6.5,
600852,2021,rapid,open,,76,Movsesian Sergei,ARM,2667,6.5,
600852,2021,rapid,open,,77,Kosakowski Jakub,POL,2304,6.5,
600852,2021,rapid,open,,78,Ivic Velimir,SRB,2357,6.5,
600852,2021,rapid,open,,79,Timofeev Artyom,CFR,2591,6.5,
600852,2021,rapid,open,,80,Dreev Aleksey,CFR,2621,6.5,
600852,2021,rapid,open,,81,Alonso Rosell Alvar,ESP,2571,6.5,
600852,2021,rapid,open,,82,Gumularz Szymon,POL,2452,6.5,
600852,2021,rapid,open,,83,Babazada Khazar,AZE,2170,6.5,
600852,2021,rapid,open,,84,Muradli Mahammad,AZE,2285,6.5,
600852,2021,rapid,open,,85,Parligras Mircea-Emilian,ROU,2550,6.5,
600852,2021,rapid,open,,86,Petrosyan Manuel,ARM,2514,6.5,
600852,2021,rapid,open,,87,Ter-Sahakyan Samvel,ARM,2573,6.5,
600852,2021,rapid,open,,88,Demchenko Anton,CFR,2666,6.5,
600852,2021,rapid,open,,89,Samunenkov Ihor,UKR,2259,6.5,
600852,2021,rapid,open,,90,Halkias Stelios,GRE,2576,6.5,
600852,2021,rapid,open,,91,Moroni Luca Jr,ITA,2519,6.5,
600852,2021,rapid,open,,92,Adly Ahmed,EGY,2597,6.5,
600852,2021,rapid,open,,93,Sindarov Javokhir,UZB,2353,6.5,
600852,2021,rapid,open,,94,Sychev Klementy,CFR,2461,6.5,
600852,2021,rapid,open,,95,Riazantsev Alexander,CFR,2632,6.5,
600852,2021,rapid,open,,96,Kovalev Vladislav,FID,2647,6.5,
600852,2021,rapid,open,,97,Sjugirov Sanan,CFR,2634,6.5,
600852,2021,rapid,open,,98,Kobalia Mikhail,CFR,2543,6.5,
600852,2021,rapid,open,,99,Harikrishna Pentala,IND,2705,6.5,
600852,2021,rapid,open,,100,Kozak Adam,HUN,2552,6.5,
600852,2021,rapid,open,,101,Mamedov Rauf,AZE,2690,6.5,
600852,2021,rapid,open,,102,Smirin Ilia,ISR,2663,6.5,
600852,2021,rapid,open,,103,Vokhidov Shamsiddin,UZB,2546,6.5,
600852,2021,rapid,open,,104,Suleymanli Aydin,AZE,2202,6.0,
600852,2021,rapid,open,,105,Costachi Mihnea,ROU,2443,6.0,
600852,2021,rapid,open,,106,Indjic Aleksandar,SRB,2544,6.0,
600852,2021,rapid,open,,107,Corrales Jimenez Fidel,USA,2561,6.0,
600852,2021,rapid,open,,108,Heberla Bartlomiej,POL,2437,6.0,
600852,2021,rapid,open,,109,Christiansen Johan-Sebastian,NOR,2522,6.0,
600852,2021,rapid,open,,110,Erigaisi Arjun,IND,2397,6.0,
600852,2021,rapid,open,,111,Quparadze Giga,GEO,2583,6.0,
600852,2021,rapid,open,,112,Bellahcene Bilel,ALG,2397,6.0,
600852,2021,rapid,open,,113,Bartel Mateusz,POL,2543,6.0,
600852,2021,rapid,open,,114,Faizrakhmanov Ramil,CFR,2461,6.0,
600852,2021,rapid,open,,115,Heimann Andreas,GER,2616,6.0,
600852,2021,rapid,open,,116,Mikhalevski Victor,ISR,2366,6.0,
600852,2021,rapid,open,,117,Oparin Grigoriy,CFR,2725,6.0,
600852,2021,rapid,open,,118,Durarbayli Vasif,AZE,2532,6.0,
600852,2021,rapid,open,,119,Zvjaginsev Vadim,CFR,2539,6.0,
600852,2021,rapid,open,,120,Gagunashvili Merab,GEO,2538,6.0,
600852,2021,rapid,open,,121,Postny Evgeny,ISR,2454,6.0,
600852,2021,rapid,open,,122,Zilka Stepan,CZE,2474,6.0,
600852,2021,rapid,open,,123,Kanarek Marcel,POL,2296,6.0,
600852,2021,rapid,open,,124,Yuffa Daniil,ESP,2514,5.5,
600852,2021,rapid,open,,125,Vastrukhin Oleg,CFR,2382,5.5,
600852,2021,rapid,open,,126,Michalik Peter,CZE,2515,5.5,
600852,2021,rapid,open,,127,Sadhwani Raunak,IND,2454,5.5,
600852,2021,rapid,open,,128,Jumabayev Rinat,KAZ,2562,5.5,
600852,2021,rapid,open,,129,Kantor Gergely,HUN,2454,5.5,
600852,2021,rapid,open,,130,Holm Kristian Stuvik,NOR,2409,5.5,
600852,2021,rapid,open,,131,Shoker Samy,EGY,2550,5.5,
600852,2021,rapid,open,,132,Wieczorek Oskar,POL,2367,5.5,
600852,2021,rapid,open,,133,Szpar Milosz,POL,2315,5.5,
600852,2021,rapid,open,,134,Gajewski Grzegorz,POL,2496,5.5,
600852,2021,rapid,open,,135,Saraci Nderim,KOS,2414,5.5,
600852,2021,rapid,open,,136,Cuenca Jimenez Jose Fernando,ESP,2421,5.5,
600852,2021,rapid,open,,137,Blohberger Felix,AUT,2409,5.5,
600852,2021,rapid,open,,138,Kuzmicz Krystian,POL,2314,5.5,
600852,2021,rapid,open,,139,Nasuta Grzegorz,POL,2345,5.5,
600852,2021,rapid,open,,140,Janik Igor,POL,2462,5.0,
600852,2021,rapid,open,,141,Gabuzyan Hovhannes,ARM,2535,5.0,
600852,2021,rapid,open,,142,Dziuba Marcin,POL,2424,5.0,
600852,2021,rapid,open,,143,Teclaf Pawel,POL,2345,5.0,
600852,2021,rapid,open,,144,Murzin Volodar,CFR,2523,5.0,
600852,2021,rapid,open,,145,Jakubowski Krzysztof,POL,2399,5.0,
600852,2021,rapid,open,,146,Erdos Viktor,HUN,2601,5.0,
600852,2021,rapid,open,,147,Van Foreest Lucas,NED,2374,5.0,
600852,2021,rapid,open,,148,Klekowski Maciej,POL,2528,5.0,
600852,2021,rapid,open,,149,Krasenkow Michal,POL,2430,5.0,
600852,2021,rapid,open,,150,Lima Darcy,BRA,2505,5.0,
600852,2021,rapid,open,,151,Thybo Jesper Sondergaard,DEN,2401,5.0,
600852,2021,rapid,open,,152,Nguyen Thai Dai Van,CZE,2488,4.5,
600852,2021,rapid,open,,153,Klimkowski Jan,POL,2211,4.5,
600852,2021,rapid,open,,154,Petrovskyi Vadym,UKR,2282,4.5,
600852,2021,rapid,open,,155,Dragnev Valentin,AUT,2409,4.5,
600852,2021,rapid,open,,156,Nevednichy Vladislav,ROU,2425,4.5,
600852,2021,rapid,open,,157,Peng Li Min,UKR,2411,4.5,
600852,2021,rapid,open,,158,Baum Jonasz,POL,2343,4.5,
600852,2021,rapid,open,,159,Carlsson Pontus,SWE,2436,4.5,
600852,2021,rapid,open,,160,Kolosowski Mateusz,POL,2371,4.5,
600852,2021,rapid,open,,161,Tologontegin Semetey,KGZ,2300,4.5,
600852,2021,rapid,open,,162,Aziz Husain,QAT,2430,4.0,
600852,2021,rapid,open,,163,Tang Andrew,USA,2427,4.0,
600852,2021,rapid,open,,164,Aditya Mittal,IND,1488,4.0,
600852,2021,rapid,open,,165,Sadzikowski Daniel,POL,2414,4.0,
600852,2021,rapid,open,,166,Lubczynski Rafal,POL,2289,4.0,
600852,2021,rapid,open,,167,Dvirnyy Danyyil,ITA,2550,4.0,
600852,2021,rapid,open,,168,Lopusiewicz Piotr,POL,2197,4.0,
600852,2021,rapid,open,,169,Toczek Grzegorz,WLS,2220,3.5,
600852,2021,rapid,open,,170,Blanco Acevedo Cristobal Jose,VEN,2289,3.0,
600852,2021,rapid,open,,171,Asadli Vugar,AZE,2309,2.5,
600852,2021,rapid,open,,172,Kadric Denis,BIH,2542,2.5,
600852,2021,rapid,open,,173,Yunusov Mukhammad,TJK,1832,2.0,
600852,2021,rapid,open,,174,Iturrizaga Bonelli Eduardo,ESP,2634,0.0,
600854,2021,blitz,open,,1,Vachier-Lagrave Maxime,FRA,2787,15.0,
600854,2021,blitz,open,,2,Duda Jan-Krzysztof,POL,2792,15.0,
600854,2021,blitz,open,,3,Firouzja Alireza,FRA,2810,15.0,
600854,2021,blitz,open,,4,Dubov Daniil,CFR,2749,14.5,
600854,2021,blitz,open,,5,Aronian Levon,USA,2740,14.0,
600854,2021,blitz,open,,6,Mamedyarov Shakhriyar,AZE,2754,14.0,
600854,2021,blitz,open,,7,Artemiev Vladislav,CFR,2830,14.0,
600854,2021,blitz,open,,8,Sindarov Javokhir,UZB,2452,13.5,
600854,2021,blitz,open,,9,Fedoseev Vladimir,CFR,2690,13.5,
600854,2021,blitz,open,,10,Oparin Grigoriy,CFR,2580,13.5,
600854,2021,blitz,open,,11,Martirosyan Haik M.,ARM,2707,13.5,
600854,2021,blitz,open,,12,Carlsen Magnus,NOR,2892,13.5,
600854,2021,blitz,open,,13,Kravtsiv Martyn,UKR,2638,13.5,
600854,2021,blitz,open,,14,Grischuk Alexander,CFR,2757,13.5,
600854,2021,blitz,open,,15,Kobalia Mikhail,CFR,2532,13.5,
600854,2021,blitz,open,,16,Giri Anish,NED,2778,13.5,
600854,2021,blitz,open,,17,Alekseenko Kirill,CFR,2663,13.0,
600854,2021,blitz,open,,18,Vidit Santosh Gujrathi,IND,2628,13.0,
600854,2021,blitz,open,,19,Nihal Sarin,IND,2705,13.0,
600854,2021,blitz,open,,20,Sarana Alexey,CFR,2672,13.0,
600854,2021,blitz,open,,21,Mamedov Rauf,AZE,2686,13.0,
600854,2021,blitz,open,,22,Dreev Aleksey,CFR,2641,13.0,
600854,2021,blitz,open,,23,Quparadze Giga,GEO,2658,13.0,
600854,2021,blitz,open,,24,Erigaisi Arjun,IND,2765,12.5,
600854,2021,blitz,open,,25,Nepomniachtchi Ian,CFR,2792,12.5,
600854,2021,blitz,open,,26,Muradli Mahammad,AZE,2571,12.5,
600854,2021,blitz,open,,27,Amin Bassem,EGY,2617,12.5,
600854,2021,blitz,open,,28,Maghsoodloo Parham,IRI,2655,12.5,
600854,2021,blitz,open,,29,Svane Rasmus,GER,2643,12.5,
600854,2021,blitz,open,,30,Adly Ahmed,EGY,2656,12.5,
600854,2021,blitz,open,,31,Cheparinov Ivan,BUL,2594,12.5,
600854,2021,blitz,open,,32,Gukesh D,IND,2506,12.5,
600854,2021,blitz,open,,33,Gelfand Boris,ISR,2647,12.5,
600854,2021,blitz,open,,34,Donchenko Alexander,GER,2494,12.5,
600854,2021,blitz,open,,35,Sargsyan Shant,ARM,2537,12.5,
600854,2021,blitz,open,,36,Salem A.R. Saleh,UAE,2642,12.5,
600854,2021,blitz,open,,37,Indjic Aleksandar,SRB,2603,12.5,
600854,2021,blitz,open,,38,Niemann Hans Moke,USA,2680,12.5,
600854,2021,blitz,open,,39,Caruana Fabiano,USA,2803,12.5,
600854,2021,blitz,open,,40,Kovalev Vladislav,FID,2527,12.5,
600854,2021,blitz,open,,41,Matlakov Maxim,CFR,2614,12.0,
600854,2021,blitz,open,,42,Petrosian Tigran L.,ARM,2602,12.0,
600854,2021,blitz,open,,43,Onyshchuk Volodymyr,UKR,2657,12.0,
600854,2021,blitz,open,,44,Murzin Volodar,CFR,2481,12.0,
600854,2021,blitz,open,,45,Van Foreest Jorden,NED,2566,12.0,
600854,2021,blitz,open,,46,Abdusattorov Nodirbek,UZB,2686,12.0,
600854,2021,blitz,open,,47,Vokhidov Shamsiddin,UZB,2613,12.0,
600854,2021,blitz,open,,48,Sjugirov Sanan,CFR,2589,12.0,
600854,2021,blitz,open,,49,Asadli Vugar,AZE,2386,12.0,
600854,2021,blitz,open,,50,Mastrovasilis Dimitrios,GRE,2577,12.0,
600854,2021,blitz,open,,51,Santos Latasa Jaime,ESP,2561,11.5,
600854,2021,blitz,open,,52,Karjakin Sergey,CFR,2657,11.5,
600854,2021,blitz,open,,53,Tang Andrew,USA,2588,11.5,
600854,2021,blitz,open,,54,Predke Alexandr,CFR,2627,11.5,
600854,2021,blitz,open,,55,Jobava Baadur,GEO,2689,11.5,
600854,2021,blitz,open,,56,Zvjaginsev Vadim,CFR,2634,11.5,
600854,2021,blitz,open,,57,Petrosyan Manuel,ARM,2643,11.5,
600854,2021,blitz,open,,58,Movsesian Sergei,ARM,2615,11.5,
600854,2021,blitz,open,,59,Sargissian Gabriel,ARM,2661,11.5,
600854,2021,blitz,open,,60,Najer Evgeniy,CFR,2551,11.5,
600854,2021,blitz,open,,61,Timofeev Artyom,CFR,2628,11.5,
600854,2021,blitz,open,,62,Gagunashvili Merab,GEO,2575,11.5,
600854,2021,blitz,open,,63,Ghaem Maghami Ehsan,IRI,2720,11.5,
600854,2021,blitz,open,,64,Pichot Alan,ARG,2629,11.5,
600854,2021,blitz,open,,65,Efimenko Zahar,UKR,2601,11.5,
600854,2021,blitz,open,,66,Sanal Vahap,TUR,2499,11.0,
600854,2021,blitz,open,,67,Riazantsev Alexander,CFR,2520,11.0,
600854,2021,blitz,open,,68,Harsha Bharathakoti,IND,2576,11.0,
600854,2021,blitz,open,,69,Czarnota Pawel,POL,2540,11.0,
600854,2021,blitz,open,,70,Korobov Anton,UKR,2710,11.0,
600854,2021,blitz,open,,71,Hovhannisyan Robert,ARM,2633,11.0,
600854,2021,blitz,open,,72,Teclaf Pawel,POL,2431,11.0,
600854,2021,blitz,open,,73,Shevchenko Kirill,UKR,2697,11.0,
600854,2021,blitz,open,,74,Kantor Gergely,HUN,2517,11.0,
600854,2021,blitz,open,,75,Rapport Richard,HUN,2754,11.0,
600854,2021,blitz,open,,76,Bluebaum Matthias,GER,2609,11.0,
600854,2021,blitz,open,,77,Anton Guijarro David,ESP,2668,11.0,
600854,2021,blitz,open,,78,Socko Bartosz,POL,2571,10.5,
600854,2021,blitz,open,,79,Ter-Sahakyan Samvel,ARM,2565,10.5,
600854,2021,blitz,open,,80,Gareyev Timur,USA,2548,10.5,
600854,2021,blitz,open,,81,Piorun Kacper,POL,2535,10.5,
600854,2021,blitz,open,,82,Saraci Nderim,KOS,2479,10.5,
600854,2021,blitz,open,,83,Michalik Peter,CZE,2605,10.5,
600854,2021,blitz,open,,84,Harikrishna Pentala,IND,2614,10.5,
600854,2021,blitz,open,,85,Durarbayli Vasif,AZE,2599,10.5,
600854,2021,blitz,open,,86,Sadhwani Raunak,IND,2562,10.5,
600854,2021,blitz,open,,87,Sychev Klementy,CFR,2615,10.5,
600854,2021,blitz,open,,88,Tazbir Marcin,POL,2518,10.5,
600854,2021,blitz,open,,89,Mitrabha Guha,IND,2370,10.5,
600854,2021,blitz,open,,90,Vakhidov Jakhongir,UZB,2534,10.5,
600854,2021,blitz,open,,91,Corrales Jimenez Fidel,USA,2555,10.5,
600854,2021,blitz,open,,92,Theodorou Nikolas,GRE,2351,10.5,
600854,2021,blitz,open,,93,Tari Aryan,NOR,2656,10.5,
600854,2021,blitz,open,,94,Paravyan David,CFR,2656,10.5,
600854,2021,blitz,open,,95,Kosakowski Jakub,POL,2340,10.5,
600854,2021,blitz,open,,96,Shoker Samy,EGY,2529,10.5,
600854,2021,blitz,open,,97,Alonso Rosell Alvar,ESP,2580,10.5,
600854,2021,blitz,open,,98,Bartel Mateusz,POL,2638,10.5,
600854,2021,blitz,open,,99,Ivic Velimir,SRB,2575,10.0,
600854,2021,blitz,open,,100,Moroni Luca Jr,ITA,2491,10.0,
600854,2021,blitz,open,,101,Faizrakhmanov Ramil,CFR,2396,10.0,
600854,2021,blitz,open,,102,Dvirnyy Danyyil,ITA,2531,10.0,
600854,2021,blitz,open,,103,Saric Ivan,CRO,2543,10.0,
600854,2021,blitz,open,,104,Gajewski Grzegorz,POL,2539,10.0,
600854,2021,blitz,open,,105,Bologan Victor,MDA,2472,10.0,
600854,2021,blitz,open,,106,Howell David W L,ENG,2647,10.0,
600854,2021,blitz,open,,107,Wojtaszek Radoslaw,POL,2730,10.0,
600854,2021,blitz,open,,108,Suleymanli Aydin,AZE,2506,10.0,
600854,2021,blitz,open,,109,Ponkratov Pavel,CFR,2546,10.0,
600854,2021,blitz,open,,110,Christiansen Johan-Sebastian,NOR,2593,10.0,
600854,2021,blitz,open,,111,Demchenko Anton,CFR,2531,10.0,
600854,2021,blitz,open,,112,Narayanan.S.L,IND,2570,10.0,
600854,2021,blitz,open,,113,Szpar Milosz,POL,2285,10.0,
600854,2021,blitz,open,,114,Van Foreest Lucas,NED,2521,10.0,
600854,2021,blitz,open,,115,Babazada Khazar,AZE,2302,10.0,
600854,2021,blitz,open,,116,Bellahcene Bilel,ALG,2493,10.0,
600854,2021,blitz,open,,117,Mikhalevski Victor,ISR,2577,10.0,
600854,2021,blitz,open,,118,Petrovskyi Vadym,UKR,2377,10.0,
600854,2021,blitz,open,,119,Jumabayev Rinat,KAZ,2536,9.5,
600854,2021,blitz,open,,120,Klekowski Maciej,POL,2444,9.5,
600854,2021,blitz,open,,121,Chigaev Maksim,CFR,2546,9.5,
600854,2021,blitz,open,,122,Zilka Stepan,CZE,2440,9.5,
600854,2021,blitz,open,,123,Holm Kristian Stuvik,NOR,2423,9.5,
600854,2021,blitz,open,,124,Costachi Mihnea,ROU,2482,9.5,
600854,2021,blitz,open,,125,Nguyen Thai Dai Van,CZE,2446,9.5,
600854,2021,blitz,open,,126,Parligras Mircea-Emilian,ROU,2469,9.5,
600854,2021,blitz,open,,127,Janik Igor,POL,2516,9.5,
600854,2021,blitz,open,,128,Samunenkov Ihor,UKR,2348,9.5,
600854,2021,blitz,open,,129,Halkias Stelios,GRE,2575,9.5,
600854,2021,blitz,open,,130,Baum Jonasz,POL,2157,9.5,
600854,2021,blitz,open,,131,Puranik Abhimanyu,IND,2437,9.0,
600854,2021,blitz,open,,132,Kadric Denis,BIH,2469,9.0,
600854,2021,blitz,open,,133,Blohberger Felix,AUT,2416,9.0,
600854,2021,blitz,open,,134,Yuffa Daniil,ESP,2508,9.0,
600854,2021,blitz,open,,135,Volokitin Andrei,UKR,2547,9.0,
600854,2021,blitz,open,,136,Postny Evgeny,ISR,2521,9.0,
600854,2021,blitz,open,,137,Dziuba Marcin,POL,2452,9.0,
600854,2021,blitz,open,,138,Vastrukhin Oleg,CFR,2588,9.0,
600854,2021,blitz,open,,139,Nasuta Grzegorz,POL,2377,9.0,
600854,2021,blitz,open,,140,Dragnev Valentin,AUT,2396,9.0,
600854,2021,blitz,open,,141,Aditya Mittal,IND,2245,9.0,
600854,2021,blitz,open,,142,Nakamura Hikaru,USA,2884,8.5,
600854,2021,blitz,open,,143,Demidov Mikhail,CFR,2592,8.5,
600854,2021,blitz,open,,144,Peng Li Min,UKR,2412,8.5,
600854,2021,blitz,open,,145,Fridman Daniel,GER,2663,8.5,
600854,2021,blitz,open,,146,Thybo Jesper Sondergaard,DEN,2195,8.5,
600854,2021,blitz,open,,147,Klimkowski Jan,POL,2015,8.5,
600854,2021,blitz,open,,148,Gumularz Szymon,POL,2396,8.5,
600854,2021,blitz,open,,149,Kozak Adam,HUN,2448,8.5,
600854,2021,blitz,open,,150,Sankalp Gupta,IND,2323,8.5,
600854,2021,blitz,open,,151,Gabuzyan Hovhannes,ARM,2580,8.5,
600854,2021,blitz,open,,152,Kanarek Marcel,POL,2342,8.5,
600854,2021,blitz,open,,153,Kolosowski Mateusz,POL,2474,8.5,
600854,2021,blitz,open,,154,Nevednichy Vladislav,ROU,2379,8.5,
600854,2021,blitz,open,,155,Gdanski Jacek,POL,2367,8.5,
600854,2021,blitz,open,,156,Kuzmicz Krystian,POL,2281,8.5,
600854,2021,blitz,open,,157,Wieczorek Oskar,POL,2258,8.5,
600854,2021,blitz,open,,158,Lopusiewicz Piotr,POL,2279,8.5,
600854,2021,blitz,open,,159,Schneider Ilja,GER,2524,8.0,
600854,2021,blitz,open,,160,Heimann Andreas,GER,2690,8.0,
600854,2021,blitz,open,,161,Berchtenbreiter Maximilian,GER,2552,8.0,
600854,2021,blitz,open,,162,Lima Darcy,BRA,2379,8.0,
600854,2021,blitz,open,,163,Tologontegin Semetey,KGZ,2224,8.0,
600854,2021,blitz,open,,164,Sadzikowski Daniel,POL,2415,8.0,
600854,2021,blitz,open,,165,Carlsson Pontus,SWE,2516,7.5,
600854,2021,blitz,open,,166,Jakubowski Krzysztof,POL,2373,7.5,
600854,2021,blitz,open,,167,Heberla Bartlomiej,POL,2373,7.5,
600854,2021,blitz,open,,168,Krasenkow Michal,POL,2543,7.5,
600854,2021,blitz,open,,169,Lubczynski Rafal,POL,2361,7.5,
600854,2021,blitz,open,,170,Blanco Acevedo Cristobal Jose,VEN,2350,7.0,
600854,2021,blitz,open,,171,Masternak Grzegorz,POL,2188,7.0,
600854,2021,blitz,open,,172,Elier Ali,LBA,2194,5.5,
600854,2021,blitz,open,,173,Dudin Gleb,CFR,2339,4.5,
600854,2021,blitz,open,,174,Antipov Mikhail Al.,CFR,2587,4.5,
600854,2021,blitz,open,,175,Gluszko Tomasz,POL,2086,4.5,
600854,2021,blitz,open,,176,Yunusov Mukhammad,TJK,1716,4.0,
600854,2021,blitz,open,,177,Laith Kasib,IRQ,2010,3.5,
600854,2021,blitz,open,,178,Erdos Viktor,HUN,2599,1.5,
600854,2021,blitz,open,,179,Sallam Sabri Abdul-Mawla,YEM,2194,1.5,
706381,2022,rapid,open,,1,Carlsen Magnus,NOR,2834,10.0,
706381,2022,rapid,open,,2,Keymer Vincent,GER,2590,9.5,
706381,2022,rapid,open,,3,Caruana Fabiano,USA,2747,9.5,
706381,2022,rapid,open,,4,Dubov Daniil,FID,2712,9.0,
706381,2022,rapid,open,,5,Erigaisi Arjun,IND,2628,9.0,
706381,2022,rapid,open,,6,Fedoseev Vladimir,FID,2741,9.0,
706381,2022,rapid,open,,7,Artemiev Vladislav,FID,2727,9.0,
706381,2022,rapid,open,,8,Rapport Richard,ROU,2802,9.0,
706381,2022,rapid,open,,9,Nihal Sarin,IND,2628,8.5,
706381,2022,rapid,open,,10,Abdusattorov Nodirbek,UZB,2676,8.5,
706381,2022,rapid,open,,11,Mamedov Rauf,AZE,2578,8.5,
706381,2022,rapid,open,,12,Giri Anish,NED,2708,8.5,
706381,2022,rapid,open,,13,Duda Jan-Krzysztof,POL,2791,8.5,
706381,2022,rapid,open,,14,Nepomniachtchi Ian,FID,2766,8.5,
706381,2022,rapid,open,,15,Vidit Santosh Gujrathi,IND,2659,8.5,
706381,2022,rapid,open,,16,Sarana Alexey,FID,2629,8.5,
706381,2022,rapid,open,,17,Maghsoodloo Parham,IRI,2656,8.5,
706381,2022,rapid,open,,18,Grischuk Alexander,FID,2759,8.5,
706381,2022,rapid,open,,19,Vachier-Lagrave Maxime,FRA,2777,8.5,
706381,2022,rapid,open,,20,Ganguly Surya Shekhar,IND,2646,8.5,
706381,2022,rapid,open,,21,Chigaev Maksim,FID,2548,8.5,
706381,2022,rapid,open,,22,Le Tuan Minh,VIE,2442,8.5,
706381,2022,rapid,open,,23,Murzin Volodar,FID,2534,8.0,
706381,2022,rapid,open,,24,Yu Yangyi,CHN,2743,8.0,
706381,2022,rapid,open,,25,Petrosyan Manuel,ARM,2539,8.0,
706381,2022,rapid,open,,26,Tabatabaei M. Amin,IRI,2526,8.0,
706381,2022,rapid,open,,27,Mamedyarov Shakhriyar,AZE,2746,8.0,
706381,2022,rapid,open,,28,Svane Rasmus,GER,2641,8.0,
706381,2022,rapid,open,,29,Gelfand Boris,ISR,2641,8.0,
706381,2022,rapid,open,,30,Andreikin Dmitry,FID,2631,8.0,
706381,2022,rapid,open,,31,Anton Guijarro David,ESP,2640,8.0,
706381,2022,rapid,open,,32,Salem A.R. Saleh,UAE,2644,8.0,
706381,2022,rapid,open,,33,Sadhwani Raunak,IND,2532,8.0,
706381,2022,rapid,open,,34,Asadli Vugar,AZE,2500,8.0,
706381,2022,rapid,open,,35,Esipenko Andrey,FID,2694,8.0,
706381,2022,rapid,open,,36,Najer Evgeniy,FID,2590,8.0,
706381,2022,rapid,open,,37,Yudin Sergei,FID,2454,8.0,
706381,2022,rapid,open,,38,Nogerbek Kazybek,KAZ,2409,8.0,
706381,2022,rapid,open,,39,Vokhidov Shamsiddin,UZB,2481,8.0,
706381,2022,rapid,open,,40,Andriasian Zaven,ARM,2624,8.0,
706381,2022,rapid,open,,41,Martirosyan Haik M.,ARM,2575,7.5,
706381,2022,rapid,open,,42,Lazavik Denis,FID,2453,7.5,
706381,2022,rapid,open,,43,Donchenko Alexander,GER,2597,7.5,
706381,2022,rapid,open,,44,Nakamura Hikaru,USA,2795,7.5,
706381,2022,rapid,open,,45,Moiseenko Alexander,UKR,2570,7.5,
706381,2022,rapid,open,,46,Sargissian Gabriel,ARM,2640,7.5,
706381,2022,rapid,open,,47,Paravyan David,FID,2609,7.5,
706381,2022,rapid,open,,48,Nesterov Arseniy,FID,2497,7.5,
706381,2022,rapid,open,,49,Suleymanli Aydin,AZE,2503,7.5,
706381,2022,rapid,open,,50,Cheng Bobby,AUS,2476,7.5,
706381,2022,rapid,open,,51,Yoo Christopher Woojin,USA,2463,7.5,
706381,2022,rapid,open,,52,Yilmaz Mustafa,TUR,2521,7.5,
706381,2022,rapid,open,,53,Durarbayli Vasif,AZE,2513,7.5,
706381,2022,rapid,open,,54,Adly Ahmed,EGY,2588,7.5,
706381,2022,rapid,open,,55,Quparadze Giga,GEO,2538,7.0,
706381,2022,rapid,open,,56,Tomashevsky Evgeny,FID,2628,7.0,
706381,2022,rapid,open,,57,Van Foreest Jorden,NED,2693,7.0,
706381,2022,rapid,open,,58,Gareyev Timur,USA,2617,7.0,
706381,2022,rapid,open,,59,Ter-Sahakyan Samvel,ARM,2531,7.0,
706381,2022,rapid,open,,60,Maze Sebastien,FRA,2574,7.0,
706381,2022,rapid,open,,61,Predke Alexandr,FID,2584,7.0,
706381,2022,rapid,open,,62,Shimanov Aleksandr,FID,2616,7.0,
706381,2022,rapid,open,,63,Amin Bassem,EGY,2567,7.0,
706381,2022,rapid,open,,64,Tsydypov Zhamsaran,FID,2550,7.0,
706381,2022,rapid,open,,65,Ponkratov Pavel,FID,2569,7.0,
706381,2022,rapid,open,,66,Sargsyan Shant,ARM,2561,7.0,
706381,2022,rapid,open,,67,Indjic Aleksandar,SRB,2547,7.0,
706381,2022,rapid,open,,68,Bluebaum Matthias,GER,2617,7.0,
706381,2022,rapid,open,,69,Sindarov Javokhir,UZB,2596,7.0,
706381,2022,rapid,open,,70,Gharibyan Mamikon,ARM,2382,7.0,
706381,2022,rapid,open,,71,Nguyen Thai Dai Van,CZE,2534,7.0,
706381,2022,rapid,open,,72,Kobalia Mikhail,FID,2534,7.0,
706381,2022,rapid,open,,73,Cheparinov Ivan,BUL,2652,7.0,
706381,2022,rapid,open,,74,Daneshvar Bardiya,IRI,2419,7.0,
706381,2022,rapid,open,,75,Pantsulaia Levan,GEO,2522,7.0,
706381,2022,rapid,open,,76,Uskov Artem,FID,2396,7.0,
706381,2022,rapid,open,,77,Petrov Nikita,FID,2519,7.0,
706381,2022,rapid,open,,78,Harikrishna Pentala,IND,2646,7.0,
706381,2022,rapid,open,,79,Pranav V,IND,2430,7.0,
706381,2022,rapid,open,,80,Muradli Mahammad,AZE,2447,7.0,
706381,2022,rapid,open,,81,Vallejo Pons Francisco,ESP,2682,7.0,
706381,2022,rapid,open,,82,Adhiban B.,IND,2538,7.0,
706381,2022,rapid,open,,83,Tin Jingyao,SGP,2462,7.0,
706381,2022,rapid,open,,84,Ansat Aldiyar,KAZ,2291,7.0,
706381,2022,rapid,open,,85,Madaminov Mukhiddin,UZB,2337,7.0,
706381,2022,rapid,open,,86,Narayanan S.L.,IND,2605,7.0,
706381,2022,rapid,open,,87,Tang Andrew,USA,2439,7.0,
706381,2022,rapid,open,,88,Yakubboev Nodirbek,UZB,2573,6.5,
706381,2022,rapid,open,,89,Zhigalko Sergei,FID,2612,6.5,
706381,2022,rapid,open,,90,Petrosian Tigran L.,ARM,2623,6.5,
706381,2022,rapid,open,,91,Puranik Abhimanyu,IND,2549,6.5,
706381,2022,rapid,open,,92,Suleymenov Alisher,KAZ,2440,6.5,
706381,2022,rapid,open,,93,Tologon Tegin Semetei,KGZ,2319,6.5,
706381,2022,rapid,open,,94,Moussard Jules,FRA,2625,6.5,
706381,2022,rapid,open,,95,Hovhannisyan Robert,ARM,2630,6.5,
706381,2022,rapid,open,,96,Ivic Velimir,SRB,2489,6.5,
706381,2022,rapid,open,,97,Gadimbayli Abdulla,AZE,2399,6.5,
706381,2022,rapid,open,,98,Suyarov Mukhammadzokhid,UZB,2089,6.5,
706381,2022,rapid,open,,99,Makarian Rudik,FID,2466,6.5,
706381,2022,rapid,open,,100,Niemann Hans Moke,USA,2592,6.0,
706381,2022,rapid,open,,101,Sanal Vahap,TUR,2547,6.0,
706381,2022,rapid,open,,102,Kovalev Vladislav,FID,2523,6.0,
706381,2022,rapid,open,,103,Savchenko Boris,FID,2592,6.0,
706381,2022,rapid,open,,104,Urazayev Arystanbek,KAZ,2535,6.0,
706381,2022,rapid,open,,105,Aravindh Chithambaram Vr.,IND,2576,6.0,
706381,2022,rapid,open,,106,Sankalp Gupta,IND,2402,6.0,
706381,2022,rapid,open,,107,Ghaem Maghami Ehsan,IRI,2549,6.0,
706381,2022,rapid,open,,108,Dragnev Valentin,AUT,2444,6.0,
706381,2022,rapid,open,,109,Dardha Daniel,BEL,2511,6.0,
706381,2022,rapid,open,,110,Sapenov Daniyal,KAZ,2312,6.0,
706381,2022,rapid,open,,111,Utegaliyev Azamat,KAZ,2415,6.0,
706381,2022,rapid,open,,112,Makhnev Denis,KAZ,2513,6.0,
706381,2022,rapid,open,,113,Tari Aryan,NOR,2556,6.0,
706381,2022,rapid,open,,114,Fedorov Alexei,FID,2531,6.0,
706381,2022,rapid,open,,115,Hambleton Aman,CAN,2450,6.0,
706381,2022,rapid,open,,116,Jumabayev Rinat,KAZ,2531,6.0,
706381,2022,rapid,open,,117,Riazantsev Alexander,FID,2570,6.0,
706381,2022,rapid,open,,118,Svane Frederik,GER,2466,6.0,
706381,2022,rapid,open,,119,Aleksandrov Aleksej,FID,2450,6.0,
706381,2022,rapid,open,,120,Sjugirov Sanan,FID,2584,5.5,
706381,2022,rapid,open,,121,Harsha Bharathakoti,IND,2574,5.5,
706381,2022,rapid,open,,122,Idani Pouya,IRI,2523,5.5,
706381,2022,rapid,open,,123,Matlakov Maxim,FID,2671,5.5,
706381,2022,rapid,open,,124,Brunello Sabino,ITA,2725,5.5,
706381,2022,rapid,open,,125,Agmanov Zhandos,KAZ,2403,5.5,
706381,2022,rapid,open,,126,Harutyunyan Tigran K.,ARM,2441,5.5,
706381,2022,rapid,open,,127,Kadric Denis,MNE,2482,5.5,
706381,2022,rapid,open,,128,Gurel Ediz,TUR,2345,5.5,
706381,2022,rapid,open,,129,Zhalmakhanov Ramazan,KAZ,2399,5.5,
706381,2022,rapid,open,,130,Vakhidov Jakhongir,UZB,2530,5.5,
706381,2022,rapid,open,,131,Batsuren Dambasuren,MGL,2430,5.5,
706381,2022,rapid,open,,132,Khusnutdinov Rustam,KAZ,2432,5.5,
706381,2022,rapid,open,,133,Narayanan Srinath,IND,2518,5.5,
706381,2022,rapid,open,,134,Christiansen Johan-Sebastian,NOR,2513,5.5,
706381,2022,rapid,open,,135,Munkhgal Gombosuren,MGL,2413,5.5,
706381,2022,rapid,open,,136,Ghasi Ameet K,ENG,2536,5.5,
706381,2022,rapid,open,,137,Demchenko Anton,FID,2565,5.0,
706381,2022,rapid,open,,138,Shankland Sam,USA,2657,5.0,
706381,2022,rapid,open,,139,Amilal Munkhdalai,MGL,2225,5.0,
706381,2022,rapid,open,,140,Tsaruk Maksim,FID,2334,5.0,
706381,2022,rapid,open,,141,Lintchevski Daniil,FID,2520,5.0,
706381,2022,rapid,open,,142,Bilguun Sumiya,MGL,2468,5.0,
706381,2022,rapid,open,,143,Burmakin Vladimir,FID,2412,5.0,
706381,2022,rapid,open,,144,Arjun Kalyan,IND,2426,5.0,
706381,2022,rapid,open,,145,Alonso Rosell Alvar,ESP,2472,5.0,
706381,2022,rapid,open,,146,Zverev Lev,FID,2257,5.0,
706381,2022,rapid,open,,147,Mamatov Melis,KGZ,2299,5.0,
706381,2022,rapid,open,,148,Petkov Momchil,BUL,2411,5.0,
706381,2022,rapid,open,,149,Kostenko Petr,KAZ,2404,5.0,
706381,2022,rapid,open,,150,Saraci Nderim,KOS,2441,5.0,
706381,2022,rapid,open,,151,Haldorsen Benjamin,NOR,2349,5.0,
706381,2022,rapid,open,,152,Elier Ali,LBA,2188,5.0,
706381,2022,rapid,open,,153,Abdilkhair Abilmansur,KAZ,2171,5.0,
706381,2022,rapid,open,,154,Khusenkhojaev Mustafokhuja,TJK,2161,4.5,
706381,2022,rapid,open,,155,Averin Nikolay,FID,2240,4.5,
706381,2022,rapid,open,,156,Damjanovic Vuk,SRB,2266,4.5,
706381,2022,rapid,open,,157,Kazakov Konstantin,KAZ,2311,4.5,
706381,2022,rapid,open,,158,Vetokhin Savva,FID,2358,4.5,
706381,2022,rapid,open,,159,Everett Elijah,WLS,2125,4.5,
706381,2022,rapid,open,,160,Rakhmanov Aleksandr,FID,2633,4.0,
706381,2022,rapid,open,,161,Sychev Klementy,FID,2489,4.0,
706381,2022,rapid,open,,162,Jobava Baadur,GEO,2688,4.0,
706381,2022,rapid,open,,163,Khripachenko Alexander,FID,2348,4.0,
706381,2022,rapid,open,,164,Degenbaev Aziz,KGZ,2039,4.0,
706381,2022,rapid,open,,165,Begmuratov Khumoyun,UZB,2292,4.0,
706381,2022,rapid,open,,166,Mamedov Edgar,KAZ,2157,4.0,
706381,2022,rapid,open,,167,Postlmayer Jakob,AUT,2182,4.0,
706381,2022,rapid,open,,168,Shishkov Andrei,EST,2272,4.0,
706381,2022,rapid,open,,169,Amangeldy Ernur,KAZ,1952,4.0,
706381,2022,rapid,open,,170,Uruci Endrit,KOS,2353,4.0,
706381,2022,rapid,open,,171,Nurgaliyev Sauat,KAZ,2016,3.5,
706381,2022,rapid,open,,172,Akhilbay Imangali,KAZ,1963,3.5,
706381,2022,rapid,open,,173,Suleimen Ergali,KAZ,2046,3.5,
706381,2022,rapid,open,,174,Hansen Eric,CAN,2579,3.0,
706381,2022,rapid,open,,175,Naiditsch Arkadij,AZE,2596,3.0,
706381,2022,rapid,open,,176,Korelskiy Egor,FID,2256,3.0,
706381,2022,rapid,open,,177,Tulendinov Dinmukhammed,KAZ,1986,3.0,
706381,2022,rapid,open,,178,Nissinen Niilo Man,HKG,1905,2.0,
706383,2022,blitz,open,,1,Carlsen Magnus,NOR,2830,16.0,
706383,2022,blitz,open,,2,Nakamura Hikaru,USA,2909,15.0,
706383,2022,blitz,open,,3,Martirosyan Haik M.,ARM,2745,15.0,
706383,2022,blitz,open,,4,Giri Anish,NED,2792,14.5,
706383,2022,blitz,open,,5,Duda Jan-Krzysztof,POL,2773,14.5,
706383,2022,blitz,open,,6,Dubov Daniil,FID,2792,14.5,
706383,2022,blitz,open,,7,Sarana Alexey,FID,2708,14.5,
706383,2022,blitz,open,,8,Fedoseev Vladimir,FID,2733,14.0,
706383,2022,blitz,open,,9,Rapport Richard,ROU,2654,14.0,
706383,2022,blitz,open,,10,Artemiev Vladislav,FID,2803,13.5,
706383,2022,blitz,open,,11,Andreikin Dmitry,FID,2735,13.5,
706383,2022,blitz,open,,12,Nepomniachtchi Ian,FID,2782,13.5,
706383,2022,blitz,open,,13,Keymer Vincent,GER,2600,13.5,
706383,2022,blitz,open,,14,Salem A.R. Saleh,UAE,2633,13.5,
706383,2022,blitz,open,,15,Caruana Fabiano,USA,2847,13.0,
706383,2022,blitz,open,,16,Lazavik Denis,FID,2484,13.0,
706383,2022,blitz,open,,17,Harikrishna Pentala,IND,2617,13.0,
706383,2022,blitz,open,,18,Nihal Sarin,IND,2702,13.0,
706383,2022,blitz,open,,19,Abdusattorov Nodirbek,UZB,2666,13.0,
706383,2022,blitz,open,,20,Dardha Daniel,BEL,2528,13.0,
706383,2022,blitz,open,,21,Indjic Aleksandar,SRB,2616,13.0,
706383,2022,blitz,open,,22,Vakhidov Jakhongir,UZB,2507,13.0,
706383,2022,blitz,open,,23,Yu Yangyi,CHN,2807,12.5,
706383,2022,blitz,open,,24,Shimanov Aleksandr,FID,2605,12.5,
706383,2022,blitz,open,,25,Moussard Jules,FRA,2606,12.5,
706383,2022,blitz,open,,26,Riazantsev Alexander,FID,2595,12.5,
706383,2022,blitz,open,,27,Mamedov Rauf,AZE,2649,12.5,
706383,2022,blitz,open,,28,Anton Guijarro David,ESP,2585,12.5,
706383,2022,blitz,open,,29,Matlakov Maxim,FID,2674,12.5,
706383,2022,blitz,open,,30,Grischuk Alexander,FID,2763,12.5,
706383,2022,blitz,open,,31,Vachier-Lagrave Maxime,FRA,2771,12.5,
706383,2022,blitz,open,,32,Andriasian Zaven,ARM,2625,12.5,
706383,2022,blitz,open,,33,Petrosian Tigran L.,ARM,2632,12.5,
706383,2022,blitz,open,,34,Esipenko Andrey,FID,2620,12.5,
706383,2022,blitz,open,,35,Murzin Volodar,FID,2586,12.5,
706383,2022,blitz,open,,36,Suleymanli Aydin,AZE,2481,12.5,
706383,2022,blitz,open,,37,Tang Andrew,USA,2582,12.5,
706383,2022,blitz,open,,38,Sargsyan Shant,ARM,2602,12.5,
706383,2022,blitz,open,,39,Yakubboev Nodirbek,UZB,2560,12.5,
706383,2022,blitz,open,,40,Madaminov Mukhiddin,UZB,2333,12.0,
706383,2022,blitz,open,,41,Yoo Christopher Woojin,USA,2463,12.0,
706383,2022,blitz,open,,42,Erigaisi Arjun,IND,2750,12.0,
706383,2022,blitz,open,,43,Kobalia Mikhail,FID,2662,12.0,
706383,2022,blitz,open,,44,Gelfand Boris,ISR,2620,12.0,
706383,2022,blitz,open,,45,Amin Bassem,EGY,2713,12.0,
706383,2022,blitz,open,,46,Sychev Klementy,FID,2563,12.0,
706383,2022,blitz,open,,47,Niemann Hans Moke,USA,2632,12.0,
706383,2022,blitz,open,,48,Pantsulaia Levan,GEO,2563,12.0,
706383,2022,blitz,open,,49,Adhiban B.,IND,2613,12.0,
706383,2022,blitz,open,,50,Zhigalko Sergei,FID,2662,12.0,
706383,2022,blitz,open,,51,Quparadze Giga,GEO,2587,11.5,
706383,2022,blitz,open,,52,Sanal Vahap,TUR,2576,11.5,
706383,2022,blitz,open,,53,Shankland Sam,USA,2612,11.5,
706383,2022,blitz,open,,54,Ponkratov Pavel,FID,2539,11.5,
706383,2022,blitz,open,,55,Le Tuan Minh,VIE,2530,11.5,
706383,2022,blitz,open,,56,Tsydypov Zhamsaran,FID,2593,11.5,
706383,2022,blitz,open,,57,Maghsoodloo Parham,IRI,2672,11.5,
706383,2022,blitz,open,,58,Pranav V,IND,2440,11.5,
706383,2022,blitz,open,,59,Sargissian Gabriel,ARM,2559,11.5,
706383,2022,blitz,open,,60,Aravindh Chithambaram Vr.,IND,2586,11.5,
706383,2022,blitz,open,,61,Nguyen Thai Dai Van,CZE,2534,11.5,
706383,2022,blitz,open,,62,Tari Aryan,NOR,2620,11.5,
706383,2022,blitz,open,,63,Svane Rasmus,GER,2674,11.5,
706383,2022,blitz,open,,64,Ter-Sahakyan Samvel,ARM,2585,11.5,
706383,2022,blitz,open,,65,Muradli Mahammad,AZE,2610,11.5,
706383,2022,blitz,open,,66,Gareyev Timur,USA,2553,11.5,
706383,2022,blitz,open,,67,Mamedyarov Shakhriyar,AZE,2733,11.0,
706383,2022,blitz,open,,68,Cheparinov Ivan,BUL,2623,11.0,
706383,2022,blitz,open,,69,Petrosyan Manuel,ARM,2560,11.0,
706383,2022,blitz,open,,70,Tomashevsky Evgeny,FID,2698,11.0,
706383,2022,blitz,open,,71,Hansen Eric,CAN,2568,11.0,
706383,2022,blitz,open,,72,Ganguly Surya Shekhar,IND,2530,11.0,
706383,2022,blitz,open,,73,Alonso Rosell Alvar,ESP,2514,11.0,
706383,2022,blitz,open,,74,Chigaev Maksim,FID,2542,11.0,
706383,2022,blitz,open,,75,Makhnev Denis,KAZ,2507,11.0,
706383,2022,blitz,open,,76,Adly Ahmed,EGY,2605,11.0,
706383,2022,blitz,open,,77,Vallejo Pons Francisco,ESP,2644,11.0,
706383,2022,blitz,open,,78,Jobava Baadur,GEO,2582,11.0,
706383,2022,blitz,open,,79,Vokhidov Shamsiddin,UZB,2597,11.0,
706383,2022,blitz,open,,80,Ghaem Maghami Ehsan,IRI,2596,11.0,
706383,2022,blitz,open,,81,Fedorov Alexei,FID,2488,11.0,
706383,2022,blitz,open,,82,Paravyan David,FID,2551,10.5,
706383,2022,blitz,open,,83,Bluebaum Matthias,GER,2634,10.5,
706383,2022,blitz,open,,84,Sadhwani Raunak,IND,2657,10.5,
706383,2022,blitz,open,,85,Daneshvar Bardiya,IRI,2428,10.5,
706383,2022,blitz,open,,86,Dragnev Valentin,AUT,2523,10.5,
706383,2022,blitz,open,,87,Nogerbek Kazybek,KAZ,2487,10.5,
706383,2022,blitz,open,,88,Van Foreest Jorden,NED,2663,10.5,
706383,2022,blitz,open,,89,Tin Jingyao,SGP,2462,10.5,
706383,2022,blitz,open,,90,Vidit Santosh Gujrathi,IND,2669,10.5,
706383,2022,blitz,open,,91,Yudin Sergei,FID,2599,10.5,
706383,2022,blitz,open,,92,Svane Frederik,GER,2466,10.5,
706383,2022,blitz,open,,93,Agmanov Zhandos,KAZ,2389,10.5,
706383,2022,blitz,open,,94,Batsuren Dambasuren,MGL,2409,10.5,
706383,2022,blitz,open,,95,Lintchevski Daniil,FID,2589,10.5,
706383,2022,blitz,open,,96,Cheng Bobby,AUS,2476,10.5,
706383,2022,blitz,open,,97,Narayanan S.L.,IND,2562,10.5,
706383,2022,blitz,open,,98,Maze Sebastien,FRA,2431,10.5,
706383,2022,blitz,open,,99,Sjugirov Sanan,FID,2613,10.5,
706383,2022,blitz,open,,100,Tabatabaei M. Amin,IRI,2551,10.0,
706383,2022,blitz,open,,101,Predke Alexandr,FID,2616,10.0,
706383,2022,blitz,open,,102,Kovalev Vladislav,FID,2556,10.0,
706383,2022,blitz,open,,103,Nesterov Arseniy,FID,2477,10.0,
706383,2022,blitz,open,,104,Gharibyan Mamikon,ARM,2401,10.0,
706383,2022,blitz,open,,105,Idani Pouya,IRI,2610,10.0,
706383,2022,blitz,open,,106,Isanzhulov Arystan,KAZ,2383,10.0,
706383,2022,blitz,open,,107,Urazayev Arystanbek,KAZ,2464,10.0,
706383,2022,blitz,open,,108,Donchenko Alexander,GER,2581,10.0,
706383,2022,blitz,open,,109,Christiansen Johan-Sebastian,NOR,2501,10.0,
706383,2022,blitz,open,,110,Hambleton Aman,CAN,2538,10.0,
706383,2022,blitz,open,,111,Yilmaz Mustafa,TUR,2564,10.0,
706383,2022,blitz,open,,112,Munkhgal Gombosuren,MGL,2577,10.0,
706383,2022,blitz,open,,113,Narayanan Srinath,IND,2459,10.0,
706383,2022,blitz,open,,114,Durarbayli Vasif,AZE,2576,9.5,
706383,2022,blitz,open,,115,Petrov Nikita,FID,2531,9.5,
706383,2022,blitz,open,,116,Asadli Vugar,AZE,2635,9.5,
706383,2022,blitz,open,,117,Ghasi Ameet K,ENG,2587,9.5,
706383,2022,blitz,open,,118,Sindarov Javokhir,UZB,2639,9.5,
706383,2022,blitz,open,,119,Jumabayev Rinat,KAZ,2583,9.5,
706383,2022,blitz,open,,120,Hovhannisyan Robert,ARM,2570,9.5,
706383,2022,blitz,open,,121,Najer Evgeniy,FID,2566,9.5,
706383,2022,blitz,open,,122,Aleksandrov Aleksej,FID,2391,9.5,
706383,2022,blitz,open,,123,Khusnutdinov Rustam,KAZ,2510,9.5,
706383,2022,blitz,open,,124,Zhalmakhanov Ramazan,KAZ,2432,9.5,
706383,2022,blitz,open,,125,Kazakov Konstantin,KAZ,2379,9.5,
706383,2022,blitz,open,,126,Puranik Abhimanyu,IND,2506,9.5,
706383,2022,blitz,open,,127,Harutyunyan Tigran K.,ARM,2426,9.5,
706383,2022,blitz,open,,128,Abdilkhair Abilmansur,KAZ,2157,9.5,
706383,2022,blitz,open,,129,Kadric Denis,MNE,2657,9.0,
706383,2022,blitz,open,,130,Moiseenko Alexander,UKR,2577,9.0,
706383,2022,blitz,open,,131,Bilguun Sumiya,MGL,2365,9.0,
706383,2022,blitz,open,,132,Ivic Velimir,SRB,2614,9.0,
706383,2022,blitz,open,,133,Makarian Rudik,FID,2440,9.0,
706383,2022,blitz,open,,134,Saraci Nderim,KOS,2549,9.0,
706383,2022,blitz,open,,135,Averin Nikolay,FID,2231,9.0,
706383,2022,blitz,open,,136,Sankalp Gupta,IND,2438,9.0,
706383,2022,blitz,open,,137,Damjanovic Vuk,SRB,2439,9.0,
706383,2022,blitz,open,,138,Suyarov Mukhammadzokhid,UZB,2217,9.0,
706383,2022,blitz,open,,139,Amilal Munkhdalai,MGL,2144,9.0,
706383,2022,blitz,open,,140,Gadimbayli Abdulla,AZE,2399,9.0,
706383,2022,blitz,open,,141,Begmuratov Khumoyun,UZB,2267,9.0,
706383,2022,blitz,open,,142,Ansat Aldiyar,KAZ,2302,8.5,
706383,2022,blitz,open,,143,Brunello Sabino,ITA,2641,8.5,
706383,2022,blitz,open,,144,Tsaruk Maksim,FID,2330,8.5,
706383,2022,blitz,open,,145,Khripachenko Alexander,FID,2301,8.5,
706383,2022,blitz,open,,146,Kostenko Petr,KAZ,2365,8.5,
706383,2022,blitz,open,,147,Zverev Lev,FID,2333,8.5,
706383,2022,blitz,open,,148,Harsha Bharathakoti,IND,2527,8.5,
706383,2022,blitz,open,,149,Arjun Kalyan,IND,2426,8.5,
706383,2022,blitz,open,,150,Bologan Victor,MDA,2525,8.5,
706383,2022,blitz,open,,151,Burmakin Vladimir,FID,2513,8.5,
706383,2022,blitz,open,,152,Sapenov Daniyal,KAZ,2060,8.5,
706383,2022,blitz,open,,153,Khusenkhojaev Mustafokhuja,TJK,2217,8.5,
706383,2022,blitz,open,,154,Postlmayer Jakob,AUT,2182,8.5,
706383,2022,blitz,open,,155,Tologon Tegin Semetei,KGZ,2264,8.5,
706383,2022,blitz,open,,156,Savchenko Boris,FID,2577,8.0,
706383,2022,blitz,open,,157,Uskov Artem,FID,2401,8.0,
706383,2022,blitz,open,,158,Vetokhin Savva,FID,2312,8.0,
706383,2022,blitz,open,,159,Petkov Momchil,BUL,2411,8.0,
706383,2022,blitz,open,,160,Haldorsen Benjamin,NOR,2389,8.0,
706383,2022,blitz,open,,161,Degenbaev Aziz,KGZ,2039,8.0,
706383,2022,blitz,open,,162,Shishkov Andrei,EST,2230,8.0,
706383,2022,blitz,open,,163,Suleymenov Alisher,KAZ,2351,7.5,
706383,2022,blitz,open,,164,Utegaliyev Azamat,KAZ,2405,7.5,
706383,2022,blitz,open,,165,Gurel Ediz,TUR,2345,7.5,
706383,2022,blitz,open,,166,Mamedov Edgar,KAZ,2034,7.5,
706383,2022,blitz,open,,167,Korelskiy Egor,FID,2307,7.5,
706383,2022,blitz,open,,168,Mamatov Melis,KGZ,2299,7.5,
706383,2022,blitz,open,,169,Uruci Endrit,KOS,2379,7.0,
706383,2022,blitz,open,,170,Suleimen Ergali,KAZ,2050,7.0,
706383,2022,blitz,open,,171,Elier Ali,LBA,2173,6.5,
706383,2022,blitz,open,,172,Akhilbay Imangali,KAZ,2003,6.0,
706383,2022,blitz,open,,173,Amangeldy Ernur,KAZ,2023,5.5,
706383,2022,blitz,open,,174,Everett Elijah,WLS,2146,5.5,
706383,2022,blitz,open,,175,Nissinen Niilo Man,HKG,1896,5.0,
706383,2022,blitz,open,,176,Tulendinov Dinmukhammed,KAZ,1931,0.0,
864782,2023,rapid,open,,1,"Carlsen, Magnus",NOR,2818,10.0,
864782,2023,rapid,open,,2,"Fedoseev, Vladimir",SLO,2716,9.5,
864782,2023,rapid,open,,3,"Yu, Yangyi",CHN,2699,9.0,
864782,2023,rapid,open,,4,"Vidit, Santosh Gujrathi",IND,2691,9.0,
864782,2023,rapid,open,,5,"Murzin, Volodar",FID,2547,9.0,
864782,2023,rapid,open,,6,"Vachier-Lagrave, Maxime",FRA,2767,9.0,
864782,2023,rapid,open,,7,"Dubov, Daniil",FID,2712,9.0,
864782,2023,rapid,open,,8,"Praggnanandhaa, R",IND,2706,9.0,
864782,2023,rapid,open,,9,"Andreikin, Dmitry",FID,2629,9.0,
864782,2023,rapid,open,,10,"Grischuk, Alexander",FID,2678,9.0,
864782,2023,rapid,open,,11,"Abdusattorov, Nodirbek",UZB,2727,9.0,
864782,2023,rapid,open,,12,"Svidler, Peter",FID,2737,9.0,
864782,2023,rapid,open,,13,"Caruana, Fabiano",USA,2762,9.0,
864782,2023,rapid,open,,14,"Maghsoodloo, Parham",IRI,2644,9.0,
864782,2023,rapid,open,,15,"Erigaisi, Arjun",IND,2654,8.5,
864782,2023,rapid,open,,16,"Cheparinov, Ivan",BUL,2618,8.5,
864782,2023,rapid,open,,17,"Matlakov, Maxim",FID,2616,8.5,
864782,2023,rapid,open,,18,"Korobov, Anton",UKR,2601,8.5,
864782,2023,rapid,open,,19,"Rapport, Richard",ROU,2735,8.5,
864782,2023,rapid,open,,20,"Tomashevsky, Evgeny",FID,2642,8.5,
864782,2023,rapid,open,,21,"Dardha, Daniel",BEL,2543,8.5,
864782,2023,rapid,open,,22,"Van Foreest, Jorden",NED,2655,8.5,
864782,2023,rapid,open,,23,"Artemiev, Vladislav",FID,2721,8.5,
864782,2023,rapid,open,,24,"Giri, Anish",NED,2698,8.5,
864782,2023,rapid,open,,25,"Gukesh, D",IND,2656,8.5,
864782,2023,rapid,open,,26,"Niemann, Hans Moke",USA,2606,8.5,
864782,2023,rapid,open,,27,"Bharath, Subramaniyam H",IND,2426,8.0,
864782,2023,rapid,open,,28,"Grigoriants, Sergey",HUN,2493,8.0,
864782,2023,rapid,open,,29,"Narayanan, S L",IND,2586,8.0,
864782,2023,rapid,open,,30,"Vakhidov, Jakhongir",UZB,2527,8.0,
864782,2023,rapid,open,,31,"Lazavik, Denis",FID,2509,8.0,
864782,2023,rapid,open,,32,"Idani, Pouya",IRI,2516,8.0,
864782,2023,rapid,open,,33,"Makhnev, Denis",KAZ,2504,8.0,
864782,2023,rapid,open,,34,"Nepomniachtchi, Ian",FID,2778,8.0,
864782,2023,rapid,open,,35,"Anton Guijarro, David",ESP,2625,8.0,
864782,2023,rapid,open,,36,"Nihal, Sarin",IND,2667,8.0,
864782,2023,rapid,open,,37,"Aronian, Levon",USA,2762,8.0,
864782,2023,rapid,open,,38,"Sindarov, Javokhir",UZB,2625,8.0,
864782,2023,rapid,open,,39,"Radjabov, Teimour",AZE,2691,8.0,
864782,2023,rapid,open,,40,"Bocharov, Dmitry",FID,2515,8.0,
864782,2023,rapid,open,,41,"Vokhidov, Shamsiddin",UZB,2527,8.0,
864782,2023,rapid,open,,42,"Gurel, Ediz",TUR,2313,8.0,
864782,2023,rapid,open,,43,"Sargsyan, Shant",ARM,2591,8.0,
864782,2023,rapid,open,,44,"Madaminov, Mukhiddin",UZB,2415,8.0,
864782,2023,rapid,open,,45,"Duda, Jan-Krzysztof",POL,2772,8.0,
864782,2023,rapid,open,,46,"Keymer, Vincent",GER,2631,7.5,
864782,2023,rapid,open,,47,"Daneshvar, Bardiya",IRI,2470,7.5,
864782,2023,rapid,open,,48,"Petrosian, Tigran L.",ARM,2604,7.5,
864782,2023,rapid,open,,49,"Holt, Conrad",USA,2548,7.5,
864782,2023,rapid,open,,50,"Quparadze, Giga",GEO,2559,7.5,
864782,2023,rapid,open,,51,"Bai, Jinshi",CHN,2540,7.5,
864782,2023,rapid,open,,52,"Tari, Aryan",NOR,2540,7.5,
864782,2023,rapid,open,,53,"Grebnev, Aleksey",FID,2461,7.5,
864782,2023,rapid,open,,54,"Brunello, Sabino",ITA,2651,7.5,
864782,2023,rapid,open,,55,"Najer, Evgeniy",FID,2579,7.5,
864782,2023,rapid,open,,56,"Suleymanli, Aydin",AZE,2517,7.5,
864782,2023,rapid,open,,57,"Mitrabha, Guha",IND,2436,7.5,
864782,2023,rapid,open,,58,"Makarian, Rudik",FID,2493,7.5,
864782,2023,rapid,open,,59,"Hong, Andrew",USA,2539,7.5,
864782,2023,rapid,open,,60,"Gokerkan, Cem Kaan",TUR,2365,7.5,
864782,2023,rapid,open,,61,"Nigmatov, Ortik",UZB,2398,7.5,
864782,2023,rapid,open,,62,"Pranav, V",IND,2472,7.5,
864782,2023,rapid,open,,63,"Predke, Alexandr",SRB,2586,7.5,
864782,2023,rapid,open,,64,"Demchenko, Anton",SLO,2538,7.5,
864782,2023,rapid,open,,65,"Suleymenov, Alisher",KAZ,2446,7.5,
864782,2023,rapid,open,,66,"Sanal, Vahap",TUR,2526,7.5,
864782,2023,rapid,open,,67,"Chigaev, Maksim",ESP,2587,7.0,
864782,2023,rapid,open,,68,"Xu, Xiangyu",CHN,2598,7.0,
864782,2023,rapid,open,,69,"Shevchenko, Kirill",ROU,2619,7.0,
864782,2023,rapid,open,,70,"Ponkratov, Pavel",FID,2580,7.0,
864782,2023,rapid,open,,71,"Gareyev, Timur",USA,2588,7.0,
864782,2023,rapid,open,,72,"Nesterov, Arseniy",FID,2534,7.0,
864782,2023,rapid,open,,73,"Paravyan, David",FID,2584,7.0,
864782,2023,rapid,open,,74,"Mamedov, Rauf",AZE,2622,7.0,
864782,2023,rapid,open,,75,"Shimanov, Aleksandr",FID,2599,7.0,
864782,2023,rapid,open,,76,"Pichot, Alan",ESP,2575,7.0,
864782,2023,rapid,open,,77,"Chanda, Sandipan",IND,2602,7.0,
864782,2023,rapid,open,,78,"Esipenko, Andrey",FID,2677,7.0,
864782,2023,rapid,open,,79,"Mamedyarov, Shakhriyar",AZE,2715,7.0,
864782,2023,rapid,open,,80,"Indjic, Aleksandar",SRB,2552,7.0,
864782,2023,rapid,open,,81,"Sychev, Klementy",FID,2481,7.0,
864782,2023,rapid,open,,82,"Hovhannisyan, Robert",ARM,2589,7.0,
864782,2023,rapid,open,,83,"Salem, A.R. Saleh",UAE,2680,7.0,
864782,2023,rapid,open,,84,"Ter-Sahakyan, Samvel",ARM,2542,7.0,
864782,2023,rapid,open,,85,"Smirnov, Anton",AUS,2486,7.0,
864782,2023,rapid,open,,86,"Sarana, Alexey",SRB,2649,7.0,
864782,2023,rapid,open,,87,"Tabatabaei, M. Amin",IRI,2576,7.0,
864782,2023,rapid,open,,88,"Kovalev, Vladislav",FID,2532,7.0,
864782,2023,rapid,open,,89,"Riazantsev, Alexander",FID,2504,7.0,
864782,2023,rapid,open,,90,"Amar, Elham",NOR,2475,7.0,
864782,2023,rapid,open,,91,"Xue, Haowen",CHN,2320,6.5,
864782,2023,rapid,open,,92,"Aditya, Mittal",IND,2381,6.5,
864782,2023,rapid,open,,93,"Fressinet, Laurent",FRA,2652,6.5,
864782,2023,rapid,open,,94,"Vetokhin, Savva",FID,2376,6.5,
864782,2023,rapid,open,,95,"Lysyj, Igor",FID,2547,6.5,
864782,2023,rapid,open,,96,"Tsaruk, Maksim",FID,2364,6.5,
864782,2023,rapid,open,,97,"Abdurakhmonov, Mukhammadali",UZB,2236,6.5,
864782,2023,rapid,open,,98,"Vrolijk, Liam",NED,2498,6.5,
864782,2023,rapid,open,,99,"Dreev, Aleksey",FID,2557,6.5,
864782,2023,rapid,open,,100,"Karthik, Venkataraman",IND,2426,6.5,
864782,2023,rapid,open,,101,"Savchenko, Boris",FID,2560,6.5,
864782,2023,rapid,open,,102,"Aravindh, Chithambaram Vr.",IND,2573,6.5,
864782,2023,rapid,open,,103,"Isanzhulov, Arystan",KAZ,2299,6.5,
864782,2023,rapid,open,,104,"Petrosyan, Manuel",ARM,2561,6.5,
864782,2023,rapid,open,,105,"Sjugirov, Sanan",HUN,2571,6.5,
864782,2023,rapid,open,,106,"Kosakowski, Jakub",POL,2472,6.5,
864782,2023,rapid,open,,107,"Ruck, Robert",HUN,2470,6.5,
864782,2023,rapid,open,,108,"Kobalia, Mikhail",FID,2539,6.5,
864782,2023,rapid,open,,109,"Zvjaginsev, Vadim",FID,2469,6.5,
864782,2023,rapid,open,,110,"Gorovets, Andrey",FID,2563,6.5,
864782,2023,rapid,open,,111,"Urazayev, Arystanbek",KAZ,2534,6.5,
864782,2023,rapid,open,,112,"Jobava, Baadur",GEO,2671,6.5,
864782,2023,rapid,open,,113,"Pantsulaia, Levan",GEO,2538,6.0,
864782,2023,rapid,open,,114,"Sapenov, Daniyal",KAZ,2285,6.0,
864782,2023,rapid,open,,115,"Kuzubov, Yuriy",UKR,2626,6.0,
864782,2023,rapid,open,,116,"Kezin, Roman",FID,2497,6.0,
864782,2023,rapid,open,,117,"Petrov, Nikita",MNE,2509,6.0,
864782,2023,rapid,open,,118,"Nogerbek, Kazybek",KAZ,2446,6.0,
864782,2023,rapid,open,,119,"Henriquez Villagra, Cristobal",CHI,2590,6.0,
864782,2023,rapid,open,,120,"Zeng, Chongsheng",CHN,2501,6.0,
864782,2023,rapid,open,,121,"Martirosyan, Haik M.",ARM,2634,6.0,
864782,2023,rapid,open,,122,"Galchenko, Matvey",FID,2416,6.0,
864782,2023,rapid,open,,123,"Uskov, Artem",FID,2376,6.0,
864782,2023,rapid,open,,124,"Averin, Nikolay",FID,2377,6.0,
864782,2023,rapid,open,,125,"Bryakin, Mikhail",SRB,2508,6.0,
864782,2023,rapid,open,,126,"Suyarov, Mukhammadzokhid",UZB,2300,6.0,
864782,2023,rapid,open,,127,"Terry, Renato",PER,2471,6.0,
864782,2023,rapid,open,,128,"Ivic, Velimir",SRB,2509,6.0,
864782,2023,rapid,open,,129,"Khusenkhojaev, Mustafokhuja",TJK,2205,6.0,
864782,2023,rapid,open,,130,"Markov, Mikhail",KGZ,2266,6.0,
864782,2023,rapid,open,,131,"Song, Raymond",TPE,2402,6.0,
864782,2023,rapid,open,,132,"Zilka, Stepan",CZE,2474,6.0,
864782,2023,rapid,open,,133,"Adhiban, B.",IND,2528,6.0,
864782,2023,rapid,open,,134,"Fayzullaev, Akmal",UZB,2293,6.0,
864782,2023,rapid,open,,135,"Piorun, Kacper",POL,2517,6.0,
864782,2023,rapid,open,,136,"Xiu, Deshun",CHN,2579,6.0,
864782,2023,rapid,open,,137,"Amilal, Munkhdalai",MGL,2340,6.0,
864782,2023,rapid,open,,138,"Jumabayev, Rinat",KAZ,2500,6.0,
864782,2023,rapid,open,,139,"Gharibyan, Mamikon",ARM,2427,6.0,
864782,2023,rapid,open,,140,"Drazic, Sinisa",SRB,2412,6.0,
864782,2023,rapid,open,,141,"Van Foreest, Lucas",NED,2484,6.0,
864782,2023,rapid,open,,142,"Iljiushenok, Ilia",FID,2480,5.5,
864782,2023,rapid,open,,143,"Ansat, Aldiyar",KAZ,2325,5.5,
864782,2023,rapid,open,,144,"Abdisalimov, Abdimalik",UZB,2330,5.5,
864782,2023,rapid,open,,145,"Sklokin, Sergey",FID,1946,5.5,
864782,2023,rapid,open,,146,"Nasuta, Grzegorz",POL,2402,5.5,
864782,2023,rapid,open,,147,"Shogdzhiev, Roman",FID,2042,5.5,
864782,2023,rapid,open,,148,"Ganguly, Surya Shekhar",IND,2645,5.5,
864782,2023,rapid,open,,149,"Pingin, Artem",FID,2394,5.5,
864782,2023,rapid,open,,150,"Sadhwani, Raunak",IND,2586,5.5,
864782,2023,rapid,open,,151,"Hirneise, Jens",GER,2436,5.5,
864782,2023,rapid,open,,152,"Zhalmakhanov, Ramazan",KAZ,2395,5.5,
864782,2023,rapid,open,,153,"Akhmedov, David",FID,2099,5.5,
864782,2023,rapid,open,,154,"Begmuratov, Khumoyun",UZB,2195,5.5,
864782,2023,rapid,open,,155,"Iturrizaga Bonelli, Eduardo",ESP,2635,5.0,
864782,2023,rapid,open,,156,"Pranesh, M",IND,2459,5.0,
864782,2023,rapid,open,,157,"Yakubboev, Nodirbek",UZB,2564,5.0,
864782,2023,rapid,open,,158,"Haldorsen, Benjamin",NOR,2301,5.0,
864782,2023,rapid,open,,159,"Amangeldy, Ernur",KAZ,2012,5.0,
864782,2023,rapid,open,,160,"Seemann, Jakub",POL,2330,5.0,
864782,2023,rapid,open,,161,"Kuandykuly, Danis",KAZ,1755,5.0,
864782,2023,rapid,open,,162,"Sattarov, Bobir",UZB,2333,5.0,
864782,2023,rapid,open,,163,"Bilguun, Sumiya",MGL,2474,5.0,
864782,2023,rapid,open,,164,"Saydaliev, Saidakbar",UZB,2316,5.0,
864782,2023,rapid,open,,165,"Gaehwiler, Gabriel",SUI,2384,5.0,
864782,2023,rapid,open,,166,"Kakabayev, Mergen",TKM,2257,5.0,
864782,2023,rapid,open,,167,"Rakhmatullaev, Almas",UZB,2251,5.0,
864782,2023,rapid,open,,168,"Agmanov, Zhandos",KAZ,2383,5.0,
864782,2023,rapid,open,,169,"Vescovi, Giovanni",BRA,2609,5.0,
864782,2023,rapid,open,,170,"Tissir, Mohamed",MAR,2358,5.0,
864782,2023,rapid,open,,171,"Leiva, Gianmarco",PER,2351,5.0,
864782,2023,rapid,open,,172,"Tregubenko, Nikolay",FID,1815,5.0,
864782,2023,rapid,open,,173,"Harutyunyan, Tigran K.",ARM,2439,5.0,
864782,2023,rapid,open,,174,"Khismatullin, Denis",FID,2507,4.5,
864782,2023,rapid,open,,175,"Asadli, Vugar",AZE,2499,4.5,
864782,2023,rapid,open,,176,"Vakhidov, Daler",UZB,2110,4.5,
864782,2023,rapid,open,,177,"Yonal, Timur",TUR,1854,4.5,
864782,2023,rapid,open,,178,"Tsydypov, Zhamsaran",FID,2533,4.5,
864782,2023,rapid,open,,179,"Vasquez Schroeder, Rodrigo",CHI,2582,4.5,
864782,2023,rapid,open,,180,"Bakhrillaev, Bakhrom",UZB,2196,4.5,
864782,2023,rapid,open,,181,"Wanyama, Harold",UGA,2210,4.5,
864782,2023,rapid,open,,182,"Gallego Alcaraz, Andres Felipe",COL,2419,4.5,
864782,2023,rapid,open,,183,"Zverev, Lev",FID,2269,4.0,
864782,2023,rapid,open,,184,"Christiansen, Johan-Sebastian",NOR,2494,4.0,
864782,2023,rapid,open,,185,"Orozbaev, Eldiar",KGZ,2294,4.0,
864782,2023,rapid,open,,186,"Oro, Faustino",ARG,2150,4.0,
864782,2023,rapid,open,,187,"O`gorman, Tom",IRL,2299,4.0,
864782,2023,rapid,open,,188,"Rojas Salas, Steven",PER,2175,4.0,
864782,2023,rapid,open,,189,"Nafri, Khalil",MAR,2243,4.0,
864782,2023,rapid,open,,190,"Omonov, Asrorjon",UZB,2005,3.5,
864782,2023,rapid,open,,191,"Turayev, Shahruh",TKM,2184,3.5,
864782,2023,rapid,open,,192,"Guseinov, Gadir",AZE,2631,3.5,
864782,2023,rapid,open,,193,"Garayev, Kanan",AZE,2280,3.5,
864782,2023,rapid,open,,194,"Xie, Felix",NZL,2164,3.5,
864782,2023,rapid,open,,195,"Ilkhomi, Jaloliddin",TJK,1989,3.5,
864782,2023,rapid,open,,196,"Kasimov, Ali",UZB,2114,3.5,
864782,2023,rapid,open,,197,"Chinguun, Sumiya",MGL,2130,3.0,
864782,2023,rapid,open,,198,"Rakhmanov, Aleksandr",FID,2617,3.0,
864782,2023,rapid,open,,199,"Bogdan, David",FID,1745,3.0,
864782,2023,rapid,open,,200,"Mustafaev, Jamshid",UZB,2313,2.5,
864782,2023,rapid,open,,201,"Ohanyan, Emin",ARM,2302,2.5,
864782,2023,rapid,open,,202,"Muradli, Mahammad",AZE,2451,2.5,
864421,2023,blitz,open,,1,"Carlsen, Magnus",NOR,2887,16.0,
864421,2023,blitz,open,,2,"Dubov, Daniil",FID,2763,15.5,
864421,2023,blitz,open,,3,"Artemiev, Vladislav",FID,2799,15.0,
864421,2023,blitz,open,,4,"Vachier-Lagrave, Maxime",FRA,2748,14.5,
864421,2023,blitz,open,,5,"Nepomniachtchi, Ian",FID,2795,14.0,
864421,2023,blitz,open,,6,"Erigaisi, Arjun",IND,2729,14.0,
864421,2023,blitz,open,,7,"Aronian, Levon",USA,2772,14.0,
864421,2023,blitz,open,,8,"Lazavik, Denis",FID,2556,14.0,
864421,2023,blitz,open,,9,"Indjic, Aleksandar",SRB,2631,13.5,
864421,2023,blitz,open,,10,"Duda, Jan-Krzysztof",POL,2775,13.5,
864421,2023,blitz,open,,11,"Rapport, Richard",ROU,2748,13.5,
864421,2023,blitz,open,,12,"Caruana, Fabiano",USA,2815,13.5,
864421,2023,blitz,open,,13,"Yu, Yangyi",CHN,2762,13.5,
864421,2023,blitz,open,,14,"Aravindh, Chithambaram Vr.",IND,2584,13.5,
864421,2023,blitz,open,,15,"Grischuk, Alexander",FID,2699,13.5,
864421,2023,blitz,open,,16,"Andreikin, Dmitry",FID,2741,13.5,
864421,2023,blitz,open,,17,"Makarian, Rudik",FID,2540,13.5,
864421,2023,blitz,open,,18,"Daneshvar, Bardiya",IRI,2483,13.5,
864421,2023,blitz,open,,19,"Murzin, Volodar",FID,2591,13.0,
864421,2023,blitz,open,,20,"Sarana, Alexey",SRB,2707,13.0,
864421,2023,blitz,open,,21,"Tsydypov, Zhamsaran",FID,2626,13.0,
864421,2023,blitz,open,,22,"Mamedyarov, Shakhriyar",AZE,2716,13.0,
864421,2023,blitz,open,,23,"Svidler, Peter",FID,2689,13.0,
864421,2023,blitz,open,,24,"Jobava, Baadur",GEO,2599,13.0,
864421,2023,blitz,open,,25,"Tomashevsky, Evgeny",FID,2663,13.0,
864421,2023,blitz,open,,26,"Hovhannisyan, Robert",ARM,2570,13.0,
864421,2023,blitz,open,,27,"Keymer, Vincent",GER,2629,13.0,
864421,2023,blitz,open,,28,"Praggnanandhaa, R",IND,2665,12.5,
864421,2023,blitz,open,,29,"Vokhidov, Shamsiddin",UZB,2588,12.5,
864421,2023,blitz,open,,30,"Giri, Anish",NED,2731,12.5,
864421,2023,blitz,open,,31,"Maghsoodloo, Parham",IRI,2660,12.5,
864421,2023,blitz,open,,32,"Radjabov, Teimour",AZE,2664,12.5,
864421,2023,blitz,open,,33,"Makhnev, Denis",KAZ,2528,12.5,
864421,2023,blitz,open,,34,"Rakhmanov, Aleksandr",FID,2521,12.5,
864421,2023,blitz,open,,35,"Narayanan, S L",IND,2564,12.5,
864421,2023,blitz,open,,36,"Salem, A.R. Saleh",UAE,2668,12.5,
864421,2023,blitz,open,,37,"Muradli, Mahammad",AZE,2551,12.5,
864421,2023,blitz,open,,38,"Gukesh, D",IND,2657,12.5,
864421,2023,blitz,open,,39,"Niemann, Hans Moke",USA,2614,12.5,
864421,2023,blitz,open,,40,"Yakubboev, Nodirbek",UZB,2582,12.5,
864421,2023,blitz,open,,41,"Petrosian, Tigran L.",ARM,2610,12.5,
864421,2023,blitz,open,,42,"Sychev, Klementy",FID,2583,12.5,
864421,2023,blitz,open,,43,"Nihal, Sarin",IND,2689,12.0,
864421,2023,blitz,open,,44,"Tabatabaei, M. Amin",IRI,2573,12.0,
864421,2023,blitz,open,,45,"Nesterov, Arseniy",FID,2488,12.0,
864421,2023,blitz,open,,46,"Riazantsev, Alexander",FID,2621,12.0,
864421,2023,blitz,open,,47,"Bharath, Subramaniyam H",IND,2435,12.0,
864421,2023,blitz,open,,48,"Mamedov, Rauf",AZE,2635,12.0,
864421,2023,blitz,open,,49,"Sindarov, Javokhir",UZB,2607,12.0,
864421,2023,blitz,open,,50,"Ponomariov, Ruslan",UKR,2613,12.0,
864421,2023,blitz,open,,51,"Guseinov, Gadir",AZE,2563,12.0,
864421,2023,blitz,open,,52,"Pantsulaia, Levan",GEO,2579,12.0,
864421,2023,blitz,open,,53,"Anton Guijarro, David",ESP,2616,12.0,
864421,2023,blitz,open,,54,"Kuzubov, Yuriy",UKR,2487,12.0,
864421,2023,blitz,open,,55,"Esipenko, Andrey",FID,2615,12.0,
864421,2023,blitz,open,,56,"Petrosyan, Manuel",ARM,2556,12.0,
864421,2023,blitz,open,,57,"Shimanov, Aleksandr",FID,2611,11.5,
864421,2023,blitz,open,,58,"Bai, Jinshi",CHN,2516,11.5,
864421,2023,blitz,open,,59,"Christiansen, Johan-Sebastian",NOR,2541,11.5,
864421,2023,blitz,open,,60,"Abdusattorov, Nodirbek",UZB,2694,11.5,
864421,2023,blitz,open,,61,"Vidit, Santosh Gujrathi",IND,2642,11.5,
864421,2023,blitz,open,,62,"Sadhwani, Raunak",IND,2668,11.5,
864421,2023,blitz,open,,63,"Predke, Alexandr",SRB,2594,11.5,
864421,2023,blitz,open,,64,"Korobov, Anton",UKR,2649,11.5,
864421,2023,blitz,open,,65,"Adhiban, B.",IND,2576,11.5,
864421,2023,blitz,open,,66,"Dardha, Daniel",BEL,2568,11.5,
864421,2023,blitz,open,,67,"Matlakov, Maxim",FID,2638,11.5,
864421,2023,blitz,open,,68,"Dreev, Aleksey",FID,2599,11.5,
864421,2023,blitz,open,,69,"Nogerbek, Kazybek",KAZ,2488,11.5,
864421,2023,blitz,open,,70,"Smirnov, Anton",AUS,2647,11.5,
864421,2023,blitz,open,,71,"Idani, Pouya",IRI,2574,11.5,
864421,2023,blitz,open,,72,"Aditya, Mittal",IND,2425,11.5,
864421,2023,blitz,open,,73,"Ter-Sahakyan, Samvel",ARM,2556,11.5,
864421,2023,blitz,open,,74,"Ponkratov, Pavel",FID,2547,11.5,
864421,2023,blitz,open,,75,"Iturrizaga Bonelli, Eduardo",ESP,2645,11.5,
864421,2023,blitz,open,,76,"Vakhidov, Jakhongir",UZB,2574,11.0,
864421,2023,blitz,open,,77,"Suleymanli, Aydin",AZE,2553,11.0,
864421,2023,blitz,open,,78,"Kovalev, Vladislav",FID,2539,11.0,
864421,2023,blitz,open,,79,"Bocharov, Dmitry",FID,2482,11.0,
864421,2023,blitz,open,,80,"Uskov, Artem",FID,2328,11.0,
864421,2023,blitz,open,,81,"Van Foreest, Jorden",NED,2664,11.0,
864421,2023,blitz,open,,82,"Mitrabha, Guha",IND,2512,11.0,
864421,2023,blitz,open,,83,"Sargsyan, Shant",ARM,2633,11.0,
864421,2023,blitz,open,,84,"Sanal, Vahap",TUR,2637,11.0,
864421,2023,blitz,open,,85,"Fressinet, Laurent",FRA,2636,11.0,
864421,2023,blitz,open,,86,"Paravyan, David",FID,2566,11.0,
864421,2023,blitz,open,,87,"Grebnev, Aleksey",FID,2404,11.0,
864421,2023,blitz,open,,88,"Abdurakhmonov, Mukhammadali",UZB,2214,11.0,
864421,2023,blitz,open,,89,"Karthik, Venkataraman",IND,2440,11.0,
864421,2023,blitz,open,,90,"Tari, Aryan",NOR,2577,11.0,
864421,2023,blitz,open,,91,"Madaminov, Mukhiddin",UZB,2460,11.0,
864421,2023,blitz,open,,92,"Cheparinov, Ivan",BUL,2613,11.0,
864421,2023,blitz,open,,93,"Ivic, Velimir",SRB,2542,11.0,
864421,2023,blitz,open,,94,"Chigaev, Maksim",ESP,2561,11.0,
864421,2023,blitz,open,,95,"Kosakowski, Jakub",POL,2485,11.0,
864421,2023,blitz,open,,96,"Orozbaev, Eldiar",KGZ,2236,11.0,
864421,2023,blitz,open,,97,"Isanzhulov, Arystan",KAZ,2431,11.0,
864421,2023,blitz,open,,98,"Sjugirov, Sanan",HUN,2569,10.5,
864421,2023,blitz,open,,99,"Petrov, Nikita",MNE,2521,10.5,
864421,2023,blitz,open,,100,"Terry, Renato",PER,2578,10.5,
864421,2023,blitz,open,,101,"Fedoseev, Vladimir",SLO,2719,10.5,
864421,2023,blitz,open,,102,"Moiseenko, Alexander",UKR,2556,10.5,
864421,2023,blitz,open,,103,"Omonov, Asrorjon",UZB,2069,10.5,
864421,2023,blitz,open,,104,"Gurel, Ediz",TUR,2359,10.5,
864421,2023,blitz,open,,105,"Nigmatov, Ortik",UZB,2382,10.5,
864421,2023,blitz,open,,106,"Agmanov, Zhandos",KAZ,2407,10.5,
864421,2023,blitz,open,,107,"Piorun, Kacper",POL,2589,10.5,
864421,2023,blitz,open,,108,"Henriquez Villagra, Cristobal",CHI,2568,10.5,
864421,2023,blitz,open,,109,"Ruck, Robert",HUN,2561,10.5,
864421,2023,blitz,open,,110,"Zvjaginsev, Vadim",FID,2570,10.5,
864421,2023,blitz,open,,111,"Suyarov, Mukhammadzokhid",UZB,2449,10.5,
864421,2023,blitz,open,,112,"Zeng, Chongsheng",CHN,2504,10.5,
864421,2023,blitz,open,,113,"Abdisalimov, Abdimalik",UZB,2417,10.5,
864421,2023,blitz,open,,114,"Brunello, Sabino",ITA,2573,10.5,
864421,2023,blitz,open,,115,"Demchenko, Anton",SLO,2545,10.5,
864421,2023,blitz,open,,116,"Xu, Xiangyu",CHN,2491,10.5,
864421,2023,blitz,open,,117,"Pranav, V",IND,2562,10.5,
864421,2023,blitz,open,,118,"Vasquez Schroeder, Rodrigo",CHI,2582,10.0,
864421,2023,blitz,open,,119,"Iljiushenok, Ilia",FID,2479,10.0,
864421,2023,blitz,open,,120,"Gareyev, Timur",USA,2569,10.0,
864421,2023,blitz,open,,121,"Haldorsen, Benjamin",NOR,2405,10.0,
864421,2023,blitz,open,,122,"Gokerkan, Cem Kaan",TUR,2365,10.0,
864421,2023,blitz,open,,123,"Khismatullin, Denis",FID,2552,10.0,
864421,2023,blitz,open,,124,"Quparadze, Giga",GEO,2617,10.0,
864421,2023,blitz,open,,125,"Najer, Evgeniy",FID,2545,10.0,
864421,2023,blitz,open,,126,"Jumabayev, Rinat",KAZ,2561,10.0,
864421,2023,blitz,open,,127,"Vetokhin, Savva",FID,2483,10.0,
864421,2023,blitz,open,,128,"Van Foreest, Lucas",NED,2519,10.0,
864421,2023,blitz,open,,129,"Kezin, Roman",FID,2492,10.0,
864421,2023,blitz,open,,130,"Savchenko, Boris",FID,2513,10.0,
864421,2023,blitz,open,,131,"Saydaliev, Saidakbar",UZB,2323,10.0,
864421,2023,blitz,open,,132,"Pichot, Alan",ESP,2592,10.0,
864421,2023,blitz,open,,133,"Pranesh, M",IND,2481,9.5,
864421,2023,blitz,open,,134,"Tsaruk, Maksim",FID,2378,9.5,
864421,2023,blitz,open,,135,"Vrolijk, Liam",NED,2487,9.5,
864421,2023,blitz,open,,136,"Hong, Andrew",USA,2460,9.5,
864421,2023,blitz,open,,137,"Rakhmatullaev, Almas",UZB,2218,9.5,
864421,2023,blitz,open,,138,"Urazayev, Arystanbek",KAZ,2408,9.5,
864421,2023,blitz,open,,139,"Garayev, Kanan",AZE,2260,9.5,
864421,2023,blitz,open,,140,"Grigoriants, Sergey",HUN,2532,9.5,
864421,2023,blitz,open,,141,"Sattarov, Bobir",UZB,2351,9.5,
864421,2023,blitz,open,,142,"Amar, Elham",NOR,2470,9.5,
864421,2023,blitz,open,,143,"Bilguun, Sumiya",MGL,2407,9.5,
864421,2023,blitz,open,,144,"Bologan, Victor",MDA,2489,9.5,
864421,2023,blitz,open,,145,"Fayzullaev, Akmal",UZB,2342,9.5,
864421,2023,blitz,open,,146,"Gorovets, Andrey",FID,2418,9.5,
864421,2023,blitz,open,,147,"Xiu, Deshun",CHN,2493,9.5,
864421,2023,blitz,open,,148,"Chanda, Sandipan",IND,2490,9.5,
864421,2023,blitz,open,,149,"Rojas Salas, Steven",PER,2210,9.5,
864421,2023,blitz,open,,150,"Asadli, Vugar",AZE,2584,9.5,
864421,2023,blitz,open,,151,"Suleymenov, Alisher",KAZ,2326,9.0,
864421,2023,blitz,open,,152,"Gaehwiler, Gabriel",SUI,2448,9.0,
864421,2023,blitz,open,,153,"Begmuratov, Khumoyun",UZB,2276,9.0,
864421,2023,blitz,open,,154,"Ansat, Aldiyar",KAZ,2404,9.0,
864421,2023,blitz,open,,155,"Galchenko, Matvey",FID,2424,9.0,
864421,2023,blitz,open,,156,"Akhmedov, David",FID,2154,9.0,
864421,2023,blitz,open,,157,"Amilal, Munkhdalai",MGL,2293,9.0,
864421,2023,blitz,open,,158,"Ganguly, Surya Shekhar",IND,2549,9.0,
864421,2023,blitz,open,,159,"Kazhgaleyev, Murtas",KAZ,2488,9.0,
864421,2023,blitz,open,,160,"Sapenov, Daniyal",KAZ,2289,9.0,
864421,2023,blitz,open,,161,"Nasuta, Grzegorz",POL,2467,9.0,
864421,2023,blitz,open,,162,"Khusnutdinov, Rustam",KAZ,2499,9.0,
864421,2023,blitz,open,,163,"Averin, Nikolay",FID,2283,9.0,
864421,2023,blitz,open,,164,"Vescovi, Giovanni",BRA,2593,9.0,
864421,2023,blitz,open,,165,"Khusenkhojaev, Mustafokhuja",TJK,2082,9.0,
864421,2023,blitz,open,,166,"Zhalmakhanov, Ramazan",KAZ,2427,8.5,
864421,2023,blitz,open,,167,"Zverev, Lev",FID,2299,8.5,
864421,2023,blitz,open,,168,"Bryakin, Mikhail",SRB,2495,8.5,
864421,2023,blitz,open,,169,"Pingin, Artem",FID,2358,8.5,
864421,2023,blitz,open,,170,"Kakabayev, Mergen",TKM,2255,8.5,
864421,2023,blitz,open,,171,"Bakhrillaev, Bakhrom",UZB,1994,8.5,
864421,2023,blitz,open,,172,"Drazic, Sinisa",SRB,2276,8.5,
864421,2023,blitz,open,,173,"O`gorman, Tom",IRL,2288,8.5,
864421,2023,blitz,open,,174,"Oro, Faustino",ARG,2105,8.5,
864421,2023,blitz,open,,175,"Kobalia, Mikhail",FID,2558,8.0,
864421,2023,blitz,open,,176,"Seemann, Jakub",POL,2332,8.0,
864421,2023,blitz,open,,177,"Xue, Haowen",CHN,2155,8.0,
864421,2023,blitz,open,,178,"Chinguun, Sumiya",MGL,2200,8.0,
864421,2023,blitz,open,,179,"Gharibyan, Mamikon",ARM,2444,8.0,
864421,2023,blitz,open,,180,"Markov, Mikhail",KGZ,2255,8.0,
864421,2023,blitz,open,,181,"Gallego Alcaraz, Andres Felipe",COL,2384,8.0,
864421,2023,blitz,open,,182,"Mustafaev, Jamshid",UZB,2323,8.0,
864421,2023,blitz,open,,183,"Harutyunyan, Tigran K.",ARM,2407,8.0,
864421,2023,blitz,open,,184,"Song, Raymond",TPE,2383,8.0,
864421,2023,blitz,open,,185,"Kuziev, Miraziz",UZB,2196,8.0,
864421,2023,blitz,open,,186,"Leiva, Gianmarco",PER,2338,7.5,
864421,2023,blitz,open,,187,"Vakhidov, Daler",UZB,2110,7.5,
864421,2023,blitz,open,,188,"Zilka, Stepan",CZE,2494,7.5,
864421,2023,blitz,open,,189,"Shogdzhiev, Roman",FID,2117,7.5,
864421,2023,blitz,open,,190,"Ilkhomi, Jaloliddin",TJK,2054,7.5,
864421,2023,blitz,open,,191,"Wanyama, Harold",UGA,2228,7.5,
864421,2023,blitz,open,,192,"Kuandykuly, Danis",KAZ,1718,7.5,
864421,2023,blitz,open,,193,"Sklokin, Sergey",FID,1995,7.5,
864421,2023,blitz,open,,194,"Martirosyan, Haik M.",ARM,2770,7.0,
864421,2023,blitz,open,,195,"Xie, Felix",NZL,2107,7.0,
864421,2023,blitz,open,,196,"Turayev, Shahruh",TKM,2168,7.0,
864421,2023,blitz,open,,197,"Botiraliev, Abdumajid",UZB,1515,6.5,
864421,2023,blitz,open,,198,"Amangeldy, Ernur",KAZ,2144,6.5,
864421,2023,blitz,open,,199,"Tissir, Mohamed",MAR,2458,6.5,
864421,2023,blitz,open,,200,"Tregubenko, Nikolay",FID,1955,6.5,
864421,2023,blitz,open,,201,"Holt, Conrad",USA,2592,6.0,
864421,2023,blitz,open,,202,"Nafri, Khalil",MAR,2151,5.5,
864421,2023,blitz,open,,203,"Yonal, Timur",TUR,1862,5.0,
864421,2023,blitz,open,,204,"Ohanyan, Emin",ARM,2387,4.5,
864421,2023,blitz,open,,205,"Bogdan, David",FID,1880,3.5,
864421,2023,blitz,open,,206,"Shevchenko, Kirill",ROU,2603,2.0,
1074690,2024,rapid,open,,1,"Murzin, Volodar",FID,2588,10.0,2881.0
1074690,2024,rapid,open,,2,"Grischuk, Alexander",FID,2675,9.5,2749.0
1074690,2024,rapid,open,,3,"Nepomniachtchi, Ian",FID,2758,9.5,2753.0
1074690,2024,rapid,open,,4,"Dominguez Perez, Leinier",USA,2699,9.0,2747.0
1074690,2024,rapid,open,,5,"Erigaisi, Arjun",IND,2694,9.0,2773.0
1074690,2024,rapid,open,,6,"Sindarov, Javokhir",UZB,2655,9.0,2720.0
1074690,2024,rapid,open,,7,"Firouzja, Alireza",FRA,2756,9.0,2738.0
1074690,2024,rapid,open,,8,"Dubov, Daniil",FID,2677,9.0,2728.0
1074690,2024,rapid,open,,9,"Grigoryan, Karen H.",ARM,2622,9.0,2629.0
1074690,2024,rapid,open,,10,"Sevian, Samuel",USA,2614,8.5,2760.0
1074690,2024,rapid,open,,11,"Giri, Anish",NED,2678,8.5,2733.0
1074690,2024,rapid,open,,12,"Muradli, Mahammad",AZE,2464,8.5,2761.0
1074690,2024,rapid,open,,13,"Yu, Yangyi",CHN,2698,8.5,2704.0
1074690,2024,rapid,open,,14,"Mamedyarov, Shakhriyar",AZE,2711,8.5,2697.0
1074690,2024,rapid,open,,15,"Caruana, Fabiano",USA,2766,8.5,2693.0
1074690,2024,rapid,open,,16,"Robson, Ray",USA,2645,8.5,2679.0
1074690,2024,rapid,open,,17,"Praggnanandhaa, R",IND,2688,8.5,2661.0
1074690,2024,rapid,open,,18,"Bortnyk, Olexandr",UKR,2642,8.5,2631.0
1074690,2024,rapid,open,,19,"Wei, Yi",CHN,2760,8.5,2666.0
1074690,2024,rapid,open,,20,"Niemann, Hans Moke",USA,2618,8.5,2640.0
1074690,2024,rapid,open,,21,"Salem, A.R. Saleh",UAE,2647,8.5,2610.0
1074690,2024,rapid,open,,22,"Duda, Jan-Krzysztof",POL,2740,8.0,2685.0
1074690,2024,rapid,open,,23,"Durarbayli, Vasif",AZE,2531,8.0,2716.0
1074690,2024,rapid,open,,24,"Jacobson, Brandon",USA,2459,8.0,2749.0
1074690,2024,rapid,open,,25,"Aronian, Levon",USA,2757,8.0,2688.0
1074690,2024,rapid,open,,26,"Sargsyan, Shant",ARM,2601,8.0,2665.0
1074690,2024,rapid,open,,27,"Lazavik, Denis",FID,2553,8.0,2700.0
1074690,2024,rapid,open,,28,"Abdusattorov, Nodirbek",UZB,2740,8.0,2694.0
1074690,2024,rapid,open,,29,"Esipenko, Andrey",FID,2642,8.0,2692.0
1074690,2024,rapid,open,,30,"Theodorou, Nikolas",GRE,2535,8.0,2609.0
1074690,2024,rapid,open,,31,"Martirosyan, Haik M.",ARM,2609,8.0,2641.0
1074690,2024,rapid,open,,32,"Bjerre, Jonas Buhl",DEN,2524,8.0,2638.0
1074690,2024,rapid,open,,33,"Antipov, Mikhail Al.",USA,2591,8.0,2672.0
1074690,2024,rapid,open,,34,"Vachier-Lagrave, Maxime",FRA,2763,8.0,2656.0
1074690,2024,rapid,open,,35,"Anton Guijarro, David",ESP,2635,8.0,2577.0
1074690,2024,rapid,open,,36,"van Foreest, Jorden",NED,2651,8.0,2573.0
1074690,2024,rapid,open,,37,"Shimanov, Aleksandr",FID,2578,8.0,2578.0
1074690,2024,rapid,open,,38,"Gelfand, Boris",ISR,2630,8.0,2558.0
1074690,2024,rapid,open,,39,"Xiong, Jeffery",USA,2714,8.0,2576.0
1074690,2024,rapid,open,,40,"Aravindh, Chithambaram Vr.",IND,2546,8.0,2555.0
1074690,2024,rapid,open,,41,"Le, Quang Liem",VIE,2657,8.0,2578.0
1074690,2024,rapid,open,,42,"Deac, Bogdan-Daniel",ROU,2635,7.5,2690.0
1074690,2024,rapid,open,,43,"Naroditsky, Daniel",USA,2638,7.5,2620.0
1074690,2024,rapid,open,,44,"Pranav, V",IND,2497,7.5,2686.0
1074690,2024,rapid,open,,45,"Nakamura, Hikaru",USA,2755,7.5,2597.0
1074690,2024,rapid,open,,46,"Safarli, Eltaj",AZE,2611,7.5,2581.0
1074690,2024,rapid,open,,47,"Bu, Xiangzhi",CHN,2569,7.5,2609.0
1074690,2024,rapid,open,,48,"Vakhidov, Jakhongir",UZB,2466,7.5,2661.0
1074690,2024,rapid,open,,49,"Tari, Aryan",NOR,2559,7.5,2578.0
1074690,2024,rapid,open,,50,"Bluebaum, Matthias",GER,2608,7.5,2525.0
1074690,2024,rapid,open,,51,"Dardha, Daniel",BEL,2554,7.5,2653.0
1074690,2024,rapid,open,,52,"Oparin, Grigoriy",USA,2655,7.5,2521.0
1074690,2024,rapid,open,,53,"Meier, Georg",URU,2624,7.5,2524.0
1074690,2024,rapid,open,,54,"Lodici, Lorenzo",ITA,2450,7.5,2580.0
1074690,2024,rapid,open,,55,"Sadhwani, Raunak",IND,2591,7.0,2661.0
1074690,2024,rapid,open,,56,"Shankland, Sam",USA,2618,7.0,2629.0
1074690,2024,rapid,open,,57,"Nesterov, Arseniy",FID,2539,7.0,2614.0
1074690,2024,rapid,open,,58,"Pichot, Alan",ESP,2591,7.0,2535.0
1074690,2024,rapid,open,,59,"Svane, Rasmus",GER,2629,7.0,2556.0
1074690,2024,rapid,open,,60,"Can, Isik",TUR,2371,7.0,2609.0
1074690,2024,rapid,open,,61,"So, Wesley",USA,2739,7.0,2567.0
1074690,2024,rapid,open,,62,"Jumabayev, Rinat",KAZ,2503,7.0,2624.0
1074690,2024,rapid,open,,63,"Grebnev, Aleksey",FID,2496,7.0,2557.0
1074690,2024,rapid,open,,64,"Chasin, Nico",USA,2300,7.0,2594.0
1074690,2024,rapid,open,,65,"Zemlyanskii, Ivan",FID,2495,7.0,2599.0
1074690,2024,rapid,open,,66,"Volokitin, Andrei",UKR,2569,7.0,2559.0
1074690,2024,rapid,open,,67,"Andriasian, Zaven",ARM,2624,7.0,2568.0
1074690,2024,rapid,open,,68,"Ivanchuk, Vasyl",UKR,2647,7.0,2555.0
1074690,2024,rapid,open,,69,"Ansat, Aldiyar",KAZ,2338,7.0,2596.0
1074690,2024,rapid,open,,70,"Cheparinov, Ivan",BUL,2638,7.0,2485.0
1074690,2024,rapid,open,,71,"Paravyan, David",FID,2562,7.0,2488.0
1074690,2024,rapid,open,,72,"Hakobyan, Aram",ARM,2513,7.0,2533.0
1074690,2024,rapid,open,,73,"Samadov, Read",AZE,2434,7.0,2610.0
1074690,2024,rapid,open,,74,"Rakhmanov, Aleksandr",FID,2561,7.0,2486.0
1074690,2024,rapid,open,,75,"Petrosian, Tigran L.",ARM,2601,7.0,2495.0
1074690,2024,rapid,open,,76,"Tsaruk, Maksim",FID,2437,7.0,2562.0
1074690,2024,rapid,open,,77,"Karthik, Venkataraman",IND,2411,7.0,2609.0
1074690,2024,rapid,open,,78,"Khanin, Semen",FID,2484,7.0,2580.0
1074690,2024,rapid,open,,79,"Hardaway, Brewington",USA,2181,7.0,2603.0
1074690,2024,rapid,open,,80,"Adewumi, Tanitoluwa",USA,2262,7.0,2589.0
1074690,2024,rapid,open,,81,"Bok, Benjamin",NED,2596,7.0,2515.0
1074690,2024,rapid,open,,82,"Ohanyan, Emin",ARM,2295,7.0,2585.0
1074690,2024,rapid,open,,83,"Akobian, Varuzhan",USA,2604,7.0,2464.0
1074690,2024,rapid,open,,84,"Amar, Elham",NOR,2494,7.0,2440.0
1074690,2024,rapid,open,,85,"Indjic, Aleksandar",SRB,2598,7.0,2437.0
1074690,2024,rapid,open,,86,"Madaminov, Mukhiddin",UZB,2456,7.0,2477.0
1074690,2024,rapid,open,,87,"Isanzhulov, Arystan",KAZ,2427,6.5,2587.0
1074690,2024,rapid,open,,88,"Gan-Erdene, Sugar",MGL,2405,6.5,2572.0
1074690,2024,rapid,open,,89,"Lenderman, Aleksandr",USA,2621,6.5,2524.0
1074690,2024,rapid,open,,90,"Hong, Andrew",USA,2560,6.5,2477.0
1074690,2024,rapid,open,,91,"Dudin, Gleb",HUN,2436,6.5,2541.0
1074690,2024,rapid,open,,92,"Le Tuan, Minh",VIE,2492,6.5,2557.0
1074690,2024,rapid,open,,93,"Oro, Faustino",ARG,2404,6.5,2508.0
1074690,2024,rapid,open,,94,"Donchenko, Alexander",GER,2578,6.5,2458.0
1074690,2024,rapid,open,,95,"Damjanovic, Vuk",SRB,2375,6.5,2529.0
1074690,2024,rapid,open,,96,"Brodsky, David",USA,2491,6.5,2410.0
1074690,2024,rapid,open,,97,"Rasulov, Vugar",AZE,2456,6.5,2459.0
1074690,2024,rapid,open,,98,"Harsha, Bharathakoti",IND,2516,6.5,2424.0
1074690,2024,rapid,open,,99,"Suleymanli, Aydin",AZE,2549,6.5,2459.0
1074690,2024,rapid,open,,100,"Ibarra Jerez, Jose Carlos",ESP,2555,6.5,2439.0
1074690,2024,rapid,open,,101,"Moradiabadi, Elshan",USA,2552,6.5,2422.0
1074690,2024,rapid,open,,102,"Kobalia, Mikhail",FID,2522,6.5,2403.0
1074690,2024,rapid,open,,103,"Gagunashvili, Merab",GEO,2460,6.5,2293.0
1074690,2024,rapid,open,,104,"Chanda, Sandipan",IND,2585,6.5,2385.0
1074690,2024,rapid,open,,105,"Lomasov, Semyon",ISR,2560,6.0,2499.0
1074690,2024,rapid,open,,106,"Ghosh, Diptayan",IND,2455,6.0,2530.0
1074690,2024,rapid,open,,107,"Svane, Frederik",GER,2455,6.0,2579.0
1074690,2024,rapid,open,,108,"Makarian, Rudik",FID,2498,6.0,2541.0
1074690,2024,rapid,open,,109,"Nogerbek, Kazybek",KAZ,2526,6.0,2512.0
1074690,2024,rapid,open,,110,"Lu, Shanglei",CHN,2638,6.0,2484.0
1074690,2024,rapid,open,,111,"Chirila, Ioan-Cristian",ROU,2500,6.0,2428.0
1074690,2024,rapid,open,,112,"Kadric, Denis",MNE,2513,6.0,2470.0
1074690,2024,rapid,open,,113,"Tang, Andrew",USA,2425,6.0,2479.0
1074690,2024,rapid,open,,114,"Sardana, Rishi",AUS,2409,6.0,2447.0
1074690,2024,rapid,open,,115,"Kacharava, Nikolozi",GEO,2405,6.0,2494.0
1074690,2024,rapid,open,,116,"Andersen, Mads",DEN,2512,6.0,2331.0
1074690,2024,rapid,open,,117,"Kevlishvili, Robby",NED,2558,6.0,2345.0
1074690,2024,rapid,open,,118,"Urazayev, Arystanbek",KAZ,2423,6.0,2433.0
1074690,2024,rapid,open,,119,"Christiansen, Johan-Sebastian",NOR,2468,6.0,2405.0
1074690,2024,rapid,open,,120,"Saraci, Nderim",KOS,2419,6.0,2421.0
1074690,2024,rapid,open,,121,"Barbosa, Oliver",PHI,2610,6.0,2368.0
1074690,2024,rapid,open,,122,"Thavandiran, Shiyam",CAN,2405,6.0,2404.0
1074690,2024,rapid,open,,123,"Woodward, Andy",USA,2530,5.5,2468.0
1074690,2024,rapid,open,,124,"Liang, Awonder",USA,2519,5.5,2490.0
1074690,2024,rapid,open,,125,"Bai, Adelard",TPE,2232,5.5,2504.0
1074690,2024,rapid,open,,126,"Zarnicki, Pablo",ARG,2460,5.5,2490.0
1074690,2024,rapid,open,,127,"Amartuvshin, Ganzorig",MGL,2298,5.5,2485.0
1074690,2024,rapid,open,,128,"Moroni, Luca Jr",ITA,2525,5.5,2399.0
1074690,2024,rapid,open,,129,"Suleymenov, Alisher",KAZ,2413,5.5,2502.0
1074690,2024,rapid,open,,130,"Manafov, Vugar",AZE,2349,5.5,2479.0
1074690,2024,rapid,open,,131,"Vokhidov, Shamsiddin",UZB,2540,5.5,2442.0
1074690,2024,rapid,open,,132,"Sarana, Alexey",SRB,2654,5.5,2415.0
1074690,2024,rapid,open,,133,"Smirnov, Mark",KAZ,2045,5.5,2477.0
1074690,2024,rapid,open,,134,"Blohberger, Felix",AUT,2423,5.5,2434.0
1074690,2024,rapid,open,,135,"Banh Gia, Huy",VIE,2203,5.5,2454.0
1074690,2024,rapid,open,,136,"Hovhannisyan, Robert",ARM,2575,5.5,2332.0
1074690,2024,rapid,open,,137,"Bezold, Michael",GER,2574,5.5,2269.0
1074690,2024,rapid,open,,138,"Hungaski, Robert",USA,2402,5.5,2421.0
1074690,2024,rapid,open,,139,"Manon, Reja Neer",BAN,2193,5.5,2408.0
1074690,2024,rapid,open,,140,"Gretarsson, Helgi Ass",ISL,2392,5.5,2329.0
1074690,2024,rapid,open,,141,"Soo, Kai Jie",AUS,2112,5.5,2291.0
1074690,2024,rapid,open,,142,"Wanyama, Harold",UGA,2191,5.5,2273.0
1074690,2024,rapid,open,,143,"Mamedov, Edgar",KAZ,2356,5.0,2462.0
1074690,2024,rapid,open,,144,"Fressinet, Laurent",FRA,2598,5.0,2329.0
1074690,2024,rapid,open,,145,"Escobar Forero, Alder",COL,2409,5.0,2427.0
1074690,2024,rapid,open,,146,"Onischuk, Alexander",USA,2668,5.0,2349.0
1074690,2024,rapid,open,,147,"Batsuren, Dambasuren",MGL,2435,5.0,2405.0
1074690,2024,rapid,open,,148,"Carlsen, Magnus",NOR,2838,5.0,2582.0
1074690,2024,rapid,open,,149,"Macovei, Andrei",MDA,2375,5.0,2426.0
1074690,2024,rapid,open,,150,"Bilych, Oleksii",UKR,2450,5.0,2316.0
1074690,2024,rapid,open,,151,"Kvaloy, Aksel Bu",NOR,2226,5.0,2378.0
1074690,2024,rapid,open,,152,"Bologan, Victor",MDA,2540,5.0,2323.0
1074690,2024,rapid,open,,153,"Rosen, Eric",USA,2325,5.0,2394.0
1074690,2024,rapid,open,,154,"Schnaider, Ilan",ARG,2285,5.0,2388.0
1074690,2024,rapid,open,,155,"Gaehwiler, Gabriel",SUI,2353,5.0,2383.0
1074690,2024,rapid,open,,156,"Druska, Juraj",SVK,2433,5.0,2330.0
1074690,2024,rapid,open,,157,"Erenburg, Sergey",USA,2510,5.0,2264.0
1074690,2024,rapid,open,,158,"Lou, Yiping",CHN,2471,4.5,2249.0
1074690,2024,rapid,open,,159,"Juksta, Karolis",LTU,2309,4.5,2372.0
1074690,2024,rapid,open,,160,"Sharshenbekov, Emir",KGZ,2243,4.5,2289.0
1074690,2024,rapid,open,,161,"Papasimakopoulos, Alexandros",GRE,2417,4.5,2305.0
1074690,2024,rapid,open,,162,"Horvath, Dominik",AUT,2430,4.5,2292.0
1074690,2024,rapid,open,,163,"Dragnev, Valentin",AUT,2473,4.5,2240.0
1074690,2024,rapid,open,,164,"Matviishen, Viktor",UKR,2436,4.0,2355.0
1074690,2024,rapid,open,,165,"Corrales Jimenez, Fidel",USA,2516,4.0,2249.0
1074690,2024,rapid,open,,166,"Benjamin, Joel",USA,2473,4.0,2213.0
1074690,2024,rapid,open,,167,"Wagner, Dennis",GER,2456,4.0,2230.0
1074690,2024,rapid,open,,168,"Degenbaev, Aziz",KGZ,2227,4.0,2310.0
1074690,2024,rapid,open,,169,"Pereira, Fabian",PAR,2148,4.0,2206.0
1074690,2024,rapid,open,,170,"Grahn, Vidar",SWE,2206,4.0,2130.0
1074690,2024,rapid,open,,171,"Zhalmakhanov, Ramazan",KAZ,2423,3.5,2374.0
1074690,2024,rapid,open,,172,"George, Kevin",EGY,2212,3.5,2299.0
1074690,2024,rapid,open,,173,"Ghaem Maghami, Ehsan",IRI,2522,3.5,2230.0
1074690,2024,rapid,open,,174,"Makoto, Rodwell",ZIM,2407,3.5,2030.0
1074690,2024,rapid,open,,175,"Esquivel Golcher, Luis Enrique",PAN,2073,3.5,2136.0
1074690,2024,rapid,open,,176,"Dlugy, Maxim",USA,2538,3.0,2283.0
1074690,2024,rapid,open,,177,"Larrea, Manuel",URU,2254,3.0,2039.0
1074690,2024,rapid,open,,178,"Meylan, Andre",MNC,2083,3.0,2081.0
1074690,2024,rapid,open,,179,"Wong, Hayoung",KOR,1704,3.0,2028.0
1074690,2024,rapid,open,,180,"Ahmed, Nidal",PLE,1827,1.0,1977.0
1074692,2024,blitz,open,,1,"Nepomniachtchi, Ian",FID,2770,9.5,
1074692,2024,blitz,open,,2,"Carlsen, Magnus",NOR,2890,9.5,
1074692,2024,blitz,open,,3,"So, Wesley",USA,2803,9.5,
1074692,2024,blitz,open,,4,"Duda, Jan-Krzysztof",POL,2776,9.5,
1074692,2024,blitz,open,,5,"Caruana, Fabiano",USA,2796,9.5,
1074692,2024,blitz,open,,6,"Firouzja, Alireza",FRA,2871,9.5,
1074692,2024,blitz,open,,7,"Niemann, Hans Moke",USA,2709,9.5,
1074692,2024,blitz,open,,8,"Murzin, Volodar",FID,2629,9.5,
1074692,2024,blitz,open,,9,"Naroditsky, Daniel",USA,2711,9.5,
1074692,2024,blitz,open,,10,"Dubov, Daniil",FID,2784,9.5,
1074692,2024,blitz,open,,11,"Bortnyk, Olexandr",UKR,2762,9.0,
1074692,2024,blitz,open,,12,"Bortnyk, Mykola",UKR,2616,9.0,
1074692,2024,blitz,open,,13,"Martirosyan, Haik M.",ARM,2692,9.0,
1074692,2024,blitz,open,,14,"Aronian, Levon",USA,2737,8.5,
1074692,2024,blitz,open,,15,"Sevian, Samuel",USA,2693,8.5,
1074692,2024,blitz,open,,16,"Dominguez Perez, Leinier",USA,2656,8.5,
1074692,2024,blitz,open,,17,"Antipov, Mikhail Al.",USA,2545,8.5,
1074692,2024,blitz,open,,18,"Grischuk, Alexander",FID,2684,8.5,
1074692,2024,blitz,open,,19,"Lu, Shanglei",CHN,2648,8.5,
1074692,2024,blitz,open,,20,"Bok, Benjamin",NED,2627,8.5,
1074692,2024,blitz,open,,21,"Nakamura, Hikaru",USA,2860,8.5,
1074692,2024,blitz,open,,22,"Nogerbek, Kazybek",KAZ,2511,8.5,
1074692,2024,blitz,open,,23,"Praggnanandhaa, R",IND,2716,8.5,
1074692,2024,blitz,open,,24,"Oparin, Grigoriy",USA,2659,8.5,
1074692,2024,blitz,open,,25,"Lazavik, Denis",FID,2610,8.5,
1074692,2024,blitz,open,,26,"Le Tuan, Minh",VIE,2532,8.5,
1074692,2024,blitz,open,,27,"Lenderman, Aleksandr",USA,2582,8.5,
1074692,2024,blitz,open,,28,"Suleymanli, Aydin",AZE,2593,8.5,
1074692,2024,blitz,open,,29,"Xiong, Jeffery",USA,2707,8.0,
1074692,2024,blitz,open,,30,"Giri, Anish",NED,2659,8.0,
1074692,2024,blitz,open,,31,"Lomasov, Semyon",ISR,2445,8.0,
1074692,2024,blitz,open,,32,"Woodward, Andy",USA,2353,8.0,
1074692,2024,blitz,open,,33,"Makarian, Rudik",FID,2581,8.0,
1074692,2024,blitz,open,,34,"Svane, Rasmus",GER,2597,8.0,
1074692,2024,blitz,open,,35,"Sadhwani, Raunak",IND,2663,8.0,
1074692,2024,blitz,open,,36,"Vokhidov, Shamsiddin",UZB,2593,8.0,
1074692,2024,blitz,open,,37,"Sindarov, Javokhir",UZB,2628,8.0,
1074692,2024,blitz,open,,38,"Dardha, Daniel",BEL,2563,8.0,
1074692,2024,blitz,open,,39,"Abdusattorov, Nodirbek",UZB,2707,8.0,
1074692,2024,blitz,open,,40,"Salem, A.R. Saleh",UAE,2674,8.0,
1074692,2024,blitz,open,,41,"van Foreest, Jorden",NED,2599,8.0,
1074692,2024,blitz,open,,42,"Safarli, Eltaj",AZE,2644,8.0,
1074692,2024,blitz,open,,43,"Donchenko, Alexander",GER,2586,8.0,
1074692,2024,blitz,open,,44,"Gelfand, Boris",ISR,2583,7.5,
1074692,2024,blitz,open,,45,"Liang, Awonder",USA,2527,7.5,
1074692,2024,blitz,open,,46,"Wei, Yi",CHN,2719,7.5,
1074692,2024,blitz,open,,47,"Lodici, Lorenzo",ITA,2464,7.5,
1074692,2024,blitz,open,,48,"Amar, Elham",NOR,2538,7.5,
1074692,2024,blitz,open,,49,"Sarana, Alexey",SRB,2689,7.5,
1074692,2024,blitz,open,,50,"Zemlyanskii, Ivan",FID,2545,7.5,
1074692,2024,blitz,open,,51,"Mamedyarov, Shakhriyar",AZE,2705,7.5,
1074692,2024,blitz,open,,52,"Corrales Jimenez, Fidel",USA,2527,7.5,
1074692,2024,blitz,open,,53,"Kevlishvili, Robby",NED,2590,7.5,
1074692,2024,blitz,open,,54,"Christiansen, Johan-Sebastian",NOR,2560,7.5,
1074692,2024,blitz,open,,55,"Mishra, Abhimanyu",USA,2452,7.5,
1074692,2024,blitz,open,,56,"Bluebaum, Matthias",GER,2621,7.5,
1074692,2024,blitz,open,,57,"Vakhidov, Jakhongir",UZB,2546,7.5,
1074692,2024,blitz,open,,58,"Vachier-Lagrave, Maxime",FRA,2776,7.5,
1074692,2024,blitz,open,,59,"Pichot, Alan",ESP,2531,7.5,
1074692,2024,blitz,open,,60,"Tari, Aryan",NOR,2587,7.5,
1074692,2024,blitz,open,,61,"Indjic, Aleksandar",SRB,2670,7.5,
1074692,2024,blitz,open,,62,"Dlugy, Maxim",USA,2560,7.5,
1074692,2024,blitz,open,,63,"Rasulov, Vugar",AZE,2511,7.5,
1074692,2024,blitz,open,,64,"Erigaisi, Arjun",IND,2749,7.0,
1074692,2024,blitz,open,,65,"Shankland, Sam",USA,2657,7.0,
1074692,2024,blitz,open,,66,"Ivanchuk, Vasyl",UKR,2651,7.0,
1074692,2024,blitz,open,,67,"Pranav, V",IND,2572,7.0,
1074692,2024,blitz,open,,68,"Aravindh, Chithambaram Vr.",IND,2618,7.0,
1074692,2024,blitz,open,,69,"Bu, Xiangzhi",CHN,2760,7.0,
1074692,2024,blitz,open,,70,"Hong, Andrew",USA,2469,7.0,
1074692,2024,blitz,open,,71,"Dudin, Gleb",HUN,2371,7.0,
1074692,2024,blitz,open,,72,"Durarbayli, Vasif",AZE,2577,7.0,
1074692,2024,blitz,open,,73,"Moroni, Luca Jr",ITA,2532,7.0,
1074692,2024,blitz,open,,74,"Samadov, Read",AZE,2404,7.0,
1074692,2024,blitz,open,,75,"Esipenko, Andrey",FID,2608,7.0,
1074692,2024,blitz,open,,76,"Tang, Andrew",USA,2586,7.0,
1074692,2024,blitz,open,,77,"Svane, Frederik",GER,2502,7.0,
1074692,2024,blitz,open,,78,"Deac, Bogdan-Daniel",ROU,2637,7.0,
1074692,2024,blitz,open,,79,"Shimanov, Aleksandr",FID,2623,7.0,
1074692,2024,blitz,open,,80,"Damjanovic, Vuk",SRB,2447,7.0,
1074692,2024,blitz,open,,81,"Kadric, Denis",MNE,2583,7.0,
1074692,2024,blitz,open,,82,"Paravyan, David",FID,2587,7.0,
1074692,2024,blitz,open,,83,"Petrosian, Tigran L.",ARM,2593,7.0,
1074692,2024,blitz,open,,84,"Robson, Ray",USA,2656,7.0,
1074692,2024,blitz,open,,85,"Jacobson, Brandon",USA,2482,6.5,
1074692,2024,blitz,open,,86,"Jumabayev, Rinat",KAZ,2507,6.5,
1074692,2024,blitz,open,,87,"Madaminov, Mukhiddin",UZB,2471,6.5,
1074692,2024,blitz,open,,88,"Hardaway, Brewington",USA,2394,6.5,
1074692,2024,blitz,open,,89,"Yu, Yangyi",CHN,2728,6.5,
1074692,2024,blitz,open,,90,"Mamedov, Edgar",KAZ,2411,6.5,
1074692,2024,blitz,open,,91,"Le, Quang Liem",VIE,2705,6.5,
1074692,2024,blitz,open,,92,"Grigoryan, Karen H.",ARM,2678,6.5,
1074692,2024,blitz,open,,93,"Can, Isik",TUR,2374,6.5,
1074692,2024,blitz,open,,94,"Andriasian, Zaven",ARM,2610,6.5,
1074692,2024,blitz,open,,95,"Meier, Georg",URU,2533,6.5,
1074692,2024,blitz,open,,96,"Macovei, Andrei",MDA,2444,6.5,
1074692,2024,blitz,open,,97,"Hovhannisyan, Robert",ARM,2585,6.5,
1074692,2024,blitz,open,,98,"Gagunashvili, Merab",GEO,2532,6.5,
1074692,2024,blitz,open,,99,"Saraci, Nderim",KOS,2518,6.5,
1074692,2024,blitz,open,,100,"Matviishen, Viktor",UKR,2423,6.5,
1074692,2024,blitz,open,,101,"Dragnev, Valentin",AUT,2476,6.5,
1074692,2024,blitz,open,,102,"Fressinet, Laurent",FRA,2584,6.5,
1074692,2024,blitz,open,,103,"Horvath, Dominik",AUT,2401,6.5,
1074692,2024,blitz,open,,104,"Volokitin, Andrei",UKR,2536,6.5,
1074692,2024,blitz,open,,105,"Ibarra Jerez, Jose Carlos",ESP,2640,6.5,
1074692,2024,blitz,open,,106,"Muradli, Mahammad",AZE,2566,6.5,
1074692,2024,blitz,open,,107,"Isanzhulov, Arystan",KAZ,2538,6.5,
1074692,2024,blitz,open,,108,"Theodorou, Nikolas",GRE,2543,6.0,
1074692,2024,blitz,open,,109,"Manafov, Vugar",AZE,2365,6.0,
1074692,2024,blitz,open,,110,"Grebnev, Aleksey",FID,2463,6.0,
1074692,2024,blitz,open,,111,"Lou, Yiping",CHN,2419,6.0,
1074692,2024,blitz,open,,112,"Karthik, Venkataraman",IND,2458,6.0,
1074692,2024,blitz,open,,113,"Ansat, Aldiyar",KAZ,2392,6.0,
1074692,2024,blitz,open,,114,"Tsaruk, Maksim",FID,2474,6.0,
1074692,2024,blitz,open,,115,"Hakobyan, Aram",ARM,2570,6.0,
1074692,2024,blitz,open,,116,"Bjerre, Jonas Buhl",DEN,2508,6.0,
1074692,2024,blitz,open,,117,"Batsuren, Dambasuren",MGL,2451,6.0,
1074692,2024,blitz,open,,118,"Adewumi, Tanitoluwa",USA,2405,6.0,
1074692,2024,blitz,open,,119,"Rakhmanov, Aleksandr",FID,2577,6.0,
1074692,2024,blitz,open,,120,"Blohberger, Felix",AUT,2451,6.0,
1074692,2024,blitz,open,,121,"Harsha, Bharathakoti",IND,2527,6.0,
1074692,2024,blitz,open,,122,"Ghaem Maghami, Ehsan",IRI,2559,6.0,
1074692,2024,blitz,open,,123,"Anton Guijarro, David",ESP,2576,6.0,
1074692,2024,blitz,open,,124,"Nesterov, Arseniy",FID,2529,6.0,
1074692,2024,blitz,open,,125,"Sharshenbekov, Emir",KGZ,2205,6.0,
1074692,2024,blitz,open,,126,"Bezold, Michael",GER,2531,6.0,
1074692,2024,blitz,open,,127,"Juksta, Karolis",LTU,2338,6.0,
1074692,2024,blitz,open,,128,"Urazayev, Arystanbek",KAZ,2447,5.5,
1074692,2024,blitz,open,,129,"Sargsyan, Shant",ARM,2618,5.5,
1074692,2024,blitz,open,,130,"Ghosh, Diptayan",IND,2552,5.5,
1074692,2024,blitz,open,,131,"Raja, Harshit",IND,2451,5.5,
1074692,2024,blitz,open,,132,"Zarnicki, Pablo",ARG,2463,5.5,
1074692,2024,blitz,open,,133,"Gan-Erdene, Sugar",MGL,2320,5.5,
1074692,2024,blitz,open,,134,"Thavandiran, Shiyam",CAN,2411,5.5,
1074692,2024,blitz,open,,135,"Hungaski, Robert",USA,2432,5.5,
1074692,2024,blitz,open,,136,"Chanda, Sandipan",IND,2441,5.5,
1074692,2024,blitz,open,,137,"Khanin, Semen",FID,2461,5.5,
1074692,2024,blitz,open,,138,"Sardana, Rishi",AUS,2336,5.5,
1074692,2024,blitz,open,,139,"Al-Tarboush, Ward",NOR,2340,5.5,
1074692,2024,blitz,open,,140,"Kacharava, Nikolozi",GEO,2445,5.5,
1074692,2024,blitz,open,,141,"Suleymenov, Alisher",KAZ,2375,5.5,
1074692,2024,blitz,open,,142,"Stearman, Josiah",USA,2383,5.5,
1074692,2024,blitz,open,,143,"Margvelashvili, Giorgi",GEO,2554,5.5,
1074692,2024,blitz,open,,144,"Oro, Faustino",ARG,2431,5.5,
1074692,2024,blitz,open,,145,"Barbosa, Oliver",PHI,2594,5.5,
1074692,2024,blitz,open,,146,"Chirila, Ioan-Cristian",ROU,2445,5.5,
1074692,2024,blitz,open,,147,"Wagner, Dennis",GER,2491,5.5,
1074692,2024,blitz,open,,148,"Brodsky, David",USA,2482,5.0,
1074692,2024,blitz,open,,149,"Bai, Adelard",TPE,2316,5.0,
1074692,2024,blitz,open,,150,"Akobian, Varuzhan",USA,2496,5.0,
1074692,2024,blitz,open,,151,"Rosen, Eric",USA,2342,5.0,
1074692,2024,blitz,open,,152,"Andersen, Mads",DEN,2518,5.0,
1074692,2024,blitz,open,,153,"Erenburg, Sergey",USA,2555,5.0,
1074692,2024,blitz,open,,154,"Gretarsson, Helgi Ass",ISL,2380,5.0,
1074692,2024,blitz,open,,155,"Benjamin, Joel",USA,2561,5.0,
1074692,2024,blitz,open,,156,"Degenbaev, Aziz",KGZ,2222,5.0,
1074692,2024,blitz,open,,157,"Kobalia, Mikhail",FID,2500,4.5,
1074692,2024,blitz,open,,158,"Zhalmakhanov, Ramazan",KAZ,2479,4.5,
1074692,2024,blitz,open,,159,"Ohanyan, Emin",ARM,2397,4.5,
1074692,2024,blitz,open,,160,"Cheparinov, Ivan",BUL,2605,4.5,
1074692,2024,blitz,open,,161,"Druska, Juraj",SVK,2425,4.5,
1074692,2024,blitz,open,,162,"Kvaloy, Aksel Bu",NOR,2298,4.5,
1074692,2024,blitz,open,,163,"Gaehwiler, Gabriel",SUI,2480,4.5,
1074692,2024,blitz,open,,164,"Smirnov, Mark",KAZ,2212,4.5,
1074692,2024,blitz,open,,165,"Makoto, Rodwell",ZIM,2293,4.5,
1074692,2024,blitz,open,,166,"Soo, Kai Jie",AUS,2111,4.5,
1074692,2024,blitz,open,,167,"Kostolansky, Sebastian Lukas",SVK,2298,4.5,
1074692,2024,blitz,open,,168,"Papasimakopoulos, Alexandros",GRE,2451,4.5,
1074692,2024,blitz,open,,169,"Pereira, Fabian",PAR,2006,4.5,
1074692,2024,blitz,open,,170,"Wanyama, Harold",UGA,2175,4.5,
1074692,2024,blitz,open,,171,"Ling, Chenxuan",USA,2085,4.5,
1074692,2024,blitz,open,,172,"Yudasin, Leonid",ISR,2521,4.5,
1074692,2024,blitz,open,,173,"Amartuvshin, Ganzorig",MGL,2324,4.0,
1074692,2024,blitz,open,,174,"Chasin, Nico",USA,2408,4.0,
1074692,2024,blitz,open,,175,"Schnaider, Ilan",ARG,2415,4.0,
1074692,2024,blitz,open,,176,"Escobar Forero, Alder",COL,2380,4.0,
1074692,2024,blitz,open,,177,"George, Kevin",EGY,2285,4.0,
1074692,2024,blitz,open,,178,"Banh Gia, Huy",VIE,2252,3.5,
1074692,2024,blitz,open,,179,"Manon, Reja Neer",BAN,2027,3.5,
1074692,2024,blitz,open,,180,"Fogo Esquivel, Levi Kalani Alexander",MEX,1976,3.5,
1074692,2024,blitz,open,,181,"Larrea, Manuel",URU,2241,3.5,
1074692,2024,blitz,open,,182,"Grahn, Vidar",SWE,2270,3.0,
1074692,2024,blitz,open,,183,"Meylan, Andre",MNC,2195,3.0,
1074692,2024,blitz,open,,184,"Blackwood, Ryan",CAY,1936,3.0,
1074692,2024,blitz,open,,185,"Moradiabadi, Elshan",USA,2527,3.0,
1074692,2024,blitz,open,,186,"Wong, Hayoung",KOR,1704,2.5,
1074692,2024,blitz,open,,187,"Risteski, Emil",MKD,2251,0.5,
1074692,2024,blitz,open,,188,"Ahmed, Nidal",PLE,1833,0.0,
1313074,2025,rapid,open,,1,"Carlsen, Magnus",NOR,2824,10.5,2875.0
1313074,2025,rapid,open,,2,"Artemiev, Vladislav",FID,2727,9.5,2827.0
1313074,2025,rapid,open,,3,"Erigaisi, Arjun",IND,2714,9.5,2770.0
1313074,2025,rapid,open,,4,"Niemann, Hans Moke",USA,2612,9.5,2749.0
1313074,2025,rapid,open,,5,"Dominguez Perez, Leinier",USA,2703,9.5,2728.0
1313074,2025,rapid,open,,6,"Vachier-Lagrave, Maxime",FRA,2730,9.0,2784.0
1313074,2025,rapid,open,,7,"Sindarov, Javokhir",UZB,2704,9.0,2735.0
1313074,2025,rapid,open,,8,"So, Wesley",USA,2702,9.0,2705.0
1313074,2025,rapid,open,,9,"Giri, Anish",NED,2685,9.0,2702.0
1313074,2025,rapid,open,,10,"Esipenko, Andrey",FID,2649,9.0,2691.0
1313074,2025,rapid,open,,11,"Sevian, Samuel",USA,2658,9.0,2703.0
1313074,2025,rapid,open,,12,"Dubov, Daniil",FID,2686,9.0,2686.0
1313074,2025,rapid,open,,13,"Mamedyarov, Shakhriyar",AZE,2707,9.0,2686.0
1313074,2025,rapid,open,,14,"Shimanov, Aleksandr",FID,2554,8.5,2721.0
1313074,2025,rapid,open,,15,"Erdogmus, Yagiz Kaan",TUR,2446,8.5,2728.0
1313074,2025,rapid,open,,16,"Aravindh, Chithambaram VR.",IND,2590,8.5,2660.0
1313074,2025,rapid,open,,17,"Lazavik, Denis",FID,2576,8.5,2721.0
1313074,2025,rapid,open,,18,"Caruana, Fabiano",USA,2751,8.5,2683.0
1313074,2025,rapid,open,,19,"Nihal, Sarin",IND,2664,8.5,2632.0
1313074,2025,rapid,open,,20,"Gukesh, D",IND,2692,8.5,2700.0
1313074,2025,rapid,open,,21,"Meng, Yihan",CHN,2355,8.5,2723.0
1313074,2025,rapid,open,,22,"Lu, Shanglei",CHN,2616,8.5,2594.0
1313074,2025,rapid,open,,23,"Abdusattorov, Nodirbek",UZB,2717,8.5,2680.0
1313074,2025,rapid,open,,24,"Maghsoodloo, Parham",IRI,2669,8.5,2643.0
1313074,2025,rapid,open,,25,"Gurel, Ediz",TUR,2502,8.5,2675.0
1313074,2025,rapid,open,,26,"Andreikin, Dmitry",FID,2671,8.5,2685.0
1313074,2025,rapid,open,,27,"Grischuk, Alexander",FID,2677,8.5,2645.0
1313074,2025,rapid,open,,28,"Praggnanandhaa, R",IND,2663,8.5,2658.0
1313074,2025,rapid,open,,29,"Motylev, Alexander",ROU,2603,8.5,2591.0
1313074,2025,rapid,open,,30,"Firouzja, Alireza",FRA,2754,8.5,2621.0
1313074,2025,rapid,open,,31,"Bjerre, Jonas Buhl",DEN,2570,8.5,2616.0
1313074,2025,rapid,open,,32,"Sahidi, Samir",SVK,2524,8.5,2615.0
1313074,2025,rapid,open,,33,"Henriquez Villagra, Cristobal",CHI,2586,8.0,2675.0
1313074,2025,rapid,open,,34,"Sarana, Alexey",SRB,2641,8.0,2687.0
1313074,2025,rapid,open,,35,"Mamedov, Rauf",AZE,2610,8.0,2631.0
1313074,2025,rapid,open,,36,"Makarian, Rudik",FID,2524,8.0,2697.0
1313074,2025,rapid,open,,37,"Amar, Elham",NOR,2482,8.0,2687.0
1313074,2025,rapid,open,,38,"Sargsyan, Shant",ARM,2611,8.0,2640.0
1313074,2025,rapid,open,,39,"Yu, Yangyi",CHN,2680,8.0,2625.0
1313074,2025,rapid,open,,40,"Nepomniachtchi, Ian",FID,2762,8.0,2654.0
1313074,2025,rapid,open,,41,"Mendonca, Leon Luke",IND,2498,8.0,2656.0
1313074,2025,rapid,open,,42,"Karthik, Venkataraman",IND,2467,8.0,2663.0
1313074,2025,rapid,open,,43,"Sanal, Vahap",TUR,2504,8.0,2633.0
1313074,2025,rapid,open,,44,"Chanda, Sandipan",IND,2553,8.0,2623.0
1313074,2025,rapid,open,,45,"Tabatabaei, M. Amin",IRI,2579,8.0,2605.0
1313074,2025,rapid,open,,46,"Ibrahimli, Murad",AZE,2411,8.0,2619.0
1313074,2025,rapid,open,,47,"Kozak, Adam",HUN,2593,8.0,2536.0
1313074,2025,rapid,open,,48,"Aronian, Levon",USA,2756,8.0,2575.0
1313074,2025,rapid,open,,49,"Moussard, Jules",FRA,2609,8.0,2559.0
1313074,2025,rapid,open,,50,"Keymer, Vincent",GER,2640,8.0,2584.0
1313074,2025,rapid,open,,51,"Martirosyan, Haik M.",ARM,2635,8.0,2571.0
1313074,2025,rapid,open,,52,"Murzin, Volodar",FID,2642,8.0,2542.0
1313074,2025,rapid,open,,53,"Grebnev, Aleksey",FID,2529,8.0,2570.0
1313074,2025,rapid,open,,54,"Jumabayev, Rinat",KAZ,2543,8.0,2585.0
1313074,2025,rapid,open,,55,"Nogerbek, Kazybek",KAZ,2538,8.0,2596.0
1313074,2025,rapid,open,,56,"Robson, Ray",USA,2652,7.5,2606.0
1313074,2025,rapid,open,,57,"Zemlyanskii, Ivan",FID,2539,7.5,2680.0
1313074,2025,rapid,open,,58,"Le, Quang Liem",VIE,2646,7.5,2583.0
1313074,2025,rapid,open,,59,"Matlakov, Maxim",FID,2602,7.5,2607.0
1313074,2025,rapid,open,,60,"Kosakowski, Jakub",POL,2506,7.5,2634.0
1313074,2025,rapid,open,,61,"Vetokhin, Savva",FID,2486,7.5,2662.0
1313074,2025,rapid,open,,62,"Raja, Harshit",IND,2396,7.5,2626.0
1313074,2025,rapid,open,,63,"Theodorou, Nikolas",GRE,2581,7.5,2533.0
1313074,2025,rapid,open,,64,"Kadric, Denis",MNE,2552,7.5,2580.0
1313074,2025,rapid,open,,65,"Madaminov, Mukhiddin",UZB,2465,7.5,2666.0
1313074,2025,rapid,open,,66,"Iturrizaga Bonelli, Eduardo",ESP,2605,7.5,2556.0
1313074,2025,rapid,open,,67,"Dudin, Gleb",HUN,2483,7.5,2665.0
1313074,2025,rapid,open,,68,"Bai, Jinshi",CHN,2571,7.5,2528.0
1313074,2025,rapid,open,,69,"Zverev, Lev",FID,2394,7.5,2575.0
1313074,2025,rapid,open,,70,"Tin, Jingyao",SGP,2510,7.5,2645.0
1313074,2025,rapid,open,,71,"Alekseenko, Kirill",AUT,2611,7.5,2515.0
1313074,2025,rapid,open,,72,"Yakubboev, Nodirbek",UZB,2558,7.5,2506.0
1313074,2025,rapid,open,,73,"Muradli, Mahammad",AZE,2546,7.5,2539.0
1313074,2025,rapid,open,,74,"Donchenko, Alexander",GER,2581,7.5,2534.0
1313074,2025,rapid,open,,75,"Quparadze, Giga",GEO,2558,7.5,2509.0
1313074,2025,rapid,open,,76,"Movahed, Sina",IRI,2405,7.0,2665.0
1313074,2025,rapid,open,,77,"Oro, Faustino",ARG,2489,7.0,2629.0
1313074,2025,rapid,open,,78,"Hong, Andrew",USA,2556,7.0,2558.0
1313074,2025,rapid,open,,79,"Pranav, Anand",IND,2421,7.0,2623.0
1313074,2025,rapid,open,,80,"Hakobyan, Aram",ARM,2539,7.0,2580.0
1313074,2025,rapid,open,,81,"Hovhannisyan, Robert",ARM,2517,7.0,2631.0
1313074,2025,rapid,open,,82,"Pichot, Alan",ESP,2577,7.0,2543.0
1313074,2025,rapid,open,,83,"Ahmad, Khagan",AZE,2302,7.0,2605.0
1313074,2025,rapid,open,,84,"Ivanchuk, Vasyl",UKR,2630,7.0,2523.0
1313074,2025,rapid,open,,85,"Dardha, Daniel",BEL,2592,7.0,2528.0
1313074,2025,rapid,open,,86,"Van Foreest, Jorden",NED,2635,7.0,2539.0
1313074,2025,rapid,open,,87,"Ponomariov, Ruslan",UKR,2639,7.0,2518.0
1313074,2025,rapid,open,,88,"Makhnev, Denis",KAZ,2529,7.0,2573.0
1313074,2025,rapid,open,,89,"Adhiban, B.",IND,2503,7.0,2482.0
1313074,2025,rapid,open,,90,"Radjabov, Teimour",AZE,2661,7.0,2559.0
1313074,2025,rapid,open,,91,"Sklokin, Sergey",FID,2187,7.0,2586.0
1313074,2025,rapid,open,,92,"Amin, Bassem",EGY,2593,7.0,2479.0
1313074,2025,rapid,open,,93,"Puranik, Abhimanyu",IND,2542,7.0,2532.0
1313074,2025,rapid,open,,94,"Gan-Erdene, Sugar",MGL,2434,7.0,2540.0
1313074,2025,rapid,open,,95,"Narayanan, S L",IND,2582,7.0,2539.0
1313074,2025,rapid,open,,96,"Vakhidov, Jakhongir",UZB,2494,7.0,2525.0
1313074,2025,rapid,open,,97,"Martinez Alcantara, Jose Eduardo",MEX,2641,7.0,2522.0
1313074,2025,rapid,open,,98,"Daneshvar, Bardiya",IRI,2498,7.0,2514.0
1313074,2025,rapid,open,,99,"Begmuratov, Khumoyun",UZB,2435,7.0,2567.0
1313074,2025,rapid,open,,100,"Gholami Orimi, Mahdi",IRI,2461,7.0,2542.0
1313074,2025,rapid,open,,101,"Vokhidov, Shamsiddin",UZB,2536,7.0,2481.0
1313074,2025,rapid,open,,102,"Nesterov, Arseniy",FID,2540,7.0,2561.0
1313074,2025,rapid,open,,103,"Pranesh, M",IND,2520,7.0,2512.0
1313074,2025,rapid,open,,104,"Indjic, Aleksandar",SRB,2587,7.0,2482.0
1313074,2025,rapid,open,,105,"Bharath, Subramaniyam H",IND,2475,7.0,2471.0
1313074,2025,rapid,open,,106,"Salem, A.R. Saleh",UAE,2621,7.0,2481.0
1313074,2025,rapid,open,,107,"Ibarra Jerez, Jose Carlos",ESP,2553,7.0,2429.0
1313074,2025,rapid,open,,108,"Stribuk, Artiom",FID,2393,7.0,2443.0
1313074,2025,rapid,open,,109,"Najer, Evgeniy",FID,2560,7.0,2400.0
1313074,2025,rapid,open,,110,"Goutham, Krishna H",IND,2392,6.5,2604.0
1313074,2025,rapid,open,,111,"Anton Guijarro, David",ESP,2619,6.5,2575.0
1313074,2025,rapid,open,,112,"Chigaev, Maksim",ESP,2598,6.5,2520.0
1313074,2025,rapid,open,,113,"Petrov, Nikita",MNE,2543,6.5,2538.0
1313074,2025,rapid,open,,114,"Bu, Xiangzhi",CHN,2587,6.5,2502.0
1313074,2025,rapid,open,,115,"Rakhmanov, Aleksandr",FID,2522,6.5,2507.0
1313074,2025,rapid,open,,116,"Paravyan, David",FID,2570,6.5,2470.0
1313074,2025,rapid,open,,117,"Galaviz Medina, Sion Radamantys",MEX,2418,6.5,2558.0
1313074,2025,rapid,open,,118,"Grandelius, Nils",SWE,2639,6.5,2477.0
1313074,2025,rapid,open,,119,"Piliposyan, Robert",ARM,2382,6.5,2540.0
1313074,2025,rapid,open,,120,"Materia, Marco",FRA,2490,6.5,2441.0
1313074,2025,rapid,open,,121,"Khubukshanov, Erdem",FID,2419,6.5,2499.0
1313074,2025,rapid,open,,122,"Agmanov, Zhandos",KAZ,2436,6.5,2474.0
1313074,2025,rapid,open,,123,"Lobanov, Sergei",FID,2452,6.5,2490.0
1313074,2025,rapid,open,,124,"Sapenov, Daniyal",KAZ,2375,6.5,2457.0
1313074,2025,rapid,open,,125,"Idani, Pouya",IRI,2556,6.5,2455.0
1313074,2025,rapid,open,,126,"Samunenkov, Ihor",UKR,2443,6.5,2483.0
1313074,2025,rapid,open,,127,"Mitrabha, Guha",IND,2487,6.5,2558.0
1313074,2025,rapid,open,,128,"Alexakis, Dimitris",GRE,2501,6.5,2415.0
1313074,2025,rapid,open,,129,"Mamedov, Edgar",KAZ,2302,6.5,2503.0
1313074,2025,rapid,open,,130,"Rodrigue-Lemieux, Shawn",CAN,2478,6.5,2452.0
1313074,2025,rapid,open,,131,"Droin, Augustin",FRA,2538,6.5,2408.0
1313074,2025,rapid,open,,132,"Isanzhulov, Arystan",KAZ,2456,6.5,2468.0
1313074,2025,rapid,open,,133,"Suleimen, Ergali",KAZ,2372,6.5,2431.0
1313074,2025,rapid,open,,134,"Kobalia, Mikhail",FID,2518,6.5,2434.0
1313074,2025,rapid,open,,135,"Lodici, Lorenzo",ITA,2499,6.5,2461.0
1313074,2025,rapid,open,,136,"Sasikiran, Krishnan",IND,2548,6.5,2384.0
1313074,2025,rapid,open,,137,"Yilmaz, Mustafa",TUR,2560,6.5,2373.0
1313074,2025,rapid,open,,138,"Harikrishnan.A.Ra, .",IND,2293,6.5,2475.0
1313074,2025,rapid,open,,139,"Davtyan, Artur",ARM,2422,6.5,2395.0
1313074,2025,rapid,open,,140,"Maksimovic, Bojan",BIH,2581,6.5,2400.0
1313074,2025,rapid,open,,141,"Halkias, Stelios",GRE,2492,6.5,2342.0
1313074,2025,rapid,open,,142,"Wojtaszek, Radoslaw",POL,2657,6.5,2370.0
1313074,2025,rapid,open,,143,"Suyarov, Mukhammadzokhid",UZB,2411,6.5,2427.0
1313074,2025,rapid,open,,144,"Santos Latasa, Jaime",ESP,2667,6.0,2496.0
1313074,2025,rapid,open,,145,"Rapport, Richard",HUN,2702,6.0,2534.0
1313074,2025,rapid,open,,146,"Harikrishna, Pentala",IND,2623,6.0,2448.0
1313074,2025,rapid,open,,147,"Nikitenko, Mihail",FID,2407,6.0,2475.0
1313074,2025,rapid,open,,148,"Saraci, Nderim",KOS,2460,6.0,2465.0
1313074,2025,rapid,open,,149,"Chasin, Nico",USA,2427,6.0,2517.0
1313074,2025,rapid,open,,150,"Ansat, Aldiyar",KAZ,2392,6.0,2533.0
1313074,2025,rapid,open,,151,"Urkedal, Frode Olav Olsen",NOR,2515,6.0,2493.0
1313074,2025,rapid,open,,152,"Bortnyk, Olexandr",UKR,2641,6.0,2455.0
1313074,2025,rapid,open,,153,"Aditya, Mittal",IND,2440,6.0,2481.0
1313074,2025,rapid,open,,154,"Raja, Rithvik R",IND,2428,6.0,2458.0
1313074,2025,rapid,open,,155,"Iniyan, Pa",IND,2450,6.0,2506.0
1313074,2025,rapid,open,,156,"Can, Emre",TUR,2521,6.0,2403.0
1313074,2025,rapid,open,,157,"Uskov, Artem",FID,2463,6.0,2527.0
1313074,2025,rapid,open,,158,"Pranav, V",IND,2595,6.0,2414.0
1313074,2025,rapid,open,,159,"Klukin, Kirill",SRB,2421,6.0,2410.0
1313074,2025,rapid,open,,160,"Bilguun, Sumiya",MGL,2456,6.0,2539.0
1313074,2025,rapid,open,,161,"Sankalp, Gupta",IND,2425,6.0,2433.0
1313074,2025,rapid,open,,162,"Pantsulaia, Levan",GEO,2518,6.0,2482.0
1313074,2025,rapid,open,,163,"Fandi, Mazen.",SYR,2326,6.0,2449.0
1313074,2025,rapid,open,,164,"Bai, Adelard",TPE,2385,6.0,2446.0
1313074,2025,rapid,open,,165,"Warmerdam, Max",NED,2537,6.0,2358.0
1313074,2025,rapid,open,,166,"Gavrilescu, David",ROU,2544,6.0,2383.0
1313074,2025,rapid,open,,167,"Harshavardhan, G B",IND,2216,6.0,2408.0
1313074,2025,rapid,open,,168,"Drygalov, Sergey",FID,2489,6.0,2417.0
1313074,2025,rapid,open,,169,"Shogdzhiev, Roman",FID,2388,6.0,2400.0
1313074,2025,rapid,open,,170,"Akobian, Varuzhan",USA,2579,6.0,2368.0
1313074,2025,rapid,open,,171,"Christiansen, Johan-Sebastian",NOR,2469,5.5,2482.0
1313074,2025,rapid,open,,172,"Orozbaev, Eldiyar",KGZ,2405,5.5,2526.0
1313074,2025,rapid,open,,173,"Siddharth, Jagadeesh",SGP,2413,5.5,2442.0
1313074,2025,rapid,open,,174,"Le, Tuan Minh",VIE,2516,5.5,2402.0
1313074,2025,rapid,open,,175,"Krallis, Christos",GRE,2355,5.5,2464.0
1313074,2025,rapid,open,,176,"Samadov, Read",AZE,2469,5.5,2429.0
1313074,2025,rapid,open,,177,"Svane, Rasmus",GER,2619,5.5,2402.0
1313074,2025,rapid,open,,178,"Tsaruk, Maksim",FID,2462,5.5,2352.0
1313074,2025,rapid,open,,179,"Rakotomaharo, Fy Antenaina",MAD,2404,5.5,2454.0
1313074,2025,rapid,open,,180,"Gokerkan, Cem Kaan",TUR,2428,5.5,2400.0
1313074,2025,rapid,open,,181,"Peyrer, Konstantin",AUT,2470,5.5,2474.0
1313074,2025,rapid,open,,182,"Dau, Khuong Duy",VIE,2331,5.5,2447.0
1313074,2025,rapid,open,,183,"Haug, Havard",NOR,2424,5.5,2431.0
1313074,2025,rapid,open,,184,"Zhang, Zhong",CHN,2493,5.5,2350.0
1313074,2025,rapid,open,,185,"Xiao, Tong(QD)",CHN,2453,5.5,2418.0
1313074,2025,rapid,open,,186,"Ohanyan, Emin",ARM,2384,5.5,2387.0
1313074,2025,rapid,open,,187,"Ganguly, Surya Shekhar",IND,2585,5.5,2353.0
1313074,2025,rapid,open,,188,"Averin, Nikolay",FID,2387,5.5,2415.0
1313074,2025,rapid,open,,189,"Morris, James",AUS,2377,5.5,2335.0
1313074,2025,rapid,open,,190,"Naiditsch, Arkadij",BUL,2574,5.5,2297.0
1313074,2025,rapid,open,,191,"Rami, Talab",SYR,1933,5.5,2325.0
1313074,2025,rapid,open,,192,"Volokitin, Andrei",UKR,2551,5.5,2325.0
1313074,2025,rapid,open,,193,"Balakrishnan, Praveen",USA,2393,5.5,2338.0
1313074,2025,rapid,open,,194,"Grafl, Florian Dr.",GER,2379,5.5,2221.0
1313074,2025,rapid,open,,195,"Chekh Adm Khedr, Aram",SYR,2177,5.5,2305.0
1313074,2025,rapid,open,,196,"Cunha, Lucas Aguiar",BRA,2334,5.5,2248.0
1313074,2025,rapid,open,,197,"Ponkratov, Pavel",FID,2511,5.5,2282.0
1313074,2025,rapid,open,,198,"Abdilkhair, Abilmansur",KAZ,2262,5.5,2282.0
1313074,2025,rapid,open,,199,"Altini, Nicola",ITA,2494,5.5,2178.0
1313074,2025,rapid,open,,200,"Gharibyan, Mamikon",ARM,2414,5.0,2427.0
1313074,2025,rapid,open,,201,"Suleymenov, Alisher",KAZ,2432,5.0,2351.0
1313074,2025,rapid,open,,202,"Gaehwiler, Gabriel",SUI,2365,5.0,2336.0
1313074,2025,rapid,open,,203,"Wafa, Hamed",EGY,2365,5.0,2303.0
1313074,2025,rapid,open,,204,"Ezat, Mohamed",EGY,2358,5.0,2321.0
1313074,2025,rapid,open,,205,"Smirnov, Mark",KAZ,2274,5.0,2313.0
1313074,2025,rapid,open,,206,"Sharan, Rao",IND,2320,5.0,2310.0
1313074,2025,rapid,open,,207,"Assylov, Miras",KAZ,2223,5.0,2293.0
1313074,2025,rapid,open,,208,"Ammar, Sedrani",UAE,2237,5.0,2307.0
1313074,2025,rapid,open,,209,"Medhus, Vitus Bondo",DEN,2283,5.0,2257.0
1313074,2025,rapid,open,,210,"Damaj, Mohammed",PLE,2081,5.0,2219.0
1313074,2025,rapid,open,,211,"Salinas Herrera, Pablo",CHI,2442,4.5,2301.0
1313074,2025,rapid,open,,212,"Kuandykuly, Danis",KAZ,2219,4.5,2362.0
1313074,2025,rapid,open,,213,"Tran, Thanh Tu",JPN,2364,4.5,2344.0
1313074,2025,rapid,open,,214,"Stefansson, Vignir Vatnar",ISL,2463,4.5,2252.0
1313074,2025,rapid,open,,215,"George Samir, David",EGY,2334,4.5,2315.0
1313074,2025,rapid,open,,216,"Nainys, Zanas",LTU,2372,4.5,2327.0
1313074,2025,rapid,open,,217,"Nurgaliyev, Sauat",KAZ,2350,4.5,2322.0
1313074,2025,rapid,open,,218,"Ashwath, Kaushik",SGP,2009,4.5,2287.0
1313074,2025,rapid,open,,219,"Tissir, Mohamed",MAR,2310,4.5,2277.0
1313074,2025,rapid,open,,220,"Al Hosani, Omran",UAE,2174,4.5,2257.0
1313074,2025,rapid,open,,221,"Aziz, Husain",QAT,2334,4.5,2260.0
1313074,2025,rapid,open,,222,"Murshed, Niaz",BAN,2496,4.5,2275.0
1313074,2025,rapid,open,,223,"Alrehaili, Ahmed Abdullah S",KSA,2107,4.5,2062.0
1313074,2025,rapid,open,,224,"Duda, Jan-Krzysztof",POL,2711,4.0,2470.0
1313074,2025,rapid,open,,225,"Sadhwani, Raunak",IND,2611,4.0,2396.0
1313074,2025,rapid,open,,226,"Musovic, Armin",MNE,2318,4.0,2129.0
1313074,2025,rapid,open,,227,"Anand, Tsogtbileg",MGL,2152,4.0,2175.0
1313074,2025,rapid,open,,228,"Berend, Fred",LUX,2264,4.0,2154.0
1313074,2025,rapid,open,,229,"Al Mashikhi, Salim Aliyan",OMA,2021,4.0,2100.0
1313074,2025,rapid,open,,230,"Anwoir, Tarik",MAR,2172,4.0,2181.0
1313074,2025,rapid,open,,231,"Bodemar, Jonathan",THA,2094,4.0,2117.0
1313074,2025,rapid,open,,232,"Nguyen, Ngoc Truong Son",VIE,2550,4.0,2276.0
1313074,2025,rapid,open,,233,"Muntean, Victor",SWE,2229,4.0,2061.0
1313074,2025,rapid,open,,234,"Dahal, Sushrut",NEP,2019,4.0,1993.0
1313074,2025,rapid,open,,235,"Khayat, Emad",KSA,1954,4.0,1906.0
1313074,2025,rapid,open,,236,"Dinham, James",RSA,2091,3.5,2184.0
1313074,2025,rapid,open,,237,"Alhassadi, Yousef A.",LBA,2114,3.5,2058.0
1313074,2025,rapid,open,,238,"Fates, Omer Salah",LBA,2149,3.5,1998.0
1313074,2025,rapid,open,,239,"Aljamaat, Khaled",QAT,1803,3.5,1936.0
1313074,2025,rapid,open,,240,"Al-Janahi, Ibrahim",QAT,1722,3.5,1912.0
1313074,2025,rapid,open,,241,"Alkhuriji, Abdulaziz N",KSA,1892,3.5,1885.0
1313074,2025,rapid,open,,242,"Blackwood, Ryan",CAY,2019,3.5,1968.0
1313074,2025,rapid,open,,243,"Phuyal, Aashish",NEP,2117,3.0,1984.0
1313074,2025,rapid,open,,244,"Al-Kuwari, Hamad",QAT,1777,3.0,1880.0
1313074,2025,rapid,open,,245,"Alsaqer, Meshal",KUW,1918,2.5,1939.0
1313074,2025,rapid,open,,246,"Jobava, Baadur",GEO,2645,2.5,2441.0
1313074,2025,rapid,open,,247,"Jacobson, Brandon",USA,2507,1.5,2177.0
