torneo,anno,tipo,sezione,turni,rango,nome,fed,rating,punti,performance,gio,nato,std,eta
137973,2014,rapid,open,,1,Carlsen Magnus,NOR,2827.0,11.0,2899.0,carlsen magnus,1990.0,2823.0,24.0
137973,2014,rapid,open,,2,Caruana Fabiano,ITA,2840.0,10.5,2884.0,caruana fabiano,1992.0,2789.0,22.0
137973,2014,rapid,open,,3,Anand Viswanathan,IND,2770.0,10.5,2866.0,anand viswanathan,1969.0,2739.0,45.0
137973,2014,rapid,open,,4,Aronian Levon,ARM,2785.0,10.5,2852.0,aronian levon,1982.0,2725.0,32.0
137973,2014,rapid,open,,5,Morozevich Alexander,RUS,2732.0,10.5,2831.0,alexander morozevich,1977.0,2654.0,37.0
137973,2014,rapid,open,,6,Tomashevsky Evgeny,RUS,2693.0,10.0,2840.0,evgeny tomashevsky,1987.0,2681.0,27.0
137973,2014,rapid,open,,7,Karjakin Sergey,RUS,2781.0,10.0,2845.0,karjakin sergey,1990.0,2750.0,24.0
137973,2014,rapid,open,,8,Grischuk Alexander,RUS,2828.0,10.0,2825.0,alexander grischuk,1983.0,2628.0,31.0
137973,2014,rapid,open,,9,Radjabov Teimour,AZE,2750.0,10.0,2816.0,radjabov teimour,1987.0,2689.0,27.0
137973,2014,rapid,open,,10,Svidler Peter,RUS,2787.0,10.0,2804.0,peter svidler,1976.0,2682.0,38.0
137973,2014,rapid,open,,11,Bacrot Etienne,FRA,2692.0,10.0,2790.0,bacrot etienne,1983.0,2620.0,31.0
137973,2014,rapid,open,,12,Yu Yangyi,CHN,2668.0,9.5,2790.0,yangyi yu,1994.0,2710.0,20.0
137973,2014,rapid,open,,13,Mamedov Rauf,AZE,2705.0,9.5,2706.0,mamedov rauf,1988.0,2631.0,26.0
137973,2014,rapid,open,,14,Jobava Baadur,GEO,2688.0,9.0,2782.0,baadur jobava,1983.0,2576.0,31.0
137973,2014,rapid,open,,15,Nguyen Ngoc Truong Son,VIE,2660.0,9.0,2764.0,ngoc nguyen son truong,1990.0,2600.0,24.0
137973,2014,rapid,open,,16,Iturrizaga Bonelli Eduardo,VEN,2652.0,9.0,2766.0,bonelli eduardo iturrizaga,1989.0,2595.0,25.0
137973,2014,rapid,open,,17,Movsesian Sergei,ARM,2696.0,9.0,2762.0,movsesian sergei,1978.0,2594.0,36.0
137973,2014,rapid,open,,18,Guseinov Gadir,AZE,2671.0,9.0,2760.0,gadir guseinov,1986.0,2636.0,28.0
137973,2014,rapid,open,,19,Le Quang Liem,VIE,2724.0,9.0,2750.0,le liem quang,1991.0,2732.0,23.0
137973,2014,rapid,open,,20,Efimenko Zahar,UKR,2677.0,9.0,2727.0,efimenko zahar,1985.0,2548.0,29.0
137973,2014,rapid,open,,21,Wang Hao,CHN,2716.0,9.0,2721.0,hao wang,1989.0,2694.0,25.0
137973,2014,rapid,open,,22,Eljanov Pavel,UKR,2716.0,9.0,2708.0,eljanov pavel,1983.0,2664.0,31.0
137973,2014,rapid,open,,23,Antipov Mikhail Al.,RUS,2576.0,9.0,2687.0,al. antipov mikhail,1997.0,2628.0,17.0
137973,2014,rapid,open,,24,Nepomniachtchi Ian,RUS,2768.0,8.5,2778.0,ian nepomniachtchi,1990.0,2719.0,24.0
137973,2014,rapid,open,,25,Fressinet Laurent,FRA,2681.0,8.5,2743.0,fressinet laurent,1981.0,2610.0,33.0
137973,2014,rapid,open,,26,Yudin Sergei,RUS,2626.0,8.5,2748.0,sergei yudin,1986.0,2458.0,28.0
137973,2014,rapid,open,,27,Salgado Lopez Ivan,ESP,2630.0,8.5,2736.0,ivan lopez salgado,1991.0,2591.0,23.0
137973,2014,rapid,open,,28,Riazantsev Alexander,RUS,2597.0,8.5,2720.0,alexander riazantsev,1985.0,2590.0,29.0
137973,2014,rapid,open,,29,Nakamura Hikaru,USA,2841.0,8.5,2736.0,hikaru nakamura,1987.0,2792.0,27.0
137973,2014,rapid,open,,30,Bartel Mateusz,POL,2593.0,8.5,2710.0,bartel mateusz,1985.0,2549.0,29.0
137973,2014,rapid,open,,31,Naiditsch Arkadij,GER,2687.0,8.5,2711.0,arkadij naiditsch,1985.0,2574.0,29.0
137973,2014,rapid,open,,32,Meier Georg,GER,2677.0,8.5,2699.0,georg meier,1987.0,2612.0,27.0
137973,2014,rapid,open,,33,Vallejo Pons Francisco,ESP,2709.0,8.5,2704.0,francisco pons vallejo,1982.0,2644.0,32.0
137973,2014,rapid,open,,34,Matlakov Maxim,RUS,2649.0,8.5,2674.0,matlakov maxim,1991.0,2596.0,23.0
137973,2014,rapid,open,,35,Moiseenko Alexander,UKR,2699.0,8.5,2691.0,alexander moiseenko,1980.0,2569.0,34.0
137973,2014,rapid,open,,36,Vitiugov Nikita,RUS,2708.0,8.5,2681.0,nikita vitiugov,1987.0,2666.0,27.0
137973,2014,rapid,open,,37,Fedoseev Vladimir,RUS,2656.0,8.5,2658.0,fedoseev vladimir,1995.0,2691.0,19.0
137973,2014,rapid,open,,38,Zhigalko Sergei,BLR,2679.0,8.5,2662.0,sergei zhigalko,1989.0,2572.0,25.0
137973,2014,rapid,open,,39,Cheparinov Ivan,BUL,2727.0,8.5,2655.0,cheparinov ivan,1986.0,2631.0,28.0
137973,2014,rapid,open,,40,Van Wely Loek,NED,2674.0,8.0,2713.0,loek van wely,1972.0,2643.0,42.0
137973,2014,rapid,open,,41,Dubov Daniil,RUS,2624.0,8.0,2682.0,daniil dubov,1996.0,2654.0,18.0
137973,2014,rapid,open,,42,Vachier-Lagrave Maxime,FRA,2749.0,8.0,2694.0,maxime vachier-lagrave,1990.0,2718.0,24.0
137973,2014,rapid,open,,43,Najer Evgeniy,RUS,2657.0,8.0,2666.0,evgeniy najer,1977.0,2580.0,37.0
137973,2014,rapid,open,,44,Kryvoruchko Yuriy,UKR,2694.0,8.0,2673.0,kryvoruchko yuriy,1986.0,2614.0,28.0
137973,2014,rapid,open,,45,Adly Ahmed,EGY,2634.0,8.0,2666.0,adly ahmed,1987.0,2582.0,27.0
137973,2014,rapid,open,,46,Potkin Vladimir,RUS,2682.0,8.0,2668.0,potkin vladimir,1982.0,2548.0,32.0
137973,2014,rapid,open,,47,Sargissian Gabriel,ARM,2665.0,8.0,2661.0,gabriel sargissian,1983.0,2610.0,31.0
137973,2014,rapid,open,,48,Dreev Aleksey,RUS,2709.0,8.0,2672.0,aleksey dreev,1969.0,2577.0,45.0
137973,2014,rapid,open,,49,Ragger Markus,AUT,2701.0,8.0,2647.0,markus ragger,1988.0,2573.0,26.0
137973,2014,rapid,open,,50,Lu Shanglei,CHN,2536.0,8.0,2593.0,lu shanglei,1995.0,2637.0,19.0
137973,2014,rapid,open,,51,Milov Vadim,SUI,2664.0,8.0,2609.0,milov vadim,1972.0,2581.0,42.0
137973,2014,rapid,open,,52,Harikrishna P.,IND,2726.0,7.5,2665.0,harikrishna p.,,,
137973,2014,rapid,open,,53,Volokitin Andrei,UKR,2638.0,7.5,2648.0,andrei volokitin,1986.0,2618.0,28.0
137973,2014,rapid,open,,54,Mamedyarov Shakhriyar,AZE,2799.0,7.5,2640.0,mamedyarov shakhriyar,1985.0,2720.0,29.0
137973,2014,rapid,open,,55,Wojtaszek Radoslaw,POL,2710.0,7.5,2648.0,radoslaw wojtaszek,1987.0,2658.0,27.0
137973,2014,rapid,open,,56,Polgar Judit,HUN,2656.0,7.5,2613.0,judit polgar,1976.0,2675.0,38.0
137973,2014,rapid,open,,57,Malakhov Vladimir,RUS,2766.0,7.5,2636.0,malakhov vladimir,1980.0,2597.0,34.0
137973,2014,rapid,open,,58,Inarkiev Ernesto,RUS,2681.0,7.5,2630.0,ernesto inarkiev,1985.0,2637.0,29.0
137973,2014,rapid,open,,59,Hansen Eric,CAN,2584.0,7.5,2600.0,eric hansen,1992.0,2609.0,22.0
137973,2014,rapid,open,,60,Ganguly Surya Shekhar,IND,2637.0,7.5,2589.0,ganguly shekhar surya,1983.0,2562.0,31.0
137973,2014,rapid,open,,61,Onischuk Vladimir,UKR,2675.0,7.5,2587.0,onischuk vladimir,,,
137973,2014,rapid,open,,62,Kasimdzhanov Rustam,UZB,2693.0,7.5,2573.0,kasimdzhanov rustam,1979.0,2665.0,35.0
137973,2014,rapid,open,,63,Kovalev Vladislav,BLR,2547.0,7.5,2540.0,kovalev vladislav,1994.0,2565.0,20.0
137973,2014,rapid,open,,64,Savchenko Boris,RUS,2626.0,7.5,2506.0,boris savchenko,1986.0,2466.0,28.0
137973,2014,rapid,open,,65,Amin Bassem,EGY,2624.0,7.0,2653.0,amin bassem,1988.0,2608.0,26.0
137973,2014,rapid,open,,66,Bologan Viktor,MDA,2656.0,7.0,2630.0,bologan viktor,,,
137973,2014,rapid,open,,67,Laznicka Viktor,CZE,2679.0,7.0,2597.0,laznicka viktor,1988.0,2585.0,26.0
137973,2014,rapid,open,,68,Safarli Eltaj,AZE,2662.0,7.0,2613.0,eltaj safarli,1992.0,2616.0,22.0
137973,2014,rapid,open,,69,Anton Guijarro David,ESP,2600.0,7.0,2613.0,anton david guijarro,1995.0,2632.0,19.0
137973,2014,rapid,open,,70,Debashis Das,IND,2484.0,7.0,2621.0,das debashis,1962.0,1497.0,52.0
137973,2014,rapid,open,,71,Lenic Luka,SLO,2659.0,7.0,2598.0,lenic luka,1988.0,2626.0,26.0
137973,2014,rapid,open,,72,Ringoir Tanguy,BEL,2504.0,7.0,2580.0,ringoir tanguy,1994.0,2529.0,20.0
137973,2014,rapid,open,,73,Aleksandrov Aleksej,BLR,2589.0,7.0,2586.0,aleksandrov aleksej,1973.0,2444.0,41.0
137973,2014,rapid,open,,74,Ghaem Maghami Ehsan,IRI,2542.0,7.0,2565.0,ehsan ghaem maghami,1982.0,2442.0,32.0
137973,2014,rapid,open,,75,Shyam Sundar M.,IND,2447.0,7.0,2547.0,m. shyam sundar,1992.0,2498.0,22.0
137973,2014,rapid,open,,76,Maletin Pavel,RUS,2658.0,7.0,2537.0,maletin pavel,1986.0,2562.0,28.0
137973,2014,rapid,open,,77,Vahidov Tair,UZB,2487.0,7.0,2534.0,tair vahidov,1963.0,2247.0,51.0
137973,2014,rapid,open,,78,Mchedlishvili Mikheil,GEO,2641.0,7.0,2477.0,mchedlishvili mikheil,1979.0,2550.0,35.0
137973,2014,rapid,open,,79,Andriasian Zaven,ARM,2568.0,6.5,2566.0,andriasian zaven,1989.0,2528.0,25.0
137973,2014,rapid,open,,80,Glek Igor,GER,2455.0,6.5,2564.0,glek igor,1961.0,2424.0,53.0
137973,2014,rapid,open,,81,Vakhidov Jahongir,UZB,2368.0,6.5,2570.0,jahongir vakhidov,,,
137973,2014,rapid,open,,82,Michalik Peter,SVK,2501.0,6.5,2552.0,michalik peter,1990.0,2543.0,24.0
137973,2014,rapid,open,,83,Gundavaa Bayarsaikhan,MGL,2534.0,6.5,2542.0,bayarsaikhan gundavaa,1989.0,2468.0,25.0
137973,2014,rapid,open,,84,Korobov Anton,UKR,2770.0,6.5,2511.0,anton korobov,1985.0,2610.0,29.0
137973,2014,rapid,open,,85,Kayumov Sergey,UZB,2486.0,6.5,2493.0,kayumov sergey,1981.0,2505.0,33.0
137973,2014,rapid,open,,86,Fier Alexandr,BRA,2597.0,6.5,2485.0,alexandr fier,1988.0,2537.0,26.0
137973,2014,rapid,open,,87,Goloshchapov Alexander,UKR,2574.0,6.5,2434.0,alexander goloshchapov,1978.0,2578.0,36.0
137973,2014,rapid,open,,88,Nezad Husein Aziz,QAT,2350.0,6.5,2385.0,aziz husein nezad,,,
137973,2014,rapid,open,,89,Ipatov Alexander,TUR,2596.0,6.0,2571.0,alexander ipatov,1994.0,2095.0,20.0
137973,2014,rapid,open,,90,Durarbayli Vasif,AZE,2550.0,6.0,2579.0,durarbayli vasif,1992.0,2611.0,22.0
137973,2014,rapid,open,,91,Sokolov Ivan,NED,2650.0,6.0,2514.0,ivan sokolov,1968.0,2559.0,46.0
137973,2014,rapid,open,,92,Georgiev Kiril,BUL,2642.0,6.0,2496.0,georgiev kiril,1965.0,2520.0,49.0
137973,2014,rapid,open,,93,Salem A.R. Saleh,UAE,2592.0,6.0,2506.0,a.r. saleh salem,1993.0,2616.0,21.0
137973,2014,rapid,open,,94,Sandipan Chanda,IND,2628.0,6.0,2479.0,chanda sandipan,1983.0,2470.0,31.0
137973,2014,rapid,open,,95,Al-Modiahki Mohamad,QAT,2569.0,6.0,2465.0,al-modiahki mohamad,,,
137973,2014,rapid,open,,96,Al Qudaimi Basheer,YEM,2397.0,6.0,2439.0,al basheer qudaimi,1984.0,2372.0,30.0
137973,2014,rapid,open,,97,Tissir Mohamed,MAR,2419.0,6.0,2402.0,mohamed tissir,1976.0,2300.0,38.0
137973,2014,rapid,open,,98,Omar Noaman,UAE,2310.0,6.0,2309.0,noaman omar,1991.0,2329.0,23.0
137973,2014,rapid,open,,99,Al-Sayed Mohammed,QAT,2494.0,5.5,2566.0,al-sayed mohammed,1981.0,2484.0,33.0
137973,2014,rapid,open,,100,Moradiabadi Elshan,IRI,2586.0,5.5,2435.0,elshan moradiabadi,1985.0,2477.0,29.0
137973,2014,rapid,open,,101,Sriram Jha,IND,2418.0,5.5,2388.0,jha sriram,1976.0,2306.0,38.0
137973,2014,rapid,open,,102,Breckenridge Steven James,USA,2310.0,5.5,2354.0,breckenridge james steven,,,
137973,2014,rapid,open,,103,Faisal Abdulla,UAE,2247.0,5.5,2295.0,abdulla faisal,,,
137973,2014,rapid,open,,104,Taleb Moussa,UAE,2406.0,5.0,2336.0,moussa taleb,1978.0,2406.0,36.0
137973,2014,rapid,open,,105,Saeed Ishaq,UAE,2246.0,5.0,2289.0,ishaq saeed,1993.0,2290.0,21.0
137973,2014,rapid,open,,106,Hilwani Talal,SYR,2395.0,5.0,2267.0,hilwani talal,,,
137973,2014,rapid,open,,107,Othman A. Moussa,UAE,2275.0,5.0,2254.0,a. moussa othman,1975.0,2226.0,39.0
137973,2014,rapid,open,,108,Alhuwar Jasem,UAE,2246.0,5.0,2250.0,alhuwar jasem,1979.0,2272.0,35.0
137973,2014,rapid,open,,109,Alahakoon Isuru,SRI,2094.0,4.5,2179.0,alahakoon isuru,1987.0,2046.0,27.0
137973,2014,rapid,open,,110,Al-Hajiri Bader,KUW,2026.0,4.0,2144.0,al-hajiri bader,1968.0,2033.0,46.0
137973,2014,rapid,open,,111,Byambaa Zulzaga,MGL,2281.0,3.5,2125.0,byambaa zulzaga,1974.0,2172.0,40.0
137973,2014,rapid,open,,112,Hj Azahari Md Aliuddin,BRU,2136.0,2.0,1939.0,aliuddin azahari hj md,,,
137973,2014,rapid,open,,113,Kuzubov Yuriy,UKR,2656.0,0.0,0.0,kuzubov yuriy,1990.0,2587.0,24.0
138146,2014,blitz,open,,1,Carlsen Magnus,NOR,2837.0,17.0,,carlsen magnus,1990.0,2823.0,24.0
138146,2014,blitz,open,,2,Nepomniachtchi Ian,RUS,2816.0,16.0,,ian nepomniachtchi,1990.0,2719.0,24.0
138146,2014,blitz,open,,3,Nakamura Hikaru,USA,2879.0,16.0,,hikaru nakamura,1987.0,2792.0,27.0
138146,2014,blitz,open,,4,Le Quang Liem,VIE,2817.0,14.0,,le liem quang,1991.0,2732.0,23.0
138146,2014,blitz,open,,5,Mamedyarov Shakhriyar,AZE,2822.0,13.5,,mamedyarov shakhriyar,1985.0,2720.0,29.0
138146,2014,blitz,open,,6,Aronian Levon,ARM,2863.0,13.5,,aronian levon,1982.0,2725.0,32.0
138146,2014,blitz,open,,7,Anand Viswanathan,IND,2827.0,13.5,,anand viswanathan,1969.0,2739.0,45.0
138146,2014,blitz,open,,8,Mamedov Rauf,AZE,2766.0,13.5,,mamedov rauf,1988.0,2631.0,26.0
138146,2014,blitz,open,,9,Sargissian Gabriel,ARM,2689.0,13.0,,gabriel sargissian,1983.0,2610.0,31.0
138146,2014,blitz,open,,10,Morozevich Alexander,RUS,2741.0,13.0,,alexander morozevich,1977.0,2654.0,37.0
138146,2014,blitz,open,,11,Svidler Peter,RUS,2757.0,13.0,,peter svidler,1976.0,2682.0,38.0
138146,2014,blitz,open,,12,Yudin Sergei,RUS,2559.0,12.5,,sergei yudin,1986.0,2458.0,28.0
138146,2014,blitz,open,,13,Dreev Aleksey,RUS,2701.0,12.5,,aleksey dreev,1969.0,2577.0,45.0
138146,2014,blitz,open,,14,Harikrishna P.,IND,2669.0,12.5,,harikrishna p.,,,
138146,2014,blitz,open,,15,Wojtaszek Radoslaw,POL,2726.0,12.5,,radoslaw wojtaszek,1987.0,2658.0,27.0
138146,2014,blitz,open,,16,Korobov Anton,UKR,2758.0,12.5,,anton korobov,1985.0,2610.0,29.0
138146,2014,blitz,open,,17,Grischuk Alexander,RUS,2801.0,12.5,,alexander grischuk,1983.0,2628.0,31.0
138146,2014,blitz,open,,18,Iturrizaga Bonelli Eduardo,VEN,2722.0,12.5,,bonelli eduardo iturrizaga,1989.0,2595.0,25.0
138146,2014,blitz,open,,19,Bacrot Etienne,FRA,2744.0,12.5,,bacrot etienne,1983.0,2620.0,31.0
138146,2014,blitz,open,,20,Vitiugov Nikita,RUS,2674.0,12.5,,nikita vitiugov,1987.0,2666.0,27.0
138146,2014,blitz,open,,21,Radjabov Teimour,AZE,2706.0,12.5,,radjabov teimour,1987.0,2689.0,27.0
138146,2014,blitz,open,,22,Tomashevsky Evgeny,RUS,2725.0,12.5,,evgeny tomashevsky,1987.0,2681.0,27.0
138146,2014,blitz,open,,23,Malakhov Vladimir,RUS,2700.0,12.5,,malakhov vladimir,1980.0,2597.0,34.0
138146,2014,blitz,open,,24,Nguyen Ngoc Truong Son,VIE,2746.0,12.5,,ngoc nguyen son truong,1990.0,2600.0,24.0
138146,2014,blitz,open,,25,Eljanov Pavel,UKR,2674.0,12.5,,eljanov pavel,1983.0,2664.0,31.0
138146,2014,blitz,open,,26,Polgar Judit,HUN,2673.0,12.0,,judit polgar,1976.0,2675.0,38.0
138146,2014,blitz,open,,27,Meier Georg,GER,2663.0,12.0,,georg meier,1987.0,2612.0,27.0
138146,2014,blitz,open,,28,Fedoseev Vladimir,RUS,2628.0,12.0,,fedoseev vladimir,1995.0,2691.0,19.0
138146,2014,blitz,open,,29,Andriasian Zaven,ARM,2633.0,12.0,,andriasian zaven,1989.0,2528.0,25.0
138146,2014,blitz,open,,30,Matlakov Maxim,RUS,2618.0,12.0,,matlakov maxim,1991.0,2596.0,23.0
138146,2014,blitz,open,,31,Cheparinov Ivan,BUL,2636.0,12.0,,cheparinov ivan,1986.0,2631.0,28.0
138146,2014,blitz,open,,32,Vachier-Lagrave Maxime,FRA,2835.0,12.0,,maxime vachier-lagrave,1990.0,2718.0,24.0
138146,2014,blitz,open,,33,Salem A.R. Saleh,UAE,2539.0,12.0,,a.r. saleh salem,1993.0,2616.0,21.0
138146,2014,blitz,open,,34,Dubov Daniil,RUS,2729.0,12.0,,daniil dubov,1996.0,2654.0,18.0
138146,2014,blitz,open,,35,Lu Shanglei,CHN,2668.0,11.5,,lu shanglei,1995.0,2637.0,19.0
138146,2014,blitz,open,,36,Caruana Fabiano,ITA,2697.0,11.5,,caruana fabiano,1992.0,2789.0,22.0
138146,2014,blitz,open,,37,Safarli Eltaj,AZE,2661.0,11.5,,eltaj safarli,1992.0,2616.0,22.0
138146,2014,blitz,open,,38,Fressinet Laurent,FRA,2705.0,11.5,,fressinet laurent,1981.0,2610.0,33.0
138146,2014,blitz,open,,39,Van Wely Loek,NED,2647.0,11.5,,loek van wely,1972.0,2643.0,42.0
138146,2014,blitz,open,,40,Riazantsev Alexander,RUS,2703.0,11.5,,alexander riazantsev,1985.0,2590.0,29.0
138146,2014,blitz,open,,41,Yu Yangyi,CHN,2771.0,11.5,,yangyi yu,1994.0,2710.0,20.0
138146,2014,blitz,open,,42,Zhigalko Sergei,BLR,2669.0,11.5,,sergei zhigalko,1989.0,2572.0,25.0
138146,2014,blitz,open,,43,Laznicka Viktor,CZE,2650.0,11.0,,laznicka viktor,1988.0,2585.0,26.0
138146,2014,blitz,open,,44,Wang Hao,CHN,2668.0,11.0,,hao wang,1989.0,2694.0,25.0
138146,2014,blitz,open,,45,Anton Guijarro David,ESP,2581.0,11.0,,anton david guijarro,1995.0,2632.0,19.0
138146,2014,blitz,open,,46,Jobava Baadur,GEO,2628.0,11.0,,baadur jobava,1983.0,2576.0,31.0
138146,2014,blitz,open,,47,Savchenko Boris,RUS,2684.0,11.0,,boris savchenko,1986.0,2466.0,28.0
138146,2014,blitz,open,,48,Al-Modiahki Mohamad,QAT,2559.0,11.0,,al-modiahki mohamad,,,
138146,2014,blitz,open,,49,Najer Evgeniy,RUS,2707.0,11.0,,evgeniy najer,1977.0,2580.0,37.0
138146,2014,blitz,open,,50,Naiditsch Arkadij,GER,2643.0,11.0,,arkadij naiditsch,1985.0,2574.0,29.0
138146,2014,blitz,open,,51,Kryvoruchko Yuriy,UKR,2628.0,11.0,,kryvoruchko yuriy,1986.0,2614.0,28.0
138146,2014,blitz,open,,52,Bologan Viktor,MDA,2635.0,11.0,,bologan viktor,,,
138146,2014,blitz,open,,53,Ragger Markus,AUT,2587.0,10.5,,markus ragger,1988.0,2573.0,26.0
138146,2014,blitz,open,,54,Onischuk Vladimir,UKR,2565.0,10.5,,onischuk vladimir,,,
138146,2014,blitz,open,,55,Potkin Vladimir,RUS,2629.0,10.5,,potkin vladimir,1982.0,2548.0,32.0
138146,2014,blitz,open,,56,Sokolov Ivan,NED,2583.0,10.5,,ivan sokolov,1968.0,2559.0,46.0
138146,2014,blitz,open,,57,Guseinov Gadir,AZE,2657.0,10.5,,gadir guseinov,1986.0,2636.0,28.0
138146,2014,blitz,open,,58,Inarkiev Ernesto,RUS,2657.0,10.5,,ernesto inarkiev,1985.0,2637.0,29.0
138146,2014,blitz,open,,59,Moiseenko Alexander,UKR,2614.0,10.5,,alexander moiseenko,1980.0,2569.0,34.0
138146,2014,blitz,open,,60,Kasimdzhanov Rustam,UZB,2657.0,10.5,,kasimdzhanov rustam,1979.0,2665.0,35.0
138146,2014,blitz,open,,61,Karjakin Sergey,RUS,2866.0,10.5,,karjakin sergey,1990.0,2750.0,24.0
138146,2014,blitz,open,,62,Maletin Pavel,RUS,2607.0,10.5,,maletin pavel,1986.0,2562.0,28.0
138146,2014,blitz,open,,63,Efimenko Zahar,UKR,2714.0,10.5,,efimenko zahar,1985.0,2548.0,29.0
138146,2014,blitz,open,,64,Ganguly Surya Shekhar,IND,2624.0,10.5,,ganguly shekhar surya,1983.0,2562.0,31.0
138146,2014,blitz,open,,65,Georgiev Kiril,BUL,2639.0,10.5,,georgiev kiril,1965.0,2520.0,49.0
138146,2014,blitz,open,,66,Amin Bassem,EGY,2667.0,10.0,,amin bassem,1988.0,2608.0,26.0
138146,2014,blitz,open,,67,Kovalev Vladislav,BLR,2548.0,10.0,,kovalev vladislav,1994.0,2565.0,20.0
138146,2014,blitz,open,,68,Movsesian Sergei,ARM,2730.0,10.0,,movsesian sergei,1978.0,2594.0,36.0
138146,2014,blitz,open,,69,Sandipan Chanda,IND,2607.0,10.0,,chanda sandipan,1983.0,2470.0,31.0
138146,2014,blitz,open,,70,Adly Ahmed,EGY,2610.0,10.0,,adly ahmed,1987.0,2582.0,27.0
138146,2014,blitz,open,,71,Durarbayli Vasif,AZE,2613.0,10.0,,durarbayli vasif,1992.0,2611.0,22.0
138146,2014,blitz,open,,72,Shyam Sundar M.,IND,2412.0,10.0,,m. shyam sundar,1992.0,2498.0,22.0
138146,2014,blitz,open,,73,Hansen Eric,CAN,2576.0,10.0,,eric hansen,1992.0,2609.0,22.0
138146,2014,blitz,open,,74,Lenic Luka,SLO,2639.0,10.0,,lenic luka,1988.0,2626.0,26.0
138146,2014,blitz,open,,75,Nielsen Peter Heine,DEN,2654.0,10.0,,heine nielsen peter,1973.0,2614.0,41.0
138146,2014,blitz,open,,76,Vallejo Pons Francisco,ESP,2628.0,9.5,,francisco pons vallejo,1982.0,2644.0,32.0
138146,2014,blitz,open,,77,Gundavaa Bayarsaikhan,MGL,2616.0,9.5,,bayarsaikhan gundavaa,1989.0,2468.0,25.0
138146,2014,blitz,open,,78,Ringoir Tanguy,BEL,2492.0,9.5,,ringoir tanguy,1994.0,2529.0,20.0
138146,2014,blitz,open,,79,Moradiabadi Elshan,IRI,2599.0,9.5,,elshan moradiabadi,1985.0,2477.0,29.0
138146,2014,blitz,open,,80,Ipatov Alexander,TUR,2629.0,9.5,,alexander ipatov,1994.0,2095.0,20.0
138146,2014,blitz,open,,81,Ghaem Maghami Ehsan,IRI,2581.0,9.5,,ehsan ghaem maghami,1982.0,2442.0,32.0
138146,2014,blitz,open,,82,Vahidov Tair,UZB,2503.0,9.5,,tair vahidov,1963.0,2247.0,51.0
138146,2014,blitz,open,,83,Mchedlishvili Mikheil,GEO,2663.0,9.5,,mchedlishvili mikheil,1979.0,2550.0,35.0
138146,2014,blitz,open,,84,Breckenridge Steven James,USA,2279.0,9.5,,breckenridge james steven,,,
138146,2014,blitz,open,,85,Tkachiev Vladislav,FRA,2730.0,9.5,,tkachiev vladislav,1973.0,2660.0,41.0
138146,2014,blitz,open,,86,Aleksandrov Aleksej,BLR,2572.0,9.5,,aleksandrov aleksej,1973.0,2444.0,41.0
138146,2014,blitz,open,,87,Goloshchapov Alexander,UKR,2631.0,9.5,,alexander goloshchapov,1978.0,2578.0,36.0
138146,2014,blitz,open,,88,Glek Igor,GER,2523.0,9.5,,glek igor,1961.0,2424.0,53.0
138146,2014,blitz,open,,89,Bartel Mateusz,POL,2562.0,9.0,,bartel mateusz,1985.0,2549.0,29.0
138146,2014,blitz,open,,90,Volokitin Andrei,UKR,2638.0,9.0,,andrei volokitin,1986.0,2618.0,28.0
138146,2014,blitz,open,,91,Fier Alexandr,BRA,2581.0,9.0,,alexandr fier,1988.0,2537.0,26.0
138146,2014,blitz,open,,92,Debashis Das,IND,2385.0,9.0,,das debashis,1962.0,1497.0,52.0
138146,2014,blitz,open,,93,Salgado Lopez Ivan,ESP,2540.0,9.0,,ivan lopez salgado,1991.0,2591.0,23.0
138146,2014,blitz,open,,94,Al-Sayed Mohammed,QAT,2404.0,9.0,,al-sayed mohammed,1981.0,2484.0,33.0
138146,2014,blitz,open,,95,Vakhidov Jahongir,UZB,2477.0,9.0,,jahongir vakhidov,,,
138146,2014,blitz,open,,96,Kayumov Sergey,UZB,2511.0,9.0,,kayumov sergey,1981.0,2505.0,33.0
138146,2014,blitz,open,,97,Nezad Husein Aziz,QAT,2361.0,9.0,,aziz husein nezad,,,
138146,2014,blitz,open,,98,Milov Vadim,SUI,2622.0,8.5,,milov vadim,1972.0,2581.0,42.0
138146,2014,blitz,open,,99,Sriram Jha,IND,2366.0,8.5,,jha sriram,1976.0,2306.0,38.0
138146,2014,blitz,open,,100,Hilwani Talal,SYR,2344.0,8.5,,hilwani talal,,,
138146,2014,blitz,open,,101,Al Qudaimi Basheer,YEM,2414.0,8.5,,al basheer qudaimi,1984.0,2372.0,30.0
138146,2014,blitz,open,,102,Othman A. Moussa,UAE,2317.0,8.5,,a. moussa othman,1975.0,2226.0,39.0
138146,2014,blitz,open,,103,Michalik Peter,SVK,2587.0,8.0,,michalik peter,1990.0,2543.0,24.0
138146,2014,blitz,open,,104,Faisal Abdulla,UAE,2279.0,8.0,,abdulla faisal,,,
138146,2014,blitz,open,,105,Omar Noaman,UAE,2293.0,8.0,,noaman omar,1991.0,2329.0,23.0
138146,2014,blitz,open,,106,Taleb Moussa,UAE,2295.0,8.0,,moussa taleb,1978.0,2406.0,36.0
138146,2014,blitz,open,,107,Alhuwar Jasem,UAE,2277.0,8.0,,alhuwar jasem,1979.0,2272.0,35.0
138146,2014,blitz,open,,108,Tissir Mohamed,MAR,2385.0,7.5,,mohamed tissir,1976.0,2300.0,38.0
138146,2014,blitz,open,,109,Suhail Abdurahim,UAE,2201.0,7.5,,abdurahim suhail,1971.0,2239.0,43.0
138146,2014,blitz,open,,110,Al-Hajiri Bader,KUW,2076.0,7.0,,al-hajiri bader,1968.0,2033.0,46.0
138146,2014,blitz,open,,111,Alahakoon Isuru,SRI,2135.0,7.0,,alahakoon isuru,1987.0,2046.0,27.0
138146,2014,blitz,open,,112,Hj Azahari Md Aliuddin,BRU,2147.0,6.5,,aliuddin azahari hj md,,,
138146,2014,blitz,open,,113,Saeed Ishaq,UAE,2242.0,6.0,,ishaq saeed,1993.0,2290.0,21.0
138146,2014,blitz,open,,114,Saleh Nagueb,UAE,2140.0,6.0,,nagueb saleh,1969.0,2179.0,45.0
138146,2014,blitz,open,,115,Byambaa Zulzaga,MGL,2302.0,5.0,,byambaa zulzaga,1974.0,2172.0,40.0
138146,2014,blitz,open,,116,Ehlvest Jaan,USA,2512.0,0.0,,ehlvest jaan,1962.0,2534.0,52.0
190460,2015,rapid,open,,1,Carlsen Magnus,NOR,2847.0,11.5,2917.0,carlsen magnus,1990.0,2823.0,25.0
190460,2015,rapid,open,,2,Nepomniachtchi Ian,RUS,2789.0,10.5,2849.0,ian nepomniachtchi,1990.0,2719.0,25.0
190460,2015,rapid,open,,3,Radjabov Teimour,AZE,2741.0,10.5,2822.0,radjabov teimour,1987.0,2689.0,28.0
190460,2015,rapid,open,,4,Dominguez Perez Leinier,CUB,2749.0,10.5,2813.0,dominguez leinier perez,1983.0,2732.0,32.0
190460,2015,rapid,open,,5,Bocharov Dmitry,RUS,2577.0,10.0,2819.0,bocharov dmitry,1982.0,2510.0,33.0
190460,2015,rapid,open,,6,Kramnik Vladimir,RUS,2798.0,10.0,2813.0,kramnik vladimir,1975.0,2753.0,40.0
190460,2015,rapid,open,,7,Onischuk Vladimir,UKR,2692.0,10.0,2809.0,onischuk vladimir,,,
190460,2015,rapid,open,,8,Ivanchuk Vassily,UKR,2835.0,10.0,2804.0,ivanchuk vassily,,,
190460,2015,rapid,open,,9,Kovalenko Igor,LAT,2687.0,10.0,2800.0,igor kovalenko,1988.0,2642.0,27.0
190460,2015,rapid,open,,10,Mamedyarov Shakhriyar,AZE,2784.0,10.0,2791.0,mamedyarov shakhriyar,1985.0,2720.0,30.0
190460,2015,rapid,open,,11,Vachier-Lagrave Maxime,FRA,2756.0,10.0,2792.0,maxime vachier-lagrave,1990.0,2718.0,25.0
190460,2015,rapid,open,,12,Inarkiev Ernesto,RUS,2733.0,10.0,2767.0,ernesto inarkiev,1985.0,2637.0,30.0
190460,2015,rapid,open,,13,Khismatullin Denis,RUS,2574.0,9.5,2805.0,denis khismatullin,1984.0,2493.0,31.0
190460,2015,rapid,open,,14,Kasimdzhanov Rustam,UZB,2619.0,9.5,2803.0,kasimdzhanov rustam,1979.0,2665.0,36.0
190460,2015,rapid,open,,15,Malakhov Vladimir,RUS,2662.0,9.5,2811.0,malakhov vladimir,1980.0,2597.0,35.0
190460,2015,rapid,open,,16,Kryvoruchko Yuriy,UKR,2694.0,9.5,2804.0,kryvoruchko yuriy,1986.0,2614.0,29.0
190460,2015,rapid,open,,17,Korobov Anton,UKR,2664.0,9.5,2781.0,anton korobov,1985.0,2610.0,30.0
190460,2015,rapid,open,,18,Zhigalko Sergei,BLR,2698.0,9.5,2782.0,sergei zhigalko,1989.0,2572.0,26.0
190460,2015,rapid,open,,19,Karjakin Sergey,RUS,2805.0,9.5,2767.0,karjakin sergey,1990.0,2750.0,25.0
190460,2015,rapid,open,,20,Salem A.R. Saleh,UAE,2631.0,9.5,2748.0,a.r. saleh salem,1993.0,2616.0,22.0
190460,2015,rapid,open,,21,Fedoseev Vladimir,RUS,2681.0,9.5,2752.0,fedoseev vladimir,1995.0,2691.0,20.0
190460,2015,rapid,open,,22,Wojtaszek Radoslaw,POL,2711.0,9.5,2746.0,radoslaw wojtaszek,1987.0,2658.0,28.0
190460,2015,rapid,open,,23,Navara David,CZE,2673.0,9.5,2740.0,david navara,1985.0,2606.0,30.0
190460,2015,rapid,open,,24,Guseinov Gadir,AZE,2705.0,9.5,2736.0,gadir guseinov,1986.0,2636.0,29.0
190460,2015,rapid,open,,25,Anand Viswanathan,IND,2800.0,9.5,2737.0,anand viswanathan,1969.0,2739.0,46.0
190460,2015,rapid,open,,26,Vidit Santosh Gujrathi,IND,2534.0,9.0,2803.0,gujrathi santosh vidit,1994.0,2697.0,21.0
190460,2015,rapid,open,,27,Bogdanovich Stanislav,UKR,2619.0,9.0,2730.0,bogdanovich stanislav,,,
190460,2015,rapid,open,,28,Adhiban Baskaran,IND,2590.0,9.0,2717.0,adhiban baskaran,,,
190460,2015,rapid,open,,29,Riazantsev Alexander,RUS,2716.0,9.0,2718.0,alexander riazantsev,1985.0,2590.0,30.0
190460,2015,rapid,open,,30,Khairullin Ildar,RUS,2662.0,9.0,2712.0,ildar khairullin,1990.0,2615.0,25.0
190460,2015,rapid,open,,31,Gelfand Boris,ISR,2751.0,9.0,2716.0,boris gelfand,1968.0,2641.0,47.0
190460,2015,rapid,open,,32,Grischuk Alexander,RUS,2846.0,9.0,2710.0,alexander grischuk,1983.0,2628.0,32.0
190460,2015,rapid,open,,33,Matlakov Maxim,RUS,2705.0,9.0,2706.0,matlakov maxim,1991.0,2596.0,24.0
190460,2015,rapid,open,,34,Svidler Peter,RUS,2735.0,9.0,2704.0,peter svidler,1976.0,2682.0,39.0
190460,2015,rapid,open,,35,Akopian Vladimir,ARM,2684.0,9.0,2694.0,akopian vladimir,1971.0,2562.0,44.0
190460,2015,rapid,open,,36,Rublevsky Sergei,RUS,2757.0,9.0,2683.0,rublevsky sergei,1974.0,2637.0,41.0
190460,2015,rapid,open,,37,Moiseenko Alexander,UKR,2692.0,9.0,2650.0,alexander moiseenko,1980.0,2569.0,35.0
190460,2015,rapid,open,,38,Ponkratov Pavel,RUS,2629.0,8.5,2747.0,pavel ponkratov,1988.0,2540.0,27.0
190460,2015,rapid,open,,39,Motylev Alexander,RUS,2627.0,8.5,2719.0,alexander motylev,1979.0,2547.0,36.0
190460,2015,rapid,open,,40,Perunovic Milos,SRB,2617.0,8.5,2706.0,milos perunovic,1984.0,2500.0,31.0
190460,2015,rapid,open,,41,Swiercz Dariusz,POL,2612.0,8.5,2689.0,dariusz swiercz,1994.0,2579.0,21.0
190460,2015,rapid,open,,42,Tomashevsky Evgeny,RUS,2731.0,8.5,2697.0,evgeny tomashevsky,1987.0,2681.0,28.0
190460,2015,rapid,open,,43,Aronian Levon,ARM,2830.0,8.5,2688.0,aronian levon,1982.0,2725.0,33.0
190460,2015,rapid,open,,44,Savchenko Boris,RUS,2696.0,8.5,2684.0,boris savchenko,1986.0,2466.0,29.0
190460,2015,rapid,open,,45,Antipov Mikhail Al.,RUS,2590.0,8.5,2670.0,al. antipov mikhail,1997.0,2628.0,18.0
190460,2015,rapid,open,,46,Meier Georg,GER,2686.0,8.5,2670.0,georg meier,1987.0,2612.0,28.0
190460,2015,rapid,open,,47,Andreikin Dmitry,RUS,2720.0,8.5,2698.0,andreikin dmitry,1990.0,2714.0,25.0
190460,2015,rapid,open,,48,Zhang Zhong,SGP,2547.0,8.5,2635.0,zhang zhong,1978.0,2561.0,37.0
190460,2015,rapid,open,,49,Vitiugov Nikita,RUS,2672.0,8.5,2628.0,nikita vitiugov,1987.0,2666.0,28.0
190460,2015,rapid,open,,50,Dubov Daniil,RUS,2667.0,8.0,2745.0,daniil dubov,1996.0,2654.0,19.0
190460,2015,rapid,open,,51,Socko Bartosz,POL,2639.0,8.0,2720.0,bartosz socko,1978.0,2554.0,37.0
190460,2015,rapid,open,,52,Mamedov Rauf,AZE,2667.0,8.0,2711.0,mamedov rauf,1988.0,2631.0,27.0
190460,2015,rapid,open,,53,Kravtsiv Martyn,UKR,2525.0,8.0,2698.0,kravtsiv martyn,1990.0,2598.0,25.0
190460,2015,rapid,open,,54,Safarli Eltaj,AZE,2643.0,8.0,2679.0,eltaj safarli,1992.0,2616.0,23.0
190460,2015,rapid,open,,55,Onischuk Alexander,USA,2662.0,8.0,2685.0,alexander onischuk,1975.0,2639.0,40.0
190460,2015,rapid,open,,56,Petrosian Tigran L.,ARM,2639.0,8.0,2681.0,l. petrosian tigran,1984.0,2522.0,31.0
190460,2015,rapid,open,,57,Agdestein Simen,NOR,2594.0,8.0,2661.0,agdestein simen,1967.0,2508.0,48.0
190460,2015,rapid,open,,58,Duda Jan-Krzysztof,POL,2560.0,8.0,2665.0,duda jan-krzysztof,1998.0,2743.0,17.0
190460,2015,rapid,open,,59,Sasikiran Krishnan,IND,2631.0,8.0,2653.0,krishnan sasikiran,1981.0,2520.0,34.0
190460,2015,rapid,open,,60,Bartel Mateusz,POL,2670.0,8.0,2655.0,bartel mateusz,1985.0,2549.0,30.0
190460,2015,rapid,open,,61,Seirawan Yasser,USA,2641.0,8.0,2651.0,seirawan yasser,1960.0,2620.0,55.0
190460,2015,rapid,open,,62,Bacrot Etienne,FRA,2733.0,8.0,2646.0,bacrot etienne,1983.0,2620.0,32.0
190460,2015,rapid,open,,63,Nguyen Ngoc Truong Son,VIE,2743.0,8.0,2641.0,ngoc nguyen son truong,1990.0,2600.0,25.0
190460,2015,rapid,open,,64,Leko Peter,HUN,2747.0,8.0,2641.0,leko peter,1979.0,2676.0,36.0
190460,2015,rapid,open,,65,Hansen Eric,CAN,2592.0,8.0,2604.0,eric hansen,1992.0,2609.0,23.0
190460,2015,rapid,open,,66,Volokitin Andrei,UKR,2671.0,8.0,2615.0,andrei volokitin,1986.0,2618.0,29.0
190460,2015,rapid,open,,67,Lagno Kateryna,RUS,2582.0,8.0,2608.0,kateryna lagno,1989.0,2506.0,26.0
190460,2015,rapid,open,,68,Dreev Aleksey,RUS,2706.0,8.0,2605.0,aleksey dreev,1969.0,2577.0,46.0
190460,2015,rapid,open,,69,Vovk Yuri,UKR,2572.0,8.0,2606.0,vovk yuri,1988.0,2530.0,27.0
190460,2015,rapid,open,,70,Ragger Markus,AUT,2711.0,8.0,2610.0,markus ragger,1988.0,2573.0,27.0
190460,2015,rapid,open,,71,Eljanov Pavel,UKR,2714.0,8.0,2597.0,eljanov pavel,1983.0,2664.0,32.0
190460,2015,rapid,open,,72,Bindrich Falko,GER,2594.0,8.0,2572.0,bindrich falko,1990.0,2584.0,25.0
190460,2015,rapid,open,,73,Bluebaum Matthias,GER,2543.0,8.0,2568.0,bluebaum matthias,1997.0,2662.0,18.0
190460,2015,rapid,open,,74,Ghaem Maghami Ehsan,IRI,2591.0,8.0,2570.0,ehsan ghaem maghami,1982.0,2442.0,33.0
190460,2015,rapid,open,,75,Gajewski Grzegorz,POL,2661.0,8.0,2551.0,gajewski grzegorz,1985.0,2547.0,30.0
190460,2015,rapid,open,,76,Mikhalevski Victor,ISR,2523.0,7.5,2625.0,mikhalevski victor,1972.0,2469.0,43.0
190460,2015,rapid,open,,77,Bachmann Axel,PAR,2639.0,7.5,2599.0,axel bachmann,1989.0,2587.0,26.0
190460,2015,rapid,open,,78,Vallejo Pons Francisco,ESP,2683.0,7.5,2619.0,francisco pons vallejo,1982.0,2644.0,33.0
190460,2015,rapid,open,,79,Grigoriants Sergey,RUS,2595.0,7.5,2598.0,grigoriants sergey,1983.0,2546.0,32.0
190460,2015,rapid,open,,80,Bruzon Batista Lazaro,CUB,2682.0,7.5,2617.0,batista bruzon lazaro,1982.0,2555.0,33.0
190460,2015,rapid,open,,81,Jumabayev Rinat,KAZ,2575.0,7.5,2605.0,jumabayev rinat,1989.0,2564.0,26.0
190460,2015,rapid,open,,82,Ponomariov Ruslan,UKR,2720.0,7.5,2600.0,ponomariov ruslan,1983.0,2632.0,32.0
190460,2015,rapid,open,,83,Belov Vladimir,RUS,2614.0,7.5,2569.0,belov vladimir,1984.0,2598.0,31.0
190460,2015,rapid,open,,84,Agrest Evgenij,SWE,2563.0,7.5,2563.0,agrest evgenij,1966.0,2553.0,49.0
190460,2015,rapid,open,,85,Iturrizaga Bonelli Eduardo,VEN,2700.0,7.5,2564.0,bonelli eduardo iturrizaga,1989.0,2595.0,26.0
190460,2015,rapid,open,,86,Sethuraman S.P.,IND,2502.0,7.5,2556.0,s.p. sethuraman,1993.0,2550.0,22.0
190460,2015,rapid,open,,87,Ivanisevic Ivan,SRB,2653.0,7.5,2561.0,ivan ivanisevic,1977.0,2510.0,38.0
190460,2015,rapid,open,,88,Borisek Jure,SLO,2582.0,7.5,2543.0,borisek jure,1986.0,2558.0,29.0
190460,2015,rapid,open,,89,Hjartarson Johann,ISL,2529.0,7.5,2535.0,hjartarson johann,1963.0,2461.0,52.0
190460,2015,rapid,open,,90,Alekseev Evgeny,RUS,2698.0,7.5,2549.0,alekseev evgeny,1985.0,2500.0,30.0
190460,2015,rapid,open,,91,Huzman Alexander,ISR,2585.0,7.0,2638.0,alexander huzman,1962.0,2478.0,53.0
190460,2015,rapid,open,,92,Nikolic Predrag,BIH,2606.0,7.0,2623.0,nikolic predrag,1960.0,2551.0,55.0
190460,2015,rapid,open,,93,Kovalev Vladislav,BLR,2649.0,7.0,2622.0,kovalev vladislav,1994.0,2565.0,21.0
190460,2015,rapid,open,,94,Zvjaginsev Vadim,RUS,2658.0,7.0,2601.0,vadim zvjaginsev,1976.0,2522.0,39.0
190460,2015,rapid,open,,95,Anton Guijarro David,ESP,2576.0,7.0,2591.0,anton david guijarro,1995.0,2632.0,20.0
190460,2015,rapid,open,,96,Ganguly Surya Shekhar,IND,2633.0,7.0,2588.0,ganguly shekhar surya,1983.0,2562.0,32.0
190460,2015,rapid,open,,97,Svane Rasmus,GER,2505.0,7.0,2573.0,rasmus svane,1997.0,2610.0,18.0
190460,2015,rapid,open,,98,Romanov Evgeny,RUS,2569.0,7.0,2580.0,evgeny romanov,1988.0,2560.0,27.0
190460,2015,rapid,open,,99,Almasi Zoltan,HUN,2700.0,7.0,2569.0,almasi zoltan,1976.0,2677.0,39.0
190460,2015,rapid,open,,100,Bologan Viktor,MDA,2623.0,7.0,2552.0,bologan viktor,,,
190460,2015,rapid,open,,101,Ehlvest Jaan,USA,2520.0,7.0,2547.0,ehlvest jaan,1962.0,2534.0,53.0
190460,2015,rapid,open,,102,Krnan Tomas,CAN,2449.0,7.0,2506.0,krnan tomas,1988.0,2427.0,27.0
190460,2015,rapid,open,,103,Olafsson Helgi,ISL,2542.0,7.0,2502.0,helgi olafsson,1956.0,2447.0,59.0
190460,2015,rapid,open,,104,Hasangatin Ramil,RUS,2478.0,7.0,2482.0,hasangatin ramil,1972.0,2428.0,43.0
190460,2015,rapid,open,,105,Van Wely Loek,NED,2639.0,7.0,2500.0,loek van wely,1972.0,2643.0,43.0
190460,2015,rapid,open,,106,Cuenca Jimenez Jose Fernando,ESP,2463.0,7.0,2459.0,cuenca fernando jimenez jose,1987.0,2471.0,28.0
190460,2015,rapid,open,,107,Carlstedt Jonathan,GER,2305.0,7.0,2446.0,carlstedt jonathan,1990.0,2436.0,25.0
190460,2015,rapid,open,,108,Dlugy Maxim,USA,2535.0,6.5,2580.0,dlugy maxim,1966.0,2496.0,49.0
190460,2015,rapid,open,,109,Shchekachev Andrei,FRA,2552.0,6.5,2578.0,andrei shchekachev,1972.0,2449.0,43.0
190460,2015,rapid,open,,110,Kunin Vitaly,GER,2501.0,6.5,2571.0,kunin vitaly,1983.0,2520.0,32.0
190460,2015,rapid,open,,111,Bezold Michael,GER,2509.0,6.5,2557.0,bezold michael,1972.0,2469.0,43.0
190460,2015,rapid,open,,112,Hausrath Daniel,GER,2499.0,6.5,2547.0,daniel hausrath,1976.0,2446.0,39.0
190460,2015,rapid,open,,113,Wagner Dennis,GER,2459.0,6.5,2517.0,dennis wagner,1997.0,2580.0,18.0
190460,2015,rapid,open,,114,Hirneise Tobias,GER,2453.0,6.5,2534.0,hirneise tobias,1989.0,2452.0,26.0
190460,2015,rapid,open,,115,Tari Aryan,NOR,2506.0,6.5,2514.0,aryan tari,1999.0,2647.0,16.0
190460,2015,rapid,open,,116,Maze Sebastien,FRA,2581.0,6.5,2495.0,maze sebastien,1984.0,2482.0,31.0
190460,2015,rapid,open,,117,Morozevich Alexander,RUS,2717.0,6.5,2522.0,alexander morozevich,1977.0,2654.0,38.0
190460,2015,rapid,open,,118,Al-Sayed Mohammed,QAT,2518.0,6.5,2492.0,al-sayed mohammed,1981.0,2484.0,34.0
190460,2015,rapid,open,,119,Milanovic Danilo,SRB,2545.0,6.5,2481.0,danilo milanovic,1974.0,2345.0,41.0
190460,2015,rapid,open,,120,Handke Florian,GER,2530.0,6.5,2489.0,florian handke,,,
190460,2015,rapid,open,,121,Naumann Alexander,GER,2543.0,6.5,2492.0,alexander naumann,1979.0,2489.0,36.0
190460,2015,rapid,open,,122,Seel Christian Dr.,GER,2474.0,6.5,2372.0,christian dr. seel,1983.0,2474.0,32.0
190460,2015,rapid,open,,123,Shabalov Alexander,USA,2519.0,6.0,2484.0,alexander shabalov,1967.0,2421.0,48.0
190460,2015,rapid,open,,124,Ladva Ottomar,EST,2466.0,6.0,2472.0,ladva ottomar,1997.0,2513.0,18.0
190460,2015,rapid,open,,125,Piorun Kacper,POL,2528.0,6.0,2476.0,kacper piorun,1991.0,2532.0,24.0
190460,2015,rapid,open,,126,Stefansson Hannes,ISL,2510.0,6.0,2487.0,hannes stefansson,1972.0,2425.0,43.0
190460,2015,rapid,open,,127,Guliyev Namig,AZE,2581.0,6.0,2478.0,guliyev namig,1974.0,2444.0,41.0
190460,2015,rapid,open,,128,Munoz Pantoja Miguel,ESP,2513.0,6.0,2453.0,miguel munoz pantoja,,,
190460,2015,rapid,open,,129,Schneider Ilja,GER,2493.0,6.0,2433.0,ilja schneider,1984.0,2450.0,31.0
190460,2015,rapid,open,,130,Papin Vasily,RUS,2521.0,6.0,2433.0,papin vasily,1988.0,2477.0,27.0
190460,2015,rapid,open,,131,Valdes Romero Leonardo,CRC,2377.0,6.0,2445.0,leonardo romero valdes,1975.0,2305.0,40.0
190460,2015,rapid,open,,132,Polzin Rainer,GER,2416.0,6.0,2424.0,polzin rainer,1971.0,2378.0,44.0
190460,2015,rapid,open,,133,Meister Jakob,GER,2437.0,6.0,2424.0,jakob meister,1955.0,2383.0,60.0
190460,2015,rapid,open,,134,Godena Michele,ITA,2536.0,6.0,2425.0,godena michele,1967.0,2460.0,48.0
190460,2015,rapid,open,,135,Abel Dennes,GER,2441.0,6.0,2401.0,abel dennes,1989.0,2367.0,26.0
190460,2015,rapid,open,,136,Choukri Adel,MAR,2267.0,6.0,2393.0,adel choukri,1991.0,2303.0,24.0
190460,2015,rapid,open,,137,Rasmussen Allan Stig,DEN,2551.0,6.0,2389.0,allan rasmussen stig,1983.0,2475.0,32.0
190460,2015,rapid,open,,138,Stern Rene,GER,2539.0,5.5,2482.0,rene stern,1972.0,2499.0,43.0
190460,2015,rapid,open,,139,Przybylski Wojciech,POL,2409.0,5.5,2466.0,przybylski wojciech,1985.0,2350.0,30.0
190460,2015,rapid,open,,140,Pavlovic Milos,SRB,2544.0,5.5,2395.0,milos pavlovic,1964.0,2404.0,51.0
190460,2015,rapid,open,,141,Carow Johannes,GER,2430.0,5.5,2374.0,carow johannes,,,
190460,2015,rapid,open,,142,Ben Artzi Ido,ISR,2245.0,5.5,2376.0,artzi ben ido,1994.0,2359.0,21.0
190460,2015,rapid,open,,143,Sanal Vahap,TUR,2469.0,5.5,2320.0,sanal vahap,1998.0,2544.0,17.0
190460,2015,rapid,open,,144,Breutigam Martin,GER,2380.0,5.0,2394.0,breutigam martin,1965.0,2345.0,50.0
190460,2015,rapid,open,,145,Carstensen Jacob,DEN,2335.0,5.0,2377.0,carstensen jacob,1977.0,2301.0,38.0
190460,2015,rapid,open,,146,Berend Elvira,LUX,2327.0,5.0,2364.0,berend elvira,1965.0,2255.0,50.0
190460,2015,rapid,open,,147,Richter Michael,GER,2513.0,5.0,2312.0,michael richter,1978.0,2384.0,37.0
190460,2015,rapid,open,,148,Gutov Andrey,RUS,2443.0,5.0,2293.0,andrey gutov,1978.0,2395.0,37.0
190460,2015,rapid,open,,149,Cordeiro Marco Aurelio Zaror,BRA,2201.0,5.0,2267.0,aurelio cordeiro marco zaror,1971.0,2081.0,44.0
190460,2015,rapid,open,,150,Camacho Collados Jose,KOR,2338.0,5.0,2257.0,camacho collados jose,1988.0,2358.0,27.0
190460,2015,rapid,open,,151,Bruedigam Martin,GER,2379.0,4.5,2366.0,bruedigam martin,1987.0,2370.0,28.0
190460,2015,rapid,open,,152,Lagunow Raphael,GER,2164.0,4.5,2268.0,lagunow raphael,2000.0,2422.0,15.0
190460,2015,rapid,open,,153,Petursson Margeir,ISL,2454.0,4.5,2206.0,margeir petursson,1960.0,2386.0,55.0
190460,2015,rapid,open,,154,Thiede Lars,GER,2446.0,4.5,2204.0,lars thiede,1970.0,2353.0,45.0
190460,2015,rapid,open,,155,Thornton Giovanni Antonio,NZL,2121.0,4.0,2246.0,antonio giovanni thornton,,,
190460,2015,rapid,open,,156,Osmanodja Filiz,GER,2206.0,4.0,2163.0,filiz osmanodja,1996.0,2256.0,19.0
190460,2015,rapid,open,,157,Hilverda Alexander,GER,2384.0,3.5,2138.0,alexander hilverda,1987.0,2196.0,28.0
190460,2015,rapid,open,,158,Zepeda Lorena,ESA,2095.0,3.0,2100.0,lorena zepeda,1984.0,2049.0,31.0
190790,2015,blitz,open,,1,Grischuk Alexander,RUS,2814.0,15.5,2876.0,alexander grischuk,1983.0,2628.0,32.0
190790,2015,blitz,open,,2,Vachier-Lagrave Maxime,FRA,2854.0,15.0,2877.0,maxime vachier-lagrave,1990.0,2718.0,25.0
190790,2015,blitz,open,,3,Kramnik Vladimir,RUS,2763.0,15.0,2856.0,kramnik vladimir,1975.0,2753.0,40.0
190790,2015,blitz,open,,4,Ivanchuk Vassily,UKR,2789.0,14.5,2827.0,ivanchuk vassily,,,
190790,2015,blitz,open,,5,Nepomniachtchi Ian,RUS,2831.0,14.5,2775.0,ian nepomniachtchi,1990.0,2719.0,25.0
190790,2015,blitz,open,,6,Carlsen Magnus,NOR,2914.0,14.0,2837.0,carlsen magnus,1990.0,2823.0,25.0
190790,2015,blitz,open,,7,Svidler Peter,RUS,2726.0,14.0,2810.0,peter svidler,1976.0,2682.0,39.0
190790,2015,blitz,open,,8,Navara David,CZE,2806.0,14.0,2767.0,david navara,1985.0,2606.0,30.0
190790,2015,blitz,open,,9,Vovk Yuri,UKR,2566.0,13.5,2827.0,vovk yuri,1988.0,2530.0,27.0
190790,2015,blitz,open,,10,Kasimdzhanov Rustam,UZB,2641.0,13.5,2810.0,kasimdzhanov rustam,1979.0,2665.0,36.0
190790,2015,blitz,open,,11,Aronian Levon,ARM,2817.0,13.5,2805.0,aronian levon,1982.0,2725.0,33.0
190790,2015,blitz,open,,12,Gelfand Boris,ISR,2743.0,13.5,2795.0,boris gelfand,1968.0,2641.0,47.0
190790,2015,blitz,open,,13,Dominguez Perez Leinier,CUB,2717.0,13.5,2781.0,dominguez leinier perez,1983.0,2732.0,32.0
190790,2015,blitz,open,,14,Mamedov Rauf,AZE,2777.0,13.5,2757.0,mamedov rauf,1988.0,2631.0,27.0
190790,2015,blitz,open,,15,Mamedyarov Shakhriyar,AZE,2749.0,13.5,2744.0,mamedyarov shakhriyar,1985.0,2720.0,30.0
190790,2015,blitz,open,,16,Ponkratov Pavel,RUS,2666.0,13.5,2694.0,pavel ponkratov,1988.0,2540.0,27.0
190790,2015,blitz,open,,17,Karjakin Sergey,RUS,2759.0,13.0,2800.0,karjakin sergey,1990.0,2750.0,25.0
190790,2015,blitz,open,,18,Vitiugov Nikita,RUS,2655.0,13.0,2774.0,nikita vitiugov,1987.0,2666.0,28.0
190790,2015,blitz,open,,19,Tomashevsky Evgeny,RUS,2694.0,13.0,2761.0,evgeny tomashevsky,1987.0,2681.0,28.0
190790,2015,blitz,open,,20,Korobov Anton,UKR,2705.0,13.0,2744.0,anton korobov,1985.0,2610.0,30.0
190790,2015,blitz,open,,21,Andreikin Dmitry,RUS,2781.0,13.0,2734.0,andreikin dmitry,1990.0,2714.0,25.0
190790,2015,blitz,open,,22,Anand Viswanathan,IND,2791.0,13.0,2739.0,anand viswanathan,1969.0,2739.0,46.0
190790,2015,blitz,open,,23,Fressinet Laurent,FRA,2699.0,13.0,2727.0,fressinet laurent,1981.0,2610.0,34.0
190790,2015,blitz,open,,24,Fedoseev Vladimir,RUS,2765.0,13.0,2728.0,fedoseev vladimir,1995.0,2691.0,20.0
190790,2015,blitz,open,,25,Alekseev Evgeny,RUS,2729.0,13.0,2717.0,alekseev evgeny,1985.0,2500.0,30.0
190790,2015,blitz,open,,26,Malakhov Vladimir,RUS,2707.0,13.0,2679.0,malakhov vladimir,1980.0,2597.0,35.0
190790,2015,blitz,open,,27,Petrosian Tigran L.,ARM,2630.0,12.5,2798.0,l. petrosian tigran,1984.0,2522.0,31.0
190790,2015,blitz,open,,28,Radjabov Teimour,AZE,2808.0,12.5,2794.0,radjabov teimour,1987.0,2689.0,28.0
190790,2015,blitz,open,,29,Gajewski Grzegorz,POL,2520.0,12.5,2773.0,gajewski grzegorz,1985.0,2547.0,30.0
190790,2015,blitz,open,,30,Swiercz Dariusz,POL,2555.0,12.5,2718.0,dariusz swiercz,1994.0,2579.0,21.0
190790,2015,blitz,open,,31,Melkumyan Hrant,ARM,2701.0,12.5,2728.0,hrant melkumyan,1989.0,2636.0,26.0
190790,2015,blitz,open,,32,Onischuk Vladimir,UKR,2743.0,12.5,2717.0,onischuk vladimir,,,
190790,2015,blitz,open,,33,Jones Gawain C B,ENG,2690.0,12.5,2712.0,b c gawain jones,,,
190790,2015,blitz,open,,34,Dreev Aleksey,RUS,2741.0,12.5,2707.0,aleksey dreev,1969.0,2577.0,46.0
190790,2015,blitz,open,,35,Ponomariov Ruslan,UKR,2770.0,12.5,2696.0,ponomariov ruslan,1983.0,2632.0,32.0
190790,2015,blitz,open,,36,Iturrizaga Bonelli Eduardo,VEN,2700.0,12.5,2697.0,bonelli eduardo iturrizaga,1989.0,2595.0,26.0
190790,2015,blitz,open,,37,Kovalenko Igor,LAT,2684.0,12.5,2684.0,igor kovalenko,1988.0,2642.0,27.0
190790,2015,blitz,open,,38,Munoz Pantoja Miguel,ESP,2621.0,12.5,2653.0,miguel munoz pantoja,,,
190790,2015,blitz,open,,39,Socko Bartosz,POL,2616.0,12.0,2774.0,bartosz socko,1978.0,2554.0,37.0
190790,2015,blitz,open,,40,Dubov Daniil,RUS,2642.0,12.0,2763.0,daniil dubov,1996.0,2654.0,19.0
190790,2015,blitz,open,,41,Kravtsiv Martyn,UKR,2640.0,12.0,2756.0,kravtsiv martyn,1990.0,2598.0,25.0
190790,2015,blitz,open,,42,Perunovic Milos,SRB,2623.0,12.0,2737.0,milos perunovic,1984.0,2500.0,31.0
190790,2015,blitz,open,,43,Khairullin Ildar,RUS,2599.0,12.0,2709.0,ildar khairullin,1990.0,2615.0,25.0
190790,2015,blitz,open,,44,Safarli Eltaj,AZE,2633.0,12.0,2706.0,eltaj safarli,1992.0,2616.0,23.0
190790,2015,blitz,open,,45,Ivanisevic Ivan,SRB,2615.0,12.0,2688.0,ivan ivanisevic,1977.0,2510.0,38.0
190790,2015,blitz,open,,46,Movsesian Sergei,ARM,2657.0,12.0,2680.0,movsesian sergei,1978.0,2594.0,37.0
190790,2015,blitz,open,,47,Guseinov Gadir,AZE,2688.0,12.0,2681.0,gadir guseinov,1986.0,2636.0,29.0
190790,2015,blitz,open,,48,Bogdanovich Stanislav,UKR,2804.0,12.0,2654.0,bogdanovich stanislav,,,
190790,2015,blitz,open,,49,Harikrishna Pentala,IND,2680.0,12.0,2643.0,harikrishna pentala,1986.0,2648.0,29.0
190790,2015,blitz,open,,50,Ragger Markus,AUT,2656.0,12.0,2639.0,markus ragger,1988.0,2573.0,27.0
190790,2015,blitz,open,,51,Sasikiran Krishnan,IND,2627.0,11.5,2687.0,krishnan sasikiran,1981.0,2520.0,34.0
190790,2015,blitz,open,,52,Borisek Jure,SLO,2583.0,11.5,2666.0,borisek jure,1986.0,2558.0,29.0
190790,2015,blitz,open,,53,Eljanov Pavel,UKR,2680.0,11.5,2679.0,eljanov pavel,1983.0,2664.0,32.0
190790,2015,blitz,open,,54,Riazantsev Alexander,RUS,2658.0,11.5,2673.0,alexander riazantsev,1985.0,2590.0,30.0
190790,2015,blitz,open,,55,Wojtaszek Radoslaw,POL,2682.0,11.5,2668.0,radoslaw wojtaszek,1987.0,2658.0,28.0
190790,2015,blitz,open,,56,Nguyen Ngoc Truong Son,VIE,2677.0,11.5,2668.0,ngoc nguyen son truong,1990.0,2600.0,25.0
190790,2015,blitz,open,,57,Leko Peter,HUN,2736.0,11.5,2667.0,leko peter,1979.0,2676.0,36.0
190790,2015,blitz,open,,58,Morozevich Alexander,RUS,2743.0,11.5,2663.0,alexander morozevich,1977.0,2654.0,38.0
190790,2015,blitz,open,,59,Anton Guijarro David,ESP,2651.0,11.5,2648.0,anton david guijarro,1995.0,2632.0,20.0
190790,2015,blitz,open,,60,Cheparinov Ivan,BUL,2688.0,11.5,2654.0,cheparinov ivan,1986.0,2631.0,29.0
190790,2015,blitz,open,,61,Bruzon Batista Lazaro,CUB,2700.0,11.5,2645.0,batista bruzon lazaro,1982.0,2555.0,33.0
190790,2015,blitz,open,,62,Edouard Romain,FRA,2684.0,11.5,2643.0,edouard romain,1990.0,2545.0,25.0
190790,2015,blitz,open,,63,Bachmann Axel,PAR,2633.0,11.5,2634.0,axel bachmann,1989.0,2587.0,26.0
190790,2015,blitz,open,,64,Khismatullin Denis,RUS,2562.0,11.5,2624.0,denis khismatullin,1984.0,2493.0,31.0
190790,2015,blitz,open,,65,Jumabayev Rinat,KAZ,2652.0,11.5,2631.0,jumabayev rinat,1989.0,2564.0,26.0
190790,2015,blitz,open,,66,Matlakov Maxim,RUS,2710.0,11.5,2624.0,matlakov maxim,1991.0,2596.0,24.0
190790,2015,blitz,open,,67,Belov Vladimir,RUS,2614.0,11.5,2616.0,belov vladimir,1984.0,2598.0,31.0
190790,2015,blitz,open,,68,Meier Georg,GER,2723.0,11.5,2617.0,georg meier,1987.0,2612.0,28.0
190790,2015,blitz,open,,69,Roiz Michael,ISR,2614.0,11.5,2595.0,michael roiz,1983.0,2564.0,32.0
190790,2015,blitz,open,,70,Savchenko Boris,RUS,2728.0,11.5,2591.0,boris savchenko,1986.0,2466.0,29.0
190790,2015,blitz,open,,71,Bauer Christian,FRA,2670.0,11.5,2586.0,bauer christian,1977.0,2552.0,38.0
190790,2015,blitz,open,,72,Bacrot Etienne,FRA,2652.0,11.5,2594.0,bacrot etienne,1983.0,2620.0,32.0
190790,2015,blitz,open,,73,Moiseenko Alexander,UKR,2607.0,11.0,2681.0,alexander moiseenko,1980.0,2569.0,35.0
190790,2015,blitz,open,,74,Ghaem Maghami Ehsan,IRI,2689.0,11.0,2679.0,ehsan ghaem maghami,1982.0,2442.0,33.0
190790,2015,blitz,open,,75,Bocharov Dmitry,RUS,2679.0,11.0,2671.0,bocharov dmitry,1982.0,2510.0,33.0
190790,2015,blitz,open,,76,Duda Jan-Krzysztof,POL,2675.0,11.0,2674.0,duda jan-krzysztof,1998.0,2743.0,17.0
190790,2015,blitz,open,,77,Ganguly Surya Shekhar,IND,2516.0,11.0,2676.0,ganguly shekhar surya,1983.0,2562.0,32.0
190790,2015,blitz,open,,78,Fridman Daniel,GER,2589.0,11.0,2659.0,daniel fridman,1976.0,2564.0,39.0
190790,2015,blitz,open,,79,Hausrath Daniel,GER,2499.0,11.0,2670.0,daniel hausrath,1976.0,2446.0,39.0
190790,2015,blitz,open,,80,Pavlidis Antonios,GRE,2519.0,11.0,2682.0,antonios pavlidis,1993.0,2574.0,22.0
190790,2015,blitz,open,,81,Bluebaum Matthias,GER,2562.0,11.0,2644.0,bluebaum matthias,1997.0,2662.0,18.0
190790,2015,blitz,open,,82,Al-Sayed Mohammed,QAT,2525.0,11.0,2653.0,al-sayed mohammed,1981.0,2484.0,34.0
190790,2015,blitz,open,,83,Demuth Adrien,FRA,2478.0,11.0,2641.0,adrien demuth,1991.0,2513.0,24.0
190790,2015,blitz,open,,84,Hansen Eric,CAN,2562.0,11.0,2614.0,eric hansen,1992.0,2609.0,23.0
190790,2015,blitz,open,,85,Piorun Kacper,POL,2501.0,11.0,2609.0,kacper piorun,1991.0,2532.0,24.0
190790,2015,blitz,open,,86,Lenic Luka,SLO,2637.0,11.0,2598.0,lenic luka,1988.0,2626.0,27.0
190790,2015,blitz,open,,87,Rublevsky Sergei,RUS,2682.0,11.0,2600.0,rublevsky sergei,1974.0,2637.0,41.0
190790,2015,blitz,open,,88,Grandelius Nils,SWE,2628.0,11.0,2563.0,grandelius nils,1993.0,2603.0,22.0
190790,2015,blitz,open,,89,Vidit Santosh Gujrathi,IND,2585.0,11.0,2526.0,gujrathi santosh vidit,1994.0,2697.0,21.0
190790,2015,blitz,open,,90,Zhigalko Sergei,BLR,2635.0,10.5,2692.0,sergei zhigalko,1989.0,2572.0,26.0
190790,2015,blitz,open,,91,Vallejo Pons Francisco,ESP,2634.0,10.5,2691.0,francisco pons vallejo,1982.0,2644.0,33.0
190790,2015,blitz,open,,92,Bologan Viktor,MDA,2605.0,10.5,2635.0,bologan viktor,,,
190790,2015,blitz,open,,93,Akopian Vladimir,ARM,2654.0,10.5,2633.0,akopian vladimir,1971.0,2562.0,44.0
190790,2015,blitz,open,,94,Bezold Michael,GER,2509.0,10.5,2604.0,bezold michael,1972.0,2469.0,43.0
190790,2015,blitz,open,,95,Adhiban Baskaran,IND,2607.0,10.5,2596.0,adhiban baskaran,,,
190790,2015,blitz,open,,96,Heimann Andreas,GER,2548.0,10.5,2576.0,andreas heimann,1992.0,2544.0,23.0
190790,2015,blitz,open,,97,Postny Evgeny,ISR,2601.0,10.5,2578.0,evgeny postny,1981.0,2493.0,34.0
190790,2015,blitz,open,,98,Teske Henrik,GER,2455.0,10.5,2581.0,henrik teske,1968.0,2433.0,47.0
190790,2015,blitz,open,,99,Papin Vasily,RUS,2563.0,10.5,2551.0,papin vasily,1988.0,2477.0,27.0
190790,2015,blitz,open,,100,Lagarde Maxime,FRA,2575.0,10.5,2534.0,lagarde maxime,1994.0,2593.0,21.0
190790,2015,blitz,open,,101,Bok Benjamin,NED,2635.0,10.5,2526.0,benjamin bok,1995.0,2560.0,20.0
190790,2015,blitz,open,,102,Schneider Ilja,GER,2591.0,10.0,2618.0,ilja schneider,1984.0,2450.0,31.0
190790,2015,blitz,open,,103,Lagno Kateryna,RUS,2574.0,10.0,2612.0,kateryna lagno,1989.0,2506.0,26.0
190790,2015,blitz,open,,104,Zhang Zhong,SGP,2635.0,10.0,2617.0,zhang zhong,1978.0,2561.0,37.0
190790,2015,blitz,open,,105,Bindrich Falko,GER,2562.0,10.0,2588.0,bindrich falko,1990.0,2584.0,25.0
190790,2015,blitz,open,,106,Inarkiev Ernesto,RUS,2609.0,10.0,2586.0,ernesto inarkiev,1985.0,2637.0,30.0
190790,2015,blitz,open,,107,Antipov Mikhail Al.,RUS,2499.0,10.0,2587.0,al. antipov mikhail,1997.0,2628.0,18.0
190790,2015,blitz,open,,108,Grigoriants Sergey,RUS,2595.0,10.0,2594.0,grigoriants sergey,1983.0,2546.0,32.0
190790,2015,blitz,open,,109,Kryvoruchko Yuriy,UKR,2610.0,10.0,2583.0,kryvoruchko yuriy,1986.0,2614.0,29.0
190790,2015,blitz,open,,110,Shabalov Alexander,USA,2544.0,10.0,2582.0,alexander shabalov,1967.0,2421.0,48.0
190790,2015,blitz,open,,111,Kunin Vitaly,GER,2506.0,10.0,2575.0,kunin vitaly,1983.0,2520.0,32.0
190790,2015,blitz,open,,112,Van Foreest Jorden,NED,2354.0,10.0,2572.0,foreest jorden van,1999.0,2706.0,16.0
190790,2015,blitz,open,,113,Handke Florian,GER,2530.0,10.0,2549.0,florian handke,,,
190790,2015,blitz,open,,114,Salem A.R. Saleh,UAE,2720.0,10.0,2558.0,a.r. saleh salem,1993.0,2616.0,22.0
190790,2015,blitz,open,,115,Guliyev Namig,AZE,2512.0,10.0,2538.0,guliyev namig,1974.0,2444.0,41.0
190790,2015,blitz,open,,116,Hjartarson Johann,ISL,2632.0,10.0,2520.0,hjartarson johann,1963.0,2461.0,52.0
190790,2015,blitz,open,,117,Polzin Rainer,GER,2409.0,10.0,2517.0,polzin rainer,1971.0,2378.0,44.0
190790,2015,blitz,open,,118,Rakhmanov Aleksandr,RUS,2702.0,10.0,2519.0,aleksandr rakhmanov,1989.0,2597.0,26.0
190790,2015,blitz,open,,119,Nikolic Predrag,BIH,2606.0,10.0,2511.0,nikolic predrag,1960.0,2551.0,55.0
190790,2015,blitz,open,,120,Godena Michele,ITA,2547.0,10.0,2494.0,godena michele,1967.0,2460.0,48.0
190790,2015,blitz,open,,121,Romanov Evgeny,RUS,2639.0,10.0,2492.0,evgeny romanov,1988.0,2560.0,27.0
190790,2015,blitz,open,,122,Stefansson Hannes,ISL,2619.0,10.0,2450.0,hannes stefansson,1972.0,2425.0,43.0
190790,2015,blitz,open,,123,Bartel Mateusz,POL,2636.0,9.5,2624.0,bartel mateusz,1985.0,2549.0,30.0
190790,2015,blitz,open,,124,Svane Rasmus,GER,2517.0,9.5,2591.0,rasmus svane,1997.0,2610.0,18.0
190790,2015,blitz,open,,125,Abel Dennes,GER,2478.0,9.5,2597.0,abel dennes,1989.0,2367.0,26.0
190790,2015,blitz,open,,126,Zvjaginsev Vadim,RUS,2659.0,9.5,2570.0,vadim zvjaginsev,1976.0,2522.0,39.0
190790,2015,blitz,open,,127,Riff Jean-Noel,FRA,2497.0,9.5,2561.0,jean-noel riff,1981.0,2419.0,34.0
190790,2015,blitz,open,,128,Sethuraman S.P.,IND,2550.0,9.5,2556.0,s.p. sethuraman,1993.0,2550.0,22.0
190790,2015,blitz,open,,129,Wagner Dennis,GER,2415.0,9.5,2574.0,dennis wagner,1997.0,2580.0,18.0
190790,2015,blitz,open,,130,Volokitin Andrei,UKR,2622.0,9.5,2562.0,andrei volokitin,1986.0,2618.0,29.0
190790,2015,blitz,open,,131,Huzman Alexander,ISR,2580.0,9.5,2551.0,alexander huzman,1962.0,2478.0,53.0
190790,2015,blitz,open,,132,Kovalev Vladislav,BLR,2510.0,9.5,2536.0,kovalev vladislav,1994.0,2565.0,21.0
190790,2015,blitz,open,,133,Ladva Ottomar,EST,2392.0,9.5,2542.0,ladva ottomar,1997.0,2513.0,18.0
190790,2015,blitz,open,,134,Ehlvest Jaan,USA,2558.0,9.5,2529.0,ehlvest jaan,1962.0,2534.0,53.0
190790,2015,blitz,open,,135,Milanovic Danilo,SRB,2556.0,9.5,2516.0,danilo milanovic,1974.0,2345.0,41.0
190790,2015,blitz,open,,136,Pham Le Thao Nguyen,VIE,2361.0,9.5,2518.0,le nguyen pham thao,1987.0,2348.0,28.0
190790,2015,blitz,open,,137,Maze Sebastien,FRA,2550.0,9.5,2477.0,maze sebastien,1984.0,2482.0,31.0
190790,2015,blitz,open,,138,Dlugy Maxim,USA,2676.0,9.5,2489.0,dlugy maxim,1966.0,2496.0,49.0
190790,2015,blitz,open,,139,Halkias Stelios,GRE,2580.0,9.5,2497.0,halkias stelios,1980.0,2497.0,35.0
190790,2015,blitz,open,,140,Fedorchuk Sergey A.,UKR,2612.0,9.5,2394.0,a. fedorchuk sergey,1981.0,2596.0,34.0
190790,2015,blitz,open,,141,Donchenko Alexander,GER,2503.0,9.0,2551.0,alexander donchenko,1998.0,2625.0,17.0
190790,2015,blitz,open,,142,Hirneise Tobias,GER,2464.0,9.0,2558.0,hirneise tobias,1989.0,2452.0,26.0
190790,2015,blitz,open,,143,Motylev Alexander,RUS,2594.0,9.0,2522.0,alexander motylev,1979.0,2547.0,36.0
190790,2015,blitz,open,,144,Agdestein Simen,NOR,2575.0,9.0,2485.0,agdestein simen,1967.0,2508.0,48.0
190790,2015,blitz,open,,145,Schmaltz Roland,GER,2538.0,9.0,2468.0,roland schmaltz,1974.0,2446.0,41.0
190790,2015,blitz,open,,146,Seirawan Yasser,USA,2598.0,9.0,2460.0,seirawan yasser,1960.0,2620.0,55.0
190790,2015,blitz,open,,147,Choukri Adel,MAR,2207.0,9.0,2457.0,adel choukri,1991.0,2303.0,24.0
190790,2015,blitz,open,,148,Van Wely Loek,NED,2669.0,9.0,2456.0,loek van wely,1972.0,2643.0,43.0
190790,2015,blitz,open,,149,Rabiega Robert,GER,2504.0,9.0,2442.0,rabiega robert,1971.0,2460.0,44.0
190790,2015,blitz,open,,150,Sumets Andrey,UKR,2644.0,9.0,2428.0,andrey sumets,1980.0,2486.0,35.0
190790,2015,blitz,open,,151,Nielsen Peter Heine,DEN,2572.0,9.0,2427.0,heine nielsen peter,1973.0,2614.0,42.0
190790,2015,blitz,open,,152,Seel Christian Dr.,GER,2512.0,9.0,2404.0,christian dr. seel,1983.0,2474.0,32.0
190790,2015,blitz,open,,153,Mikhalevski Victor,ISR,2538.0,8.5,2517.0,mikhalevski victor,1972.0,2469.0,43.0
190790,2015,blitz,open,,154,Shchekachev Andrei,FRA,2540.0,8.5,2498.0,andrei shchekachev,1972.0,2449.0,43.0
190790,2015,blitz,open,,155,Ernst Sipke,NED,2470.0,8.5,2493.0,ernst sipke,1979.0,2553.0,36.0
190790,2015,blitz,open,,156,Tari Aryan,NOR,2345.0,8.5,2484.0,aryan tari,1999.0,2647.0,16.0
190790,2015,blitz,open,,157,Sanal Vahap,TUR,2542.0,8.5,2476.0,sanal vahap,1998.0,2544.0,17.0
190790,2015,blitz,open,,158,Kulon Klaudia,POL,2286.0,8.5,2416.0,klaudia kulon,1992.0,2375.0,23.0
190790,2015,blitz,open,,159,Richter Michael,GER,2513.0,8.5,2409.0,michael richter,1978.0,2384.0,37.0
190790,2015,blitz,open,,160,Olafsson Helgi,ISL,2537.0,8.5,2408.0,helgi olafsson,1956.0,2447.0,59.0
190790,2015,blitz,open,,161,Petursson Margeir,ISL,2525.0,8.5,2397.0,margeir petursson,1960.0,2386.0,55.0
190790,2015,blitz,open,,162,Ben Artzi Ido,ISR,2330.0,8.5,2380.0,artzi ben ido,1994.0,2359.0,21.0
190790,2015,blitz,open,,163,Pavlovic Milos,SRB,2485.0,8.5,2369.0,milos pavlovic,1964.0,2404.0,51.0
190790,2015,blitz,open,,164,Naumann Alexander,GER,2543.0,8.0,2464.0,alexander naumann,1979.0,2489.0,36.0
190790,2015,blitz,open,,165,Hasangatin Ramil,RUS,2509.0,8.0,2463.0,hasangatin ramil,1972.0,2428.0,43.0
190790,2015,blitz,open,,166,Carlstedt Jonathan,GER,2323.0,8.0,2447.0,carlstedt jonathan,1990.0,2436.0,25.0
190790,2015,blitz,open,,167,Vogel Roven,GER,2263.0,8.0,2421.0,roven vogel,2000.0,2514.0,15.0
190790,2015,blitz,open,,168,Agrest Evgenij,SWE,2596.0,8.0,2398.0,agrest evgenij,1966.0,2553.0,49.0
190790,2015,blitz,open,,169,Valdes Romero Leonardo,CRC,2500.0,8.0,2366.0,leonardo romero valdes,1975.0,2305.0,40.0
190790,2015,blitz,open,,170,Berend Elvira,LUX,2370.0,8.0,2365.0,berend elvira,1965.0,2255.0,50.0
190790,2015,blitz,open,,171,Przybylski Wojciech,POL,2474.0,8.0,2360.0,przybylski wojciech,1985.0,2350.0,30.0
190790,2015,blitz,open,,172,Lagunow Raphael,GER,2233.0,8.0,2353.0,lagunow raphael,2000.0,2422.0,15.0
190790,2015,blitz,open,,173,Carstensen Jacob,DEN,2335.0,8.0,2346.0,carstensen jacob,1977.0,2301.0,38.0
190790,2015,blitz,open,,174,Hovhannisyan Mher,BEL,2509.0,8.0,2314.0,hovhannisyan mher,1978.0,2403.0,37.0
190790,2015,blitz,open,,175,Carow Johannes,GER,2417.0,7.5,2442.0,carow johannes,,,
190790,2015,blitz,open,,176,Stern Rene,GER,2539.0,7.5,2433.0,rene stern,1972.0,2499.0,43.0
190790,2015,blitz,open,,177,Krnan Tomas,CAN,2424.0,7.5,2426.0,krnan tomas,1988.0,2427.0,27.0
190790,2015,blitz,open,,178,Rasmussen Allan Stig,DEN,2576.0,7.5,2321.0,allan rasmussen stig,1983.0,2475.0,32.0
190790,2015,blitz,open,,179,Thiede Lars,GER,2441.0,7.5,2310.0,lars thiede,1970.0,2353.0,45.0
190790,2015,blitz,open,,180,Sawlin Leonid,GER,2258.0,7.0,2317.0,leonid sawlin,1999.0,2410.0,16.0
190790,2015,blitz,open,,181,Camacho Collados Jose,KOR,2315.0,7.0,2301.0,camacho collados jose,1988.0,2358.0,27.0
190790,2015,blitz,open,,182,Wendt Jan-Dietrich,GER,2332.0,6.5,2292.0,jan-dietrich wendt,1974.0,2231.0,41.0
190790,2015,blitz,open,,183,Hilverda Alexander,GER,2396.0,6.5,2268.0,alexander hilverda,1987.0,2196.0,28.0
190790,2015,blitz,open,,184,Bruedigam Martin,GER,2282.0,6.0,2311.0,bruedigam martin,1987.0,2370.0,28.0
190790,2015,blitz,open,,185,Cordeiro Marco Aurelio Zaror,BRA,2208.0,5.0,2212.0,aurelio cordeiro marco zaror,1971.0,2081.0,44.0
190790,2015,blitz,open,,186,Thornton Giovanni Antonio,NZL,2191.0,5.0,2168.0,antonio giovanni thornton,,,
190790,2015,blitz,open,,187,Koehler Gerhard Dr.,GER,2178.0,4.5,2139.0,dr. gerhard koehler,1956.0,2181.0,59.0
190790,2015,blitz,open,,188,Zepeda Lorena,ESA,2108.0,3.0,2056.0,lorena zepeda,1984.0,2049.0,31.0
255851,2016,blitz,open,,1,Karjakin Sergey,RUS,2800.0,16.5,2963.0,karjakin sergey,1990.0,2750.0,26.0
255851,2016,blitz,open,,2,Carlsen Magnus,NOR,2873.0,16.5,2959.0,carlsen magnus,1990.0,2823.0,26.0
255851,2016,blitz,open,,3,Dubov Daniil,RUS,2724.0,14.5,2865.0,daniil dubov,1996.0,2654.0,20.0
255851,2016,blitz,open,,4,Nakamura Hikaru,USA,2842.0,14.5,2853.0,hikaru nakamura,1987.0,2792.0,29.0
255851,2016,blitz,open,,5,Grischuk Alexander,RUS,2761.0,14.5,2852.0,alexander grischuk,1983.0,2628.0,33.0
255851,2016,blitz,open,,6,Vachier-Lagrave Maxime,FRA,2823.0,14.0,2820.0,maxime vachier-lagrave,1990.0,2718.0,26.0
255851,2016,blitz,open,,7,Dominguez Perez Leinier,CUB,2783.0,13.0,2806.0,dominguez leinier perez,1983.0,2732.0,33.0
255851,2016,blitz,open,,8,Korobov Anton,UKR,2666.0,13.0,2784.0,anton korobov,1985.0,2610.0,31.0
255851,2016,blitz,open,,9,Ivanchuk Vassily,UKR,2754.0,13.0,2776.0,ivanchuk vassily,,,
255851,2016,blitz,open,,10,Anand Viswanathan,IND,2754.0,13.0,2773.0,anand viswanathan,1969.0,2739.0,47.0
255851,2016,blitz,open,,11,Leko Peter,HUN,2697.0,13.0,2755.0,leko peter,1979.0,2676.0,37.0
255851,2016,blitz,open,,12,Nepomniachtchi Ian,RUS,2830.0,13.0,2758.0,ian nepomniachtchi,1990.0,2719.0,26.0
255851,2016,blitz,open,,13,Salem A.R. Saleh,UAE,2636.0,12.5,2823.0,a.r. saleh salem,1993.0,2616.0,23.0
255851,2016,blitz,open,,14,Wei Yi,CHN,2636.0,12.5,2778.0,wei yi,1999.0,2752.0,17.0
255851,2016,blitz,open,,15,Jobava Baadur,GEO,2752.0,12.5,2764.0,baadur jobava,1983.0,2576.0,33.0
255851,2016,blitz,open,,16,Yu Yangyi,CHN,2712.0,12.5,2752.0,yangyi yu,1994.0,2710.0,22.0
255851,2016,blitz,open,,17,Riazantsev Alexander,RUS,2678.0,12.5,2723.0,alexander riazantsev,1985.0,2590.0,31.0
255851,2016,blitz,open,,18,Onischuk Vladimir,UKR,2740.0,12.5,2694.0,onischuk vladimir,,,
255851,2016,blitz,open,,19,Wojtaszek Radoslaw,POL,2666.0,12.0,2751.0,radoslaw wojtaszek,1987.0,2658.0,29.0
255851,2016,blitz,open,,20,Bu Xiangzhi,CHN,2613.0,12.0,2743.0,bu xiangzhi,1985.0,2651.0,31.0
255851,2016,blitz,open,,21,Matlakov Maxim,RUS,2668.0,12.0,2730.0,matlakov maxim,1991.0,2596.0,25.0
255851,2016,blitz,open,,22,Radjabov Teimour,AZE,2800.0,12.0,2713.0,radjabov teimour,1987.0,2689.0,29.0
255851,2016,blitz,open,,23,Mamedyarov Shakhriyar,AZE,2813.0,12.0,2715.0,mamedyarov shakhriyar,1985.0,2720.0,31.0
255851,2016,blitz,open,,24,Artemiev Vladislav,RUS,2847.0,12.0,2710.0,artemiev vladislav,1998.0,2653.0,18.0
255851,2016,blitz,open,,25,Mchedlishvili Mikheil,GEO,2509.0,12.0,2705.0,mchedlishvili mikheil,1979.0,2550.0,37.0
255851,2016,blitz,open,,26,Li Chao B,CHN,2632.0,12.0,2688.0,b chao li,1989.0,2615.0,27.0
255851,2016,blitz,open,,27,Naiditsch Arkadij,AZE,2647.0,12.0,2687.0,arkadij naiditsch,1985.0,2574.0,31.0
255851,2016,blitz,open,,28,Aronian Levon,ARM,2830.0,12.0,2675.0,aronian levon,1982.0,2725.0,34.0
255851,2016,blitz,open,,29,Mamedov Rauf,AZE,2770.0,12.0,2672.0,mamedov rauf,1988.0,2631.0,28.0
255851,2016,blitz,open,,30,Morozevich Alexander,RUS,2684.0,11.5,2750.0,alexander morozevich,1977.0,2654.0,39.0
255851,2016,blitz,open,,31,Bok Benjamin,NED,2630.0,11.5,2691.0,benjamin bok,1995.0,2560.0,21.0
255851,2016,blitz,open,,32,Khusnutdinov Rustam,KAZ,2624.0,11.5,2671.0,khusnutdinov rustam,1987.0,2433.0,29.0
255851,2016,blitz,open,,33,Cheparinov Ivan,BUL,2661.0,11.5,2681.0,cheparinov ivan,1986.0,2631.0,30.0
255851,2016,blitz,open,,34,Inarkiev Ernesto,RUS,2605.0,11.5,2668.0,ernesto inarkiev,1985.0,2637.0,31.0
255851,2016,blitz,open,,35,Melkumyan Hrant,ARM,2712.0,11.5,2665.0,hrant melkumyan,1989.0,2636.0,27.0
255851,2016,blitz,open,,36,Vallejo Pons Francisco,ESP,2648.0,11.5,2649.0,francisco pons vallejo,1982.0,2644.0,34.0
255851,2016,blitz,open,,37,Nguyen Ngoc Truong Son,VIE,2648.0,11.5,2634.0,ngoc nguyen son truong,1990.0,2600.0,26.0
255851,2016,blitz,open,,38,Tomashevsky Evgeny,RUS,2756.0,11.5,2627.0,evgeny tomashevsky,1987.0,2681.0,29.0
255851,2016,blitz,open,,39,Vitiugov Nikita,RUS,2682.0,11.5,2624.0,nikita vitiugov,1987.0,2666.0,29.0
255851,2016,blitz,open,,40,Maghsoodloo Parham,IRI,2585.0,11.5,2561.0,maghsoodloo parham,2000.0,2705.0,16.0
255851,2016,blitz,open,,41,Ganguly Surya Shekhar,IND,2546.0,11.0,2716.0,ganguly shekhar surya,1983.0,2562.0,33.0
255851,2016,blitz,open,,42,Bosiocic Marin,CRO,2659.0,11.0,2702.0,bosiocic marin,1988.0,2563.0,28.0
255851,2016,blitz,open,,43,Adly Ahmed,EGY,2733.0,11.0,2661.0,adly ahmed,1987.0,2582.0,29.0
255851,2016,blitz,open,,44,Malakhov Vladimir,RUS,2672.0,11.0,2639.0,malakhov vladimir,1980.0,2597.0,36.0
255851,2016,blitz,open,,45,Lu Shanglei,CHN,2713.0,11.0,2611.0,lu shanglei,1995.0,2637.0,21.0
255851,2016,blitz,open,,46,Lalith Babu M R,IND,2585.0,11.0,2595.0,babu lalith m r,,,
255851,2016,blitz,open,,47,Grandelius Nils,SWE,2602.0,11.0,2590.0,grandelius nils,1993.0,2603.0,23.0
255851,2016,blitz,open,,48,Fressinet Laurent,FRA,2628.0,11.0,2587.0,fressinet laurent,1981.0,2610.0,35.0
255851,2016,blitz,open,,49,Ghaem Maghami Ehsan,IRI,2586.0,11.0,2587.0,ehsan ghaem maghami,1982.0,2442.0,34.0
255851,2016,blitz,open,,50,Anton Guijarro David,ESP,2600.0,11.0,2568.0,anton david guijarro,1995.0,2632.0,21.0
255851,2016,blitz,open,,51,Banikas Hristos,GRE,2645.0,11.0,2564.0,banikas hristos,1978.0,2543.0,38.0
255851,2016,blitz,open,,52,Dreev Aleksey,RUS,2563.0,10.5,2702.0,aleksey dreev,1969.0,2577.0,47.0
255851,2016,blitz,open,,53,Vidit Santosh Gujrathi,IND,2562.0,10.5,2645.0,gujrathi santosh vidit,1994.0,2697.0,22.0
255851,2016,blitz,open,,54,Firouzja Alireza,IRI,2474.0,10.5,2645.0,alireza firouzja,2003.0,2757.0,13.0
255851,2016,blitz,open,,55,Volokitin Andrei,UKR,2605.0,10.5,2624.0,andrei volokitin,1986.0,2618.0,30.0
255851,2016,blitz,open,,56,Pichot Alan,ARG,2614.0,10.5,2618.0,alan pichot,1998.0,2565.0,18.0
255851,2016,blitz,open,,57,Pantsulaia Levan,GEO,2607.0,10.5,2582.0,levan pantsulaia,1986.0,2492.0,30.0
255851,2016,blitz,open,,58,Zhigalko Sergei,BLR,2699.0,10.5,2574.0,sergei zhigalko,1989.0,2572.0,27.0
255851,2016,blitz,open,,59,Christiansen Johan-Sebastian,NOR,2520.0,10.5,2538.0,christiansen johan-sebastian,1998.0,2656.0,18.0
255851,2016,blitz,open,,60,Zhang Zhong,SGP,2623.0,10.5,2445.0,zhang zhong,1978.0,2561.0,38.0
255851,2016,blitz,open,,61,Najer Evgeniy,RUS,2586.0,10.0,2650.0,evgeniy najer,1977.0,2580.0,39.0
255851,2016,blitz,open,,62,Bologan Victor,MDA,2584.0,10.0,2628.0,bologan victor,1971.0,2590.0,45.0
255851,2016,blitz,open,,63,Bortnyk Olexandr,UKR,2741.0,10.0,2622.0,bortnyk olexandr,1996.0,2604.0,20.0
255851,2016,blitz,open,,64,Mareco Sandro,ARG,2625.0,10.0,2591.0,mareco sandro,1987.0,2551.0,29.0
255851,2016,blitz,open,,65,Amonatov Farrukh,TJK,2759.0,10.0,2573.0,amonatov farrukh,1978.0,2598.0,38.0
255851,2016,blitz,open,,66,Flores Diego,ARG,2597.0,10.0,2564.0,diego flores,1982.0,2590.0,34.0
255851,2016,blitz,open,,67,Bindrich Falko,GER,2587.0,10.0,2549.0,bindrich falko,1990.0,2584.0,26.0
255851,2016,blitz,open,,68,Moiseenko Alexander,UKR,2672.0,10.0,2543.0,alexander moiseenko,1980.0,2569.0,36.0
255851,2016,blitz,open,,69,Jumabayev Rinat,KAZ,2610.0,10.0,2529.0,jumabayev rinat,1989.0,2564.0,27.0
255851,2016,blitz,open,,70,Al-Sayed Mohammed,QAT,2596.0,10.0,2524.0,al-sayed mohammed,1981.0,2484.0,35.0
255851,2016,blitz,open,,71,Borisek Jure,SLO,2632.0,10.0,2509.0,borisek jure,1986.0,2558.0,30.0
255851,2016,blitz,open,,72,Belyakov Bogdan,RUS,2458.0,9.5,2588.0,belyakov bogdan,1989.0,2340.0,27.0
255851,2016,blitz,open,,73,Salinas Herrera Pablo,CHI,2515.0,9.5,2586.0,herrera pablo salinas,1994.0,2450.0,22.0
255851,2016,blitz,open,,74,Adhiban B.,IND,2583.0,9.5,2581.0,adhiban b.,1992.0,2574.0,24.0
255851,2016,blitz,open,,75,Jakovenko Dmitry,RUS,2623.0,9.5,2557.0,dmitry jakovenko,1983.0,2682.0,33.0
255851,2016,blitz,open,,76,Tari Aryan,NOR,2522.0,9.5,2566.0,aryan tari,1999.0,2647.0,17.0
255851,2016,blitz,open,,77,Svane Rasmus,GER,2559.0,9.5,2544.0,rasmus svane,1997.0,2610.0,19.0
255851,2016,blitz,open,,78,Potapov Pavel,RUS,2481.0,9.5,2534.0,pavel potapov,1990.0,2452.0,26.0
255851,2016,blitz,open,,79,Perez Ponsa Federico,ARG,2535.0,9.5,2522.0,federico perez ponsa,1993.0,2541.0,23.0
255851,2016,blitz,open,,80,Aleksandrov Aleksej,BLR,2549.0,9.5,2506.0,aleksandrov aleksej,1973.0,2444.0,43.0
255851,2016,blitz,open,,81,Howell David W L,ENG,2649.0,9.5,2504.0,david howell l w,1990.0,2665.0,26.0
255851,2016,blitz,open,,82,Amin Bassem,EGY,2670.0,9.5,2497.0,amin bassem,1988.0,2608.0,28.0
255851,2016,blitz,open,,83,Atabayev Yusup,TKM,2470.0,9.5,2453.0,atabayev yusup,1994.0,2434.0,22.0
255851,2016,blitz,open,,84,Agdestein Simen,NOR,2500.0,9.0,2564.0,agdestein simen,1967.0,2508.0,49.0
255851,2016,blitz,open,,85,Atabayev Maksat,TKM,2474.0,9.0,2549.0,atabayev maksat,1994.0,2371.0,22.0
255851,2016,blitz,open,,86,Quparadze Giga,GEO,2571.0,9.0,2537.0,giga quparadze,1987.0,2481.0,29.0
255851,2016,blitz,open,,87,Debashis Das,IND,2430.0,9.0,2523.0,das debashis,1962.0,1497.0,54.0
255851,2016,blitz,open,,88,Henriquez Villagra Cristobal,CHI,2503.0,9.0,2501.0,cristobal henriquez villagra,1996.0,2569.0,20.0
255851,2016,blitz,open,,89,Neelotpal Das,IND,2459.0,9.0,2481.0,das neelotpal,1982.0,2336.0,34.0
255851,2016,blitz,open,,90,Kozul Zdenko,CRO,2649.0,9.0,2475.0,kozul zdenko,1966.0,2483.0,50.0
255851,2016,blitz,open,,91,Sanal Vahap,TUR,2466.0,9.0,2465.0,sanal vahap,1998.0,2544.0,18.0
255851,2016,blitz,open,,92,Hirneise Tobias,GER,2515.0,9.0,2432.0,hirneise tobias,1989.0,2452.0,27.0
255851,2016,blitz,open,,93,Xu Yi,CHN,2373.0,9.0,2426.0,xu yi,2009.0,1588.0,7.0
255851,2016,blitz,open,,94,Darini Pouria,IRI,2500.0,9.0,2415.0,darini pouria,1991.0,2382.0,25.0
255851,2016,blitz,open,,95,Hirneise Jens,GER,2428.0,9.0,2411.0,hirneise jens,1992.0,2349.0,24.0
255851,2016,blitz,open,,96,Tregubov Pavel V.,RUS,2397.0,8.5,2525.0,pavel tregubov v.,1971.0,2538.0,45.0
255851,2016,blitz,open,,97,Halkias Stelios,GRE,2551.0,8.5,2473.0,halkias stelios,1980.0,2497.0,36.0
255851,2016,blitz,open,,98,Gholami Aryan,IRI,2247.0,8.5,2442.0,aryan gholami,2001.0,2464.0,15.0
255851,2016,blitz,open,,99,Quintiliano Pinto Renato R.,BRA,2405.0,8.5,2423.0,pinto quintiliano r. renato,,,
255851,2016,blitz,open,,100,Saeed Ishaq,UAE,2183.0,8.0,2367.0,ishaq saeed,1993.0,2290.0,23.0
255851,2016,blitz,open,,101,Venkatesh M.R.,IND,2522.0,8.0,2373.0,m.r. venkatesh,1985.0,2335.0,31.0
255851,2016,blitz,open,,102,Kayumov Sergey,UZB,2430.0,7.5,2356.0,kayumov sergey,1981.0,2505.0,35.0
255851,2016,blitz,open,,103,Shytaj Luca,ITA,2435.0,7.5,2328.0,luca shytaj,,,
255851,2016,blitz,open,,104,Gashimov Sarkhan,AZE,2364.0,7.0,2279.0,gashimov sarkhan,1984.0,2348.0,32.0
255851,2016,blitz,open,,105,Tissir Mohamed,MAR,2340.0,6.0,2259.0,mohamed tissir,1976.0,2300.0,40.0
255851,2016,blitz,open,,106,Stratonowitsch Andre,SEY,2138.0,4.5,2161.0,andre stratonowitsch,1986.0,2165.0,30.0
255851,2016,blitz,open,,107,Khayat Abdullah F,KSA,1738.0,2.0,1668.0,abdullah f khayat,1989.0,1843.0,27.0
323006,2017,rapid,open,,1,Anand Viswanathan,IND,2758.0,10.5,2874.0,anand viswanathan,1969.0,2739.0,48.0
323006,2017,rapid,open,,2,Fedoseev Vladimir,RUS,2771.0,10.5,2871.0,fedoseev vladimir,1995.0,2691.0,22.0
323006,2017,rapid,open,,3,Nepomniachtchi Ian,RUS,2780.0,10.5,2843.0,ian nepomniachtchi,1990.0,2719.0,27.0
323006,2017,rapid,open,,4,Bu Xiangzhi,CHN,2654.0,10.0,2867.0,bu xiangzhi,1985.0,2651.0,32.0
323006,2017,rapid,open,,5,Carlsen Magnus,NOR,2908.0,10.0,2823.0,carlsen magnus,1990.0,2823.0,27.0
323006,2017,rapid,open,,6,Grischuk Alexander,RUS,2813.0,10.0,2827.0,alexander grischuk,1983.0,2628.0,34.0
323006,2017,rapid,open,,7,Savchenko Boris,RUS,2685.0,10.0,2786.0,boris savchenko,1986.0,2466.0,31.0
323006,2017,rapid,open,,8,Mamedov Rauf,AZE,2695.0,10.0,2753.0,mamedov rauf,1988.0,2631.0,29.0
323006,2017,rapid,open,,9,Guseinov Gadir,AZE,2714.0,10.0,2754.0,gadir guseinov,1986.0,2636.0,31.0
323006,2017,rapid,open,,10,Svidler Peter,RUS,2743.0,9.5,2805.0,peter svidler,1976.0,2682.0,41.0
323006,2017,rapid,open,,11,Wang Hao,CHN,2770.0,9.5,2814.0,hao wang,1989.0,2694.0,28.0
323006,2017,rapid,open,,12,Yu Yangyi,CHN,2752.0,9.5,2778.0,yangyi yu,1994.0,2710.0,23.0
323006,2017,rapid,open,,13,Artemiev Vladislav,RUS,2687.0,9.5,2754.0,artemiev vladislav,1998.0,2653.0,19.0
323006,2017,rapid,open,,14,Onischuk Vladimir,UKR,2748.0,9.5,2757.0,onischuk vladimir,,,
323006,2017,rapid,open,,15,Ding Liren,CHN,2734.0,9.5,2748.0,ding liren,1992.0,2733.0,25.0
323006,2017,rapid,open,,16,Harikrishna P.,IND,2687.0,9.5,2737.0,harikrishna p.,,,
323006,2017,rapid,open,,17,Grigoriants Sergey,RUS,2572.0,9.5,2659.0,grigoriants sergey,1983.0,2546.0,34.0
323006,2017,rapid,open,,18,Zhao Jun,CHN,2600.0,9.5,2618.0,jun zhao,1986.0,2244.0,31.0
323006,2017,rapid,open,,19,Pantsulaia Levan,GEO,2654.0,9.0,2806.0,levan pantsulaia,1986.0,2492.0,31.0
323006,2017,rapid,open,,20,Saric Ivan,CRO,2597.0,9.0,2716.0,ivan saric,1990.0,2623.0,27.0
323006,2017,rapid,open,,21,Rakhmanov Aleksandr,RUS,2649.0,9.0,2728.0,aleksandr rakhmanov,1989.0,2597.0,28.0
323006,2017,rapid,open,,22,Alekseev Evgeny,RUS,2681.0,9.0,2730.0,alekseev evgeny,1985.0,2500.0,32.0
323006,2017,rapid,open,,23,Mamedyarov Shakhriyar,AZE,2814.0,9.0,2747.0,mamedyarov shakhriyar,1985.0,2720.0,32.0
323006,2017,rapid,open,,24,Safarli Eltaj,AZE,2694.0,9.0,2725.0,eltaj safarli,1992.0,2616.0,25.0
323006,2017,rapid,open,,25,Duda Jan-Krzysztof,POL,2678.0,9.0,2698.0,duda jan-krzysztof,1998.0,2743.0,19.0
323006,2017,rapid,open,,26,Wang Yue,CHN,2702.0,9.0,2721.0,wang yue,1987.0,2619.0,30.0
323006,2017,rapid,open,,27,Kokarev Dmitry,RUS,2668.0,9.0,2678.0,dmitry kokarev,1982.0,2523.0,35.0
323006,2017,rapid,open,,28,Korobov Anton,UKR,2765.0,9.0,2708.0,anton korobov,1985.0,2610.0,32.0
323006,2017,rapid,open,,29,Aronian Levon,ARM,2819.0,9.0,2706.0,aronian levon,1982.0,2725.0,35.0
323006,2017,rapid,open,,30,Le Quang Liem,VIE,2750.0,9.0,2686.0,le liem quang,1991.0,2732.0,26.0
323006,2017,rapid,open,,31,Zhigalko Sergei,BLR,2707.0,9.0,2686.0,sergei zhigalko,1989.0,2572.0,28.0
323006,2017,rapid,open,,32,Akobian Varuzhan,USA,2620.0,9.0,2647.0,akobian varuzhan,1983.0,2553.0,34.0
323006,2017,rapid,open,,33,Anton Guijarro David,ESP,2732.0,9.0,2638.0,anton david guijarro,1995.0,2632.0,22.0
323006,2017,rapid,open,,34,Karjakin Sergey,RUS,2757.0,9.0,2653.0,karjakin sergey,1990.0,2750.0,27.0
323006,2017,rapid,open,,35,Dreev Aleksey,RUS,2659.0,8.5,2699.0,aleksey dreev,1969.0,2577.0,48.0
323006,2017,rapid,open,,36,Kravtsiv Martyn,UKR,2610.0,8.5,2760.0,kravtsiv martyn,1990.0,2598.0,27.0
323006,2017,rapid,open,,37,Kasimdzhanov Rustam,UZB,2679.0,8.5,2721.0,kasimdzhanov rustam,1979.0,2665.0,38.0
323006,2017,rapid,open,,38,Cheparinov Ivan,FID,2694.0,8.5,2701.0,cheparinov ivan,1986.0,2631.0,31.0
323006,2017,rapid,open,,39,Rapport Richard,HUN,2748.0,8.5,2691.0,rapport richard,1996.0,2726.0,21.0
323006,2017,rapid,open,,40,Sjugirov Sanan,RUS,2729.0,8.5,2662.0,sanan sjugirov,1993.0,2544.0,24.0
323006,2017,rapid,open,,41,Vachier-Lagrave Maxime,FRA,2839.0,8.5,2650.0,maxime vachier-lagrave,1990.0,2718.0,27.0
323006,2017,rapid,open,,42,Melkumyan Hrant,ARM,2696.0,8.5,2625.0,hrant melkumyan,1989.0,2636.0,28.0
323006,2017,rapid,open,,43,Nguyen Ngoc Truong Son,VIE,2693.0,8.5,2611.0,ngoc nguyen son truong,1990.0,2600.0,27.0
323006,2017,rapid,open,,44,Jobava Baadur,GEO,2672.0,8.0,2675.0,baadur jobava,1983.0,2576.0,34.0
323006,2017,rapid,open,,45,Fressinet Laurent,FRA,2612.0,8.0,2745.0,fressinet laurent,1981.0,2610.0,36.0
323006,2017,rapid,open,,46,Laznicka Viktor,CZE,2640.0,8.0,2773.0,laznicka viktor,1988.0,2585.0,29.0
323006,2017,rapid,open,,47,Quparadze Giga,GEO,2614.0,8.0,2686.0,giga quparadze,1987.0,2481.0,30.0
323006,2017,rapid,open,,48,Ponkratov Pavel,RUS,2673.0,8.0,2694.0,pavel ponkratov,1988.0,2540.0,29.0
323006,2017,rapid,open,,49,Moiseenko Alexander,UKR,2618.0,8.0,2705.0,alexander moiseenko,1980.0,2569.0,37.0
323006,2017,rapid,open,,50,Leko Peter,HUN,2671.0,8.0,2677.0,leko peter,1979.0,2676.0,38.0
323006,2017,rapid,open,,51,Sargissian Gabriel,ARM,2673.0,8.0,2664.0,gabriel sargissian,1983.0,2610.0,34.0
323006,2017,rapid,open,,52,Demchenko Anton,RUS,2667.0,8.0,2646.0,anton demchenko,1987.0,2580.0,30.0
323006,2017,rapid,open,,53,Almasi Zoltan,HUN,2638.0,8.0,2647.0,almasi zoltan,1976.0,2677.0,41.0
323006,2017,rapid,open,,54,Howell David W L,ENG,2626.0,8.0,2645.0,david howell l w,1990.0,2665.0,27.0
323006,2017,rapid,open,,55,Amonatov Farrukh,TJK,2708.0,8.0,2664.0,amonatov farrukh,1978.0,2598.0,39.0
323006,2017,rapid,open,,56,Movsesian Sergei,ARM,2685.0,8.0,2642.0,movsesian sergei,1978.0,2594.0,39.0
323006,2017,rapid,open,,57,Volokitin Andrei,UKR,2666.0,8.0,2603.0,andrei volokitin,1986.0,2618.0,31.0
323006,2017,rapid,open,,58,Riazantsev Alexander,RUS,2719.0,8.0,2629.0,alexander riazantsev,1985.0,2590.0,32.0
323006,2017,rapid,open,,59,Potkin Vladimir,RUS,2647.0,8.0,2603.0,potkin vladimir,1982.0,2548.0,35.0
323006,2017,rapid,open,,60,Ganguly Surya Shekhar,IND,2618.0,8.0,2597.0,ganguly shekhar surya,1983.0,2562.0,34.0
323006,2017,rapid,open,,61,Vidit Santosh Gujrathi,IND,2676.0,8.0,2595.0,gujrathi santosh vidit,1994.0,2697.0,23.0
323006,2017,rapid,open,,62,Vallejo Pons Francisco,ESP,2638.0,8.0,2567.0,francisco pons vallejo,1982.0,2644.0,35.0
323006,2017,rapid,open,,63,Meier Georg,GER,2703.0,8.0,2583.0,georg meier,1987.0,2612.0,30.0
323006,2017,rapid,open,,64,Kuzubov Yuriy,UKR,2662.0,7.5,2704.0,kuzubov yuriy,1990.0,2587.0,27.0
323006,2017,rapid,open,,65,Adhiban B.,IND,2659.0,7.5,2650.0,adhiban b.,1992.0,2574.0,25.0
323006,2017,rapid,open,,66,Mchedlishvili Mikheil,GEO,2601.0,7.5,2710.0,mchedlishvili mikheil,1979.0,2550.0,38.0
323006,2017,rapid,open,,67,Esipenko Andrey,RUS,2438.0,7.5,2622.0,andrey esipenko,2002.0,2680.0,15.0
323006,2017,rapid,open,,68,Salem A.R. Saleh,UAE,2656.0,7.5,2626.0,a.r. saleh salem,1993.0,2616.0,24.0
323006,2017,rapid,open,,69,Kovalev Vladislav,BLR,2608.0,7.5,2661.0,kovalev vladislav,1994.0,2565.0,23.0
323006,2017,rapid,open,,70,McShane Luke J,ENG,2697.0,7.5,2667.0,j luke mcshane,1984.0,2598.0,33.0
323006,2017,rapid,open,,71,Ponomariov Ruslan,UKR,2731.0,7.5,2637.0,ponomariov ruslan,1983.0,2632.0,34.0
323006,2017,rapid,open,,72,Bacrot Etienne,FRA,2706.0,7.5,2623.0,bacrot etienne,1983.0,2620.0,34.0
323006,2017,rapid,open,,73,Malakhatko Vadim,BEL,2551.0,7.5,2594.0,malakhatko vadim,,,
323006,2017,rapid,open,,74,Socko Bartosz,POL,2655.0,7.5,2550.0,bartosz socko,1978.0,2554.0,39.0
323006,2017,rapid,open,,75,Fedorchuk Sergey A.,UKR,2695.0,7.5,2608.0,a. fedorchuk sergey,1981.0,2596.0,36.0
323006,2017,rapid,open,,76,Halkias Stelios,GRE,2575.0,7.5,2549.0,halkias stelios,1980.0,2497.0,37.0
323006,2017,rapid,open,,77,Jumabayev Rinat,KAZ,2616.0,7.5,2569.0,jumabayev rinat,1989.0,2564.0,28.0
323006,2017,rapid,open,,78,Malakhov Vladimir,RUS,2696.0,7.5,2570.0,malakhov vladimir,1980.0,2597.0,37.0
323006,2017,rapid,open,,79,Khismatullin Denis,RUS,2688.0,7.5,2554.0,denis khismatullin,1984.0,2493.0,33.0
323006,2017,rapid,open,,80,Salgado Lopez Ivan,ESP,2665.0,7.5,2482.0,ivan lopez salgado,1991.0,2591.0,26.0
323006,2017,rapid,open,,81,Bosiocic Marin,CRO,2524.0,7.0,2660.0,bosiocic marin,1988.0,2563.0,29.0
323006,2017,rapid,open,,82,Eljanov Pavel,UKR,2619.0,7.0,2655.0,eljanov pavel,1983.0,2664.0,34.0
323006,2017,rapid,open,,83,Li Chao B,CHN,2663.0,7.0,2610.0,b chao li,1989.0,2615.0,28.0
323006,2017,rapid,open,,84,Ni Hua,CHN,2663.0,7.0,2586.0,hua ni,1983.0,2649.0,34.0
323006,2017,rapid,open,,85,Van Foreest Jorden,NED,2298.0,7.0,2626.0,foreest jorden van,1999.0,2706.0,18.0
323006,2017,rapid,open,,86,Petrosian Tigran L.,ARM,2715.0,7.0,2623.0,l. petrosian tigran,1984.0,2522.0,33.0
323006,2017,rapid,open,,87,Bortnyk Olexandr,UKR,2683.0,7.0,2581.0,bortnyk olexandr,1996.0,2604.0,21.0
323006,2017,rapid,open,,88,Miton Kamil,POL,2644.0,7.0,2559.0,kamil miton,1984.0,2568.0,33.0
323006,2017,rapid,open,,89,Amin Bassem,EGY,2670.0,7.0,2542.0,amin bassem,1988.0,2608.0,29.0
323006,2017,rapid,open,,90,Short Nigel D,ENG,2709.0,7.0,2566.0,d nigel short,1965.0,2594.0,52.0
323006,2017,rapid,open,,91,Andriasian Zaven,ARM,2615.0,7.0,2521.0,andriasian zaven,1989.0,2528.0,28.0
323006,2017,rapid,open,,92,Christiansen Johan-Sebastian,NOR,2381.0,7.0,2478.0,christiansen johan-sebastian,1998.0,2656.0,19.0
323006,2017,rapid,open,,93,Tregubov Pavel V.,RUS,2565.0,7.0,2437.0,pavel tregubov v.,1971.0,2538.0,46.0
323006,2017,rapid,open,,94,Ibrahimov Rasul,AZE,2518.0,7.0,2439.0,ibrahimov rasul,1981.0,2527.0,36.0
323006,2017,rapid,open,,95,Bocharov Dmitry,RUS,2678.0,6.5,2557.0,bocharov dmitry,1982.0,2510.0,35.0
323006,2017,rapid,open,,96,Sethuraman S.P.,IND,2599.0,6.5,2552.0,s.p. sethuraman,1993.0,2550.0,24.0
323006,2017,rapid,open,,97,Kryvoruchko Yuriy,UKR,2740.0,6.5,2580.0,kryvoruchko yuriy,1986.0,2614.0,31.0
323006,2017,rapid,open,,98,Ivanchuk Vassily,UKR,2796.0,6.5,2552.0,ivanchuk vassily,,,
323006,2017,rapid,open,,99,Georgiev Kiril,FID,2653.0,6.5,2540.0,georgiev kiril,1965.0,2520.0,52.0
323006,2017,rapid,open,,100,Dzhumagaliev Yan,RUS,2464.0,6.5,2478.0,dzhumagaliev yan,1991.0,2411.0,26.0
323006,2017,rapid,open,,101,Naiditsch Arkadij,AZE,2634.0,6.5,2476.0,arkadij naiditsch,1985.0,2574.0,32.0
323006,2017,rapid,open,,102,Inarkiev Ernesto,RUS,2767.0,6.5,2466.0,ernesto inarkiev,1985.0,2637.0,32.0
323006,2017,rapid,open,,103,Minko Vladimir,RUS,2267.0,6.5,2442.0,minko vladimir,1998.0,2370.0,19.0
323006,2017,rapid,open,,104,Al-Saffar Araz Basim Mohammed,IRQ,2368.0,6.5,2352.0,al-saffar araz basim mohammed,,,
323006,2017,rapid,open,,105,Omar Noaman,UAE,2307.0,6.5,2320.0,noaman omar,1991.0,2329.0,26.0
323006,2017,rapid,open,,106,Al Jabri Mohammed Ali,SYR,1987.0,6.5,2309.0,al ali jabri mohammed,1976.0,2107.0,41.0
323006,2017,rapid,open,,107,Saeed Ishaq,UAE,2314.0,6.5,2322.0,ishaq saeed,1993.0,2290.0,24.0
323006,2017,rapid,open,,108,Khenkin Igor,GER,2513.0,6.0,2382.0,igor khenkin,1968.0,2487.0,49.0
323006,2017,rapid,open,,109,Dervishi Erald,ALB,2582.0,6.0,2384.0,dervishi erald,1979.0,2520.0,38.0
323006,2017,rapid,open,,110,El Adnani Mokliss,MAR,2366.0,6.0,2291.0,adnani el mokliss,,,
323006,2017,rapid,open,,111,Al-Hajiri Bader,KUW,2119.0,6.0,2174.0,al-hajiri bader,1968.0,2033.0,49.0
323006,2017,rapid,open,,112,Abdyjapar Asyl,KGZ,2454.0,6.0,2124.0,abdyjapar asyl,,,
323006,2017,rapid,open,,113,Bukannan Ahmed A,KSA,1867.0,6.0,2071.0,a ahmed bukannan,1999.0,1930.0,18.0
323006,2017,rapid,open,,114,Miswadah Baha,PLE,1848.0,6.0,1957.0,baha miswadah,1981.0,1971.0,36.0
323006,2017,rapid,open,,115,Sanal Vahap,TUR,2499.0,5.5,2441.0,sanal vahap,1998.0,2544.0,19.0
323006,2017,rapid,open,,116,Lodhi Mahmood,PAK,2302.0,5.5,2416.0,lodhi mahmood,1961.0,2149.0,56.0
323006,2017,rapid,open,,117,Dobrov Vladimir,RUS,2497.0,5.5,2305.0,dobrov vladimir,1984.0,2388.0,33.0
323006,2017,rapid,open,,118,Tissir Mohamed,MAR,2366.0,5.5,2328.0,mohamed tissir,1976.0,2300.0,41.0
323006,2017,rapid,open,,119,Khader Sami,JOR,2360.0,5.5,2302.0,khader sami,1972.0,2369.0,45.0
323006,2017,rapid,open,,120,Al Ghamdi Ahmed M,KSA,2097.0,5.5,2164.0,ahmed al ghamdi m,,,
323006,2017,rapid,open,,121,Amer Said Salim Al Maashani,OMA,2125.0,5.5,2179.0,al amer maashani said salim,,,
323006,2017,rapid,open,,122,Al Saidi Mohammed Khalfan,OMA,1573.0,5.5,2161.0,al khalfan mohammed saidi,1990.0,1934.0,27.0
323006,2017,rapid,open,,123,Masrahi Abdulrahman A,KSA,1854.0,5.5,2072.0,a abdulrahman masrahi,1991.0,2014.0,26.0
323006,2017,rapid,open,,124,Al Habeeb Emad,KSA,1945.0,5.5,1934.0,al emad habeeb,1975.0,1902.0,42.0
323006,2017,rapid,open,,125,Salama Taher,PLE,1769.0,5.5,1881.0,salama taher,1990.0,1878.0,27.0
323006,2017,rapid,open,,126,Lam Daniel King-Wai,HKG,2140.0,5.0,2118.0,daniel king-wai lam,,,
323006,2017,rapid,open,,127,Al Abdali Zeyad Saleh,KSA,1703.0,5.0,1886.0,abdali al saleh zeyad,1985.0,1649.0,32.0
323006,2017,rapid,open,,128,Alem Ali Hussien,KSA,1720.0,5.0,1816.0,alem ali hussien,,,
323006,2017,rapid,open,,129,Alanazy Mohammed,KSA,1700.0,4.5,1856.0,alanazy mohammed,1988.0,1924.0,29.0
323006,2017,rapid,open,,130,Al Zamel Khaled,KSA,2016.0,4.5,1809.0,al khaled zamel,1958.0,1918.0,59.0
323006,2017,rapid,open,,131,Al Mahmood Salman,BRN,1412.0,3.5,1751.0,al mahmood salman,2004.0,1820.0,13.0
323006,2017,rapid,open,,132,Al Omary Ahmed,KSA,1873.0,3.0,1673.0,ahmed al omary,1966.0,1925.0,51.0
323006,2017,rapid,open,,133,Al Juhani Bakr,KSA,1659.0,3.0,1669.0,al bakr juhani,1985.0,1912.0,32.0
323006,2017,rapid,open,,134,Al Bargi Hassan M.,KSA,1579.0,1.5,1564.0,al bargi hassan m.,,,
323557,2017,blitz,open,,1,Carlsen Magnus,NOR,2986.0,16.0,2924.0,carlsen magnus,1990.0,2823.0,27.0
323557,2017,blitz,open,,2,Karjakin Sergey,RUS,2854.0,14.5,2873.0,karjakin sergey,1990.0,2750.0,27.0
323557,2017,blitz,open,,3,Anand Viswanathan,IND,2736.0,14.5,2844.0,anand viswanathan,1969.0,2739.0,48.0
323557,2017,blitz,open,,4,Wang Hao,CHN,2737.0,14.0,2832.0,hao wang,1989.0,2694.0,28.0
323557,2017,blitz,open,,5,Aronian Levon,ARM,2863.0,14.0,2794.0,aronian levon,1982.0,2725.0,35.0
323557,2017,blitz,open,,6,Ding Liren,CHN,2837.0,13.5,2812.0,ding liren,1992.0,2733.0,25.0
323557,2017,blitz,open,,7,Petrosian Tigran L.,ARM,2705.0,13.5,2803.0,l. petrosian tigran,1984.0,2522.0,33.0
323557,2017,blitz,open,,8,Yu Yangyi,CHN,2701.0,13.5,2803.0,yangyi yu,1994.0,2710.0,23.0
323557,2017,blitz,open,,9,Korobov Anton,UKR,2760.0,13.5,2799.0,anton korobov,1985.0,2610.0,32.0
323557,2017,blitz,open,,10,Mamedyarov Shakhriyar,AZE,2770.0,13.5,2783.0,mamedyarov shakhriyar,1985.0,2720.0,32.0
323557,2017,blitz,open,,11,Svidler Peter,RUS,2797.0,13.5,2784.0,peter svidler,1976.0,2682.0,41.0
323557,2017,blitz,open,,12,Vachier-Lagrave Maxime,FRA,2853.0,13.0,2822.0,maxime vachier-lagrave,1990.0,2718.0,27.0
323557,2017,blitz,open,,13,Grischuk Alexander,RUS,2725.0,13.0,2767.0,alexander grischuk,1983.0,2628.0,34.0
323557,2017,blitz,open,,14,Savchenko Boris,RUS,2619.0,13.0,2731.0,boris savchenko,1986.0,2466.0,31.0
323557,2017,blitz,open,,15,Melkumyan Hrant,ARM,2686.0,13.0,2727.0,hrant melkumyan,1989.0,2636.0,28.0
323557,2017,blitz,open,,16,Le Quang Liem,VIE,2771.0,13.0,2731.0,le liem quang,1991.0,2732.0,26.0
323557,2017,blitz,open,,17,Mamedov Rauf,AZE,2755.0,13.0,2701.0,mamedov rauf,1988.0,2631.0,29.0
323557,2017,blitz,open,,18,Adly Ahmed,EGY,2678.0,13.0,2672.0,adly ahmed,1987.0,2582.0,30.0
323557,2017,blitz,open,,19,Dreev Aleksey,RUS,2640.0,12.5,2751.0,aleksey dreev,1969.0,2577.0,48.0
323557,2017,blitz,open,,20,Amin Bassem,EGY,2655.0,12.5,2750.0,amin bassem,1988.0,2608.0,29.0
323557,2017,blitz,open,,21,Nepomniachtchi Ian,RUS,2810.0,12.5,2751.0,ian nepomniachtchi,1990.0,2719.0,27.0
323557,2017,blitz,open,,22,Vidit Santosh Gujrathi,IND,2651.0,12.5,2740.0,gujrathi santosh vidit,1994.0,2697.0,23.0
323557,2017,blitz,open,,23,Artemiev Vladislav,RUS,2798.0,12.5,2734.0,artemiev vladislav,1998.0,2653.0,19.0
323557,2017,blitz,open,,24,Leko Peter,HUN,2790.0,12.5,2713.0,leko peter,1979.0,2676.0,38.0
323557,2017,blitz,open,,25,Harikrishna P.,IND,2759.0,12.5,2715.0,harikrishna p.,,,
323557,2017,blitz,open,,26,Li Chao B,CHN,2668.0,12.5,2697.0,b chao li,1989.0,2615.0,28.0
323557,2017,blitz,open,,27,Bu Xiangzhi,CHN,2688.0,12.5,2655.0,bu xiangzhi,1985.0,2651.0,32.0
323557,2017,blitz,open,,28,Wang Yue,CHN,2686.0,12.5,2649.0,wang yue,1987.0,2619.0,30.0
323557,2017,blitz,open,,29,Pantsulaia Levan,GEO,2679.0,12.5,2635.0,levan pantsulaia,1986.0,2492.0,31.0
323557,2017,blitz,open,,30,Jobava Baadur,GEO,2585.0,12.0,2778.0,baadur jobava,1983.0,2576.0,34.0
323557,2017,blitz,open,,31,Rapport Richard,HUN,2600.0,12.0,2767.0,rapport richard,1996.0,2726.0,21.0
323557,2017,blitz,open,,32,Sjugirov Sanan,RUS,2645.0,12.0,2739.0,sanan sjugirov,1993.0,2544.0,24.0
323557,2017,blitz,open,,33,Fedoseev Vladimir,RUS,2629.0,12.0,2720.0,fedoseev vladimir,1995.0,2691.0,22.0
323557,2017,blitz,open,,34,Bacrot Etienne,FRA,2621.0,12.0,2707.0,bacrot etienne,1983.0,2620.0,34.0
323557,2017,blitz,open,,35,Zhigalko Sergei,BLR,2586.0,12.0,2721.0,sergei zhigalko,1989.0,2572.0,28.0
323557,2017,blitz,open,,36,Bortnyk Olexandr,UKR,2677.0,12.0,2717.0,bortnyk olexandr,1996.0,2604.0,21.0
323557,2017,blitz,open,,37,Quparadze Giga,GEO,2654.0,12.0,2688.0,giga quparadze,1987.0,2481.0,30.0
323557,2017,blitz,open,,38,Salem A.R. Saleh,UAE,2757.0,12.0,2688.0,a.r. saleh salem,1993.0,2616.0,24.0
323557,2017,blitz,open,,39,Laznicka Viktor,CZE,2681.0,12.0,2637.0,laznicka viktor,1988.0,2585.0,29.0
323557,2017,blitz,open,,40,Ponomariov Ruslan,UKR,2711.0,12.0,2608.0,ponomariov ruslan,1983.0,2632.0,34.0
323557,2017,blitz,open,,41,Esipenko Andrey,RUS,2581.0,11.5,2765.0,andrey esipenko,2002.0,2680.0,15.0
323557,2017,blitz,open,,42,Fressinet Laurent,FRA,2608.0,11.5,2743.0,fressinet laurent,1981.0,2610.0,36.0
323557,2017,blitz,open,,43,Andriasian Zaven,ARM,2755.0,11.5,2700.0,andriasian zaven,1989.0,2528.0,28.0
323557,2017,blitz,open,,44,Rakhmanov Aleksandr,RUS,2558.0,11.5,2645.0,aleksandr rakhmanov,1989.0,2597.0,28.0
323557,2017,blitz,open,,45,Vallejo Pons Francisco,ESP,2662.0,11.5,2663.0,francisco pons vallejo,1982.0,2644.0,35.0
323557,2017,blitz,open,,46,Akobian Varuzhan,USA,2655.0,11.5,2641.0,akobian varuzhan,1983.0,2553.0,34.0
323557,2017,blitz,open,,47,Kasimdzhanov Rustam,UZB,2750.0,11.5,2648.0,kasimdzhanov rustam,1979.0,2665.0,38.0
323557,2017,blitz,open,,48,Saric Ivan,CRO,2674.0,11.5,2588.0,ivan saric,1990.0,2623.0,27.0
323557,2017,blitz,open,,49,Volokitin Andrei,UKR,2618.0,11.5,2546.0,andrei volokitin,1986.0,2618.0,31.0
323557,2017,blitz,open,,50,Amonatov Farrukh,TJK,2628.0,11.0,2701.0,amonatov farrukh,1978.0,2598.0,39.0
323557,2017,blitz,open,,51,Kryvoruchko Yuriy,UKR,2596.0,11.0,2717.0,kryvoruchko yuriy,1986.0,2614.0,31.0
323557,2017,blitz,open,,52,Onischuk Vladimir,UKR,2607.0,11.0,2699.0,onischuk vladimir,,,
323557,2017,blitz,open,,53,Howell David W L,ENG,2571.0,11.0,2687.0,david howell l w,1990.0,2665.0,27.0
323557,2017,blitz,open,,54,Kravtsiv Martyn,UKR,2692.0,11.0,2670.0,kravtsiv martyn,1990.0,2598.0,27.0
323557,2017,blitz,open,,55,Adhiban B.,IND,2577.0,11.0,2649.0,adhiban b.,1992.0,2574.0,25.0
323557,2017,blitz,open,,56,Georgiev Kiril,FID,2629.0,11.0,2636.0,georgiev kiril,1965.0,2520.0,52.0
323557,2017,blitz,open,,57,Inarkiev Ernesto,RUS,2614.0,11.0,2612.0,ernesto inarkiev,1985.0,2637.0,32.0
323557,2017,blitz,open,,58,Anton Guijarro David,ESP,2631.0,11.0,2618.0,anton david guijarro,1995.0,2632.0,22.0
323557,2017,blitz,open,,59,Ivanchuk Vassily,UKR,2815.0,11.0,2626.0,ivanchuk vassily,,,
323557,2017,blitz,open,,60,Duda Jan-Krzysztof,POL,2682.0,11.0,2627.0,duda jan-krzysztof,1998.0,2743.0,19.0
323557,2017,blitz,open,,61,Kovalev Vladislav,BLR,2551.0,11.0,2580.0,kovalev vladislav,1994.0,2565.0,23.0
323557,2017,blitz,open,,62,Cheparinov Ivan,FID,2672.0,11.0,2607.0,cheparinov ivan,1986.0,2631.0,31.0
323557,2017,blitz,open,,63,Safarli Eltaj,AZE,2695.0,11.0,2597.0,eltaj safarli,1992.0,2616.0,25.0
323557,2017,blitz,open,,64,Riazantsev Alexander,RUS,2691.0,11.0,2583.0,alexander riazantsev,1985.0,2590.0,32.0
323557,2017,blitz,open,,65,Al-Sayed Mohammed,QAT,2512.0,11.0,2551.0,al-sayed mohammed,1981.0,2484.0,36.0
323557,2017,blitz,open,,66,Fedorchuk Sergey A.,UKR,2511.0,11.0,2556.0,a. fedorchuk sergey,1981.0,2596.0,36.0
323557,2017,blitz,open,,67,Socko Bartosz,POL,2619.0,10.5,2665.0,bartosz socko,1978.0,2554.0,39.0
323557,2017,blitz,open,,68,Grigoriants Sergey,RUS,2559.0,10.5,2683.0,grigoriants sergey,1983.0,2546.0,34.0
323557,2017,blitz,open,,69,Demchenko Anton,RUS,2644.0,10.5,2637.0,anton demchenko,1987.0,2580.0,30.0
323557,2017,blitz,open,,70,Nguyen Ngoc Truong Son,VIE,2633.0,10.5,2610.0,ngoc nguyen son truong,1990.0,2600.0,27.0
323557,2017,blitz,open,,71,Mchedlishvili Mikheil,GEO,2568.0,10.5,2609.0,mchedlishvili mikheil,1979.0,2550.0,38.0
323557,2017,blitz,open,,72,Khismatullin Denis,RUS,2662.0,10.5,2611.0,denis khismatullin,1984.0,2493.0,33.0
323557,2017,blitz,open,,73,Malakhov Vladimir,RUS,2655.0,10.5,2608.0,malakhov vladimir,1980.0,2597.0,37.0
323557,2017,blitz,open,,74,Movsesian Sergei,ARM,2669.0,10.5,2603.0,movsesian sergei,1978.0,2594.0,39.0
323557,2017,blitz,open,,75,Zhao Jun,CHN,2568.0,10.5,2590.0,jun zhao,1986.0,2244.0,31.0
323557,2017,blitz,open,,76,Bocharov Dmitry,RUS,2656.0,10.5,2588.0,bocharov dmitry,1982.0,2510.0,35.0
323557,2017,blitz,open,,77,Guseinov Gadir,AZE,2694.0,10.5,2581.0,gadir guseinov,1986.0,2636.0,31.0
323557,2017,blitz,open,,78,Halkias Stelios,GRE,2513.0,10.5,2569.0,halkias stelios,1980.0,2497.0,37.0
323557,2017,blitz,open,,79,Potkin Vladimir,RUS,2549.0,10.5,2504.0,potkin vladimir,1982.0,2548.0,35.0
323557,2017,blitz,open,,80,Van Foreest Jorden,NED,2573.0,10.0,2606.0,foreest jorden van,1999.0,2706.0,18.0
323557,2017,blitz,open,,81,Ni Hua,CHN,2553.0,10.0,2598.0,hua ni,1983.0,2649.0,34.0
323557,2017,blitz,open,,82,Alekseev Evgeny,RUS,2578.0,10.0,2583.0,alekseev evgeny,1985.0,2500.0,32.0
323557,2017,blitz,open,,83,Sethuraman S.P.,IND,2523.0,10.0,2546.0,s.p. sethuraman,1993.0,2550.0,24.0
323557,2017,blitz,open,,84,Short Nigel D,ENG,2617.0,10.0,2519.0,d nigel short,1965.0,2594.0,52.0
323557,2017,blitz,open,,85,Ganguly Surya Shekhar,IND,2578.0,10.0,2552.0,ganguly shekhar surya,1983.0,2562.0,34.0
323557,2017,blitz,open,,86,Meier Georg,GER,2652.0,10.0,2544.0,georg meier,1987.0,2612.0,30.0
323557,2017,blitz,open,,87,Eljanov Pavel,UKR,2659.0,10.0,2527.0,eljanov pavel,1983.0,2664.0,34.0
323557,2017,blitz,open,,88,McShane Luke J,ENG,2702.0,10.0,2496.0,j luke mcshane,1984.0,2598.0,33.0
323557,2017,blitz,open,,89,Kokarev Dmitry,RUS,2694.0,10.0,2486.0,dmitry kokarev,1982.0,2523.0,35.0
323557,2017,blitz,open,,90,Ponkratov Pavel,RUS,2599.0,9.5,2605.0,pavel ponkratov,1988.0,2540.0,29.0
323557,2017,blitz,open,,91,Bosiocic Marin,CRO,2572.0,9.5,2546.0,bosiocic marin,1988.0,2563.0,29.0
323557,2017,blitz,open,,92,Dobrov Vladimir,RUS,2508.0,9.5,2592.0,dobrov vladimir,1984.0,2388.0,33.0
323557,2017,blitz,open,,93,Dzhumagaliev Yan,RUS,2490.0,9.5,2550.0,dzhumagaliev yan,1991.0,2411.0,26.0
323557,2017,blitz,open,,94,Moiseenko Alexander,UKR,2597.0,9.5,2574.0,alexander moiseenko,1980.0,2569.0,37.0
323557,2017,blitz,open,,95,Sargissian Gabriel,ARM,2644.0,9.5,2537.0,gabriel sargissian,1983.0,2610.0,34.0
323557,2017,blitz,open,,96,Kuzubov Yuriy,UKR,2596.0,9.5,2552.0,kuzubov yuriy,1990.0,2587.0,27.0
323557,2017,blitz,open,,97,Salgado Lopez Ivan,ESP,2582.0,9.5,2538.0,ivan lopez salgado,1991.0,2591.0,26.0
323557,2017,blitz,open,,98,Naiditsch Arkadij,AZE,2632.0,9.5,2520.0,arkadij naiditsch,1985.0,2574.0,32.0
323557,2017,blitz,open,,99,Tregubov Pavel V.,RUS,2505.0,9.5,2500.0,pavel tregubov v.,1971.0,2538.0,46.0
323557,2017,blitz,open,,100,Miton Kamil,POL,2541.0,9.5,2467.0,kamil miton,1984.0,2568.0,33.0
323557,2017,blitz,open,,101,Almasi Zoltan,HUN,2682.0,9.5,2504.0,almasi zoltan,1976.0,2677.0,41.0
323557,2017,blitz,open,,102,El Adnani Mokliss,MAR,2510.0,9.5,2373.0,adnani el mokliss,,,
323557,2017,blitz,open,,103,Jumabayev Rinat,KAZ,2556.0,9.0,2573.0,jumabayev rinat,1989.0,2564.0,28.0
323557,2017,blitz,open,,104,Dervishi Erald,ALB,2552.0,9.0,2411.0,dervishi erald,1979.0,2520.0,38.0
323557,2017,blitz,open,,105,Al-Modiahki Mohamad,QAT,2533.0,9.0,2407.0,al-modiahki mohamad,,,
323557,2017,blitz,open,,106,Abdyjapar Asyl,KGZ,2383.0,9.0,2385.0,abdyjapar asyl,,,
323557,2017,blitz,open,,107,Malakhatko Vadim,BEL,2498.0,9.0,2346.0,malakhatko vadim,,,
323557,2017,blitz,open,,108,Minko Vladimir,RUS,2373.0,9.0,2311.0,minko vladimir,1998.0,2370.0,19.0
323557,2017,blitz,open,,109,Khairat Ahmet,EGY,2133.0,9.0,2309.0,ahmet khairat,,,
323557,2017,blitz,open,,110,Tissir Mohamed,MAR,2388.0,9.0,2283.0,mohamed tissir,1976.0,2300.0,41.0
323557,2017,blitz,open,,111,Al-Saffar Araz Basim Mohammed,IRQ,2359.0,9.0,2264.0,al-saffar araz basim mohammed,,,
323557,2017,blitz,open,,112,Bukannan Ahmed A,KSA,1965.0,9.0,2251.0,a ahmed bukannan,1999.0,1930.0,18.0
323557,2017,blitz,open,,113,Lodhi Mahmood,PAK,2306.0,9.0,2227.0,lodhi mahmood,1961.0,2149.0,56.0
323557,2017,blitz,open,,114,Lam Daniel King-Wai,HKG,2154.0,9.0,2207.0,daniel king-wai lam,,,
323557,2017,blitz,open,,115,Al Jabri Mohammed Ali,SYR,2095.0,9.0,2159.0,al ali jabri mohammed,1976.0,2107.0,41.0
323557,2017,blitz,open,,116,Al-Hajiri Bader,KUW,2141.0,9.0,2113.0,al-hajiri bader,1968.0,2033.0,49.0
323557,2017,blitz,open,,117,Christiansen Johan-Sebastian,NOR,2640.0,8.5,2522.0,christiansen johan-sebastian,1998.0,2656.0,19.0
323557,2017,blitz,open,,118,Sanal Vahap,TUR,2448.0,8.5,2413.0,sanal vahap,1998.0,2544.0,19.0
323557,2017,blitz,open,,119,Ibrahimov Rasul,AZE,2518.0,8.5,2399.0,ibrahimov rasul,1981.0,2527.0,36.0
323557,2017,blitz,open,,120,Shytaj Luca,ITA,2378.0,8.5,2335.0,luca shytaj,,,
323557,2017,blitz,open,,121,Haddouche Mohamed,ALG,2494.0,8.5,2237.0,haddouche mohamed,1984.0,2490.0,33.0
323557,2017,blitz,open,,122,Khader Sami,JOR,2328.0,8.5,2194.0,khader sami,1972.0,2369.0,45.0
323557,2017,blitz,open,,123,Al Ghamdi Ahmed M,KSA,2158.0,8.5,2038.0,ahmed al ghamdi m,,,
323557,2017,blitz,open,,124,Masrahi Abdulrahman A,KSA,1962.0,8.5,2015.0,a abdulrahman masrahi,1991.0,2014.0,26.0
323557,2017,blitz,open,,125,Saeed Ishaq,UAE,2306.0,8.0,2267.0,ishaq saeed,1993.0,2290.0,24.0
323557,2017,blitz,open,,126,Samhouri A.,JOR,2355.0,8.0,2185.0,a. samhouri,1984.0,2353.0,33.0
323557,2017,blitz,open,,127,Amer Said Salim Al Maashani,OMA,2104.0,8.0,2178.0,al amer maashani said salim,,,
323557,2017,blitz,open,,128,Farhan Marwan Ali,YEM,2005.0,8.0,1970.0,ali farhan marwan,,,
323557,2017,blitz,open,,129,Omar Noaman,UAE,2293.0,7.5,2300.0,noaman omar,1991.0,2329.0,26.0
323557,2017,blitz,open,,130,Alanazy Mohammed,KSA,1611.0,7.5,1996.0,alanazy mohammed,1988.0,1924.0,29.0
323557,2017,blitz,open,,131,Miswadah Baha,PLE,1880.0,7.0,1937.0,baha miswadah,1981.0,1971.0,36.0
323557,2017,blitz,open,,132,Al Mahmood Salman,BRN,1411.0,7.0,1983.0,al mahmood salman,2004.0,1820.0,13.0
323557,2017,blitz,open,,133,Salama Taher,PLE,1734.0,6.5,1937.0,salama taher,1990.0,1878.0,27.0
323557,2017,blitz,open,,134,Al Zamel Khaled,KSA,1942.0,5.5,1908.0,al khaled zamel,1958.0,1918.0,59.0
323557,2017,blitz,open,,135,Alem Ali Hussien,KSA,1745.0,5.0,1805.0,alem ali hussien,,,
323557,2017,blitz,open,,136,Al Habeeb Emad,KSA,2022.0,5.0,1863.0,al emad habeeb,1975.0,1902.0,42.0
323557,2017,blitz,open,,137,Al Abdali Zeyad Saleh,KSA,1814.0,4.5,1801.0,abdali al saleh zeyad,1985.0,1649.0,32.0
323557,2017,blitz,open,,138,Al Saidi Mohammed Khalfan,OMA,1468.0,2.5,1715.0,al khalfan mohammed saidi,1990.0,1934.0,27.0
399595,2018,rapid,open,,1,Dubov Daniil,RUS,2723.0,11.0,,daniil dubov,1996.0,2654.0,22.0
399595,2018,rapid,open,,2,Mamedyarov Shakhriyar,AZE,2786.0,10.5,,mamedyarov shakhriyar,1985.0,2720.0,33.0
399595,2018,rapid,open,,3,Nakamura Hikaru,USA,2844.0,10.5,,hikaru nakamura,1987.0,2792.0,31.0
399595,2018,rapid,open,,4,Artemiev Vladislav,RUS,2812.0,10.5,,artemiev vladislav,1998.0,2653.0,20.0
399595,2018,rapid,open,,5,Carlsen Magnus,NOR,2903.0,10.5,,carlsen magnus,1990.0,2823.0,28.0
399595,2018,rapid,open,,6,Firouzja Alireza,IRI,2412.0,10.0,,alireza firouzja,2003.0,2757.0,15.0
399595,2018,rapid,open,,7,Yu Yangyi,CHN,2758.0,10.0,,yangyi yu,1994.0,2710.0,24.0
399595,2018,rapid,open,,8,Giri Anish,NED,2739.0,10.0,,anish giri,1994.0,2757.0,24.0
399595,2018,rapid,open,,9,Karjakin Sergey,RUS,2774.0,10.0,,karjakin sergey,1990.0,2750.0,28.0
399595,2018,rapid,open,,10,Petrosian Tigran L.,ARM,2676.0,10.0,,l. petrosian tigran,1984.0,2522.0,34.0
399595,2018,rapid,open,,11,Korobov Anton,UKR,2740.0,10.0,,anton korobov,1985.0,2610.0,33.0
399595,2018,rapid,open,,12,Matlakov Maxim,RUS,2690.0,10.0,,matlakov maxim,1991.0,2596.0,27.0
399595,2018,rapid,open,,13,Duda Jan-Krzysztof,POL,2683.0,10.0,,duda jan-krzysztof,1998.0,2743.0,20.0
399595,2018,rapid,open,,14,Anton Guijarro David,ESP,2708.0,10.0,,anton david guijarro,1995.0,2632.0,23.0
399595,2018,rapid,open,,15,Grischuk Alexander,RUS,2732.0,10.0,,alexander grischuk,1983.0,2628.0,35.0
399595,2018,rapid,open,,16,Jakovenko Dmitry,RUS,2731.0,10.0,,dmitry jakovenko,1983.0,2682.0,35.0
399595,2018,rapid,open,,17,Ponkratov Pavel,RUS,2650.0,10.0,,pavel ponkratov,1988.0,2540.0,30.0
399595,2018,rapid,open,,18,Andreikin Dmitry,RUS,2725.0,9.5,,andreikin dmitry,1990.0,2714.0,28.0
399595,2018,rapid,open,,19,Wang Hao,CHN,2782.0,9.5,,hao wang,1989.0,2694.0,29.0
399595,2018,rapid,open,,20,Zubov Alexander,UKR,2681.0,9.5,,alexander zubov,1983.0,2598.0,35.0
399595,2018,rapid,open,,21,Oparin Grigoriy,RUS,2701.0,9.5,,grigoriy oparin,1997.0,2638.0,21.0
399595,2018,rapid,open,,22,Kamsky Gata,USA,2757.0,9.5,,gata kamsky,1974.0,2592.0,44.0
399595,2018,rapid,open,,23,Anand Viswanathan,IND,2723.0,9.5,,anand viswanathan,1969.0,2739.0,49.0
399595,2018,rapid,open,,24,Alekseenko Kirill,RUS,2635.0,9.5,,alekseenko kirill,1997.0,2656.0,21.0
399595,2018,rapid,open,,25,Fridman Daniel,GER,2677.0,9.5,,daniel fridman,1976.0,2564.0,42.0
399595,2018,rapid,open,,26,Jobava Baadur,GEO,2718.0,9.5,,baadur jobava,1983.0,2576.0,35.0
399595,2018,rapid,open,,27,Cheparinov Ivan,GEO,2697.0,9.5,,cheparinov ivan,1986.0,2631.0,32.0
399595,2018,rapid,open,,28,Kovalenko Igor,LAT,2665.0,9.5,,igor kovalenko,1988.0,2642.0,30.0
399595,2018,rapid,open,,29,Nepomniachtchi Ian,RUS,2771.0,9.0,,ian nepomniachtchi,1990.0,2719.0,28.0
399595,2018,rapid,open,,30,Gelfand Boris,ISR,2715.0,9.0,,boris gelfand,1968.0,2641.0,50.0
399595,2018,rapid,open,,31,Sargissian Gabriel,ARM,2674.0,9.0,,gabriel sargissian,1983.0,2610.0,35.0
399595,2018,rapid,open,,32,Shirov Alexei,ESP,2674.0,9.0,,alexei shirov,1972.0,2603.0,46.0
399595,2018,rapid,open,,33,Salem A.R. Saleh,UAE,2682.0,9.0,,a.r. saleh salem,1993.0,2616.0,25.0
399595,2018,rapid,open,,34,Rakhmanov Aleksandr,RUS,2613.0,9.0,,aleksandr rakhmanov,1989.0,2597.0,29.0
399595,2018,rapid,open,,35,Alekseev Evgeny,RUS,2650.0,9.0,,alekseev evgeny,1985.0,2500.0,33.0
399595,2018,rapid,open,,36,Svidler Peter,RUS,2753.0,9.0,,peter svidler,1976.0,2682.0,42.0
399595,2018,rapid,open,,37,Guseinov Gadir,AZE,2732.0,9.0,,gadir guseinov,1986.0,2636.0,32.0
399595,2018,rapid,open,,38,Saric Ivan,CRO,2661.0,9.0,,ivan saric,1990.0,2623.0,28.0
399595,2018,rapid,open,,39,Savchenko Boris,RUS,2660.0,9.0,,boris savchenko,1986.0,2466.0,32.0
399595,2018,rapid,open,,40,Inarkiev Ernesto,RUS,2624.0,9.0,,ernesto inarkiev,1985.0,2637.0,33.0
399595,2018,rapid,open,,41,Goganov Aleksey,RUS,2545.0,9.0,,aleksey goganov,1991.0,2507.0,27.0
399595,2018,rapid,open,,42,Zhigalko Sergei,BLR,2724.0,9.0,,sergei zhigalko,1989.0,2572.0,29.0
399595,2018,rapid,open,,43,Antipov Mikhail Al.,RUS,2628.0,9.0,,al. antipov mikhail,1997.0,2628.0,21.0
399595,2018,rapid,open,,44,Piorun Kacper,POL,2615.0,9.0,,kacper piorun,1991.0,2532.0,27.0
399595,2018,rapid,open,,45,Tomashevsky Evgeny,RUS,2737.0,9.0,,evgeny tomashevsky,1987.0,2681.0,31.0
399595,2018,rapid,open,,46,Sarana Alexey,RUS,2617.0,9.0,,alexey sarana,2000.0,2666.0,18.0
399595,2018,rapid,open,,47,Le Quang Liem,VIE,2752.0,9.0,,le liem quang,1991.0,2732.0,27.0
399595,2018,rapid,open,,48,Bocharov Ivan,RUS,2657.0,9.0,,bocharov ivan,1990.0,2554.0,28.0
399595,2018,rapid,open,,49,Paravyan David,RUS,2611.0,9.0,,david paravyan,1998.0,2587.0,20.0
399595,2018,rapid,open,,50,Demchenko Anton,RUS,2651.0,9.0,,anton demchenko,1987.0,2580.0,31.0
399595,2018,rapid,open,,51,Mchedlishvili Mikheil,GEO,2637.0,9.0,,mchedlishvili mikheil,1979.0,2550.0,39.0
399595,2018,rapid,open,,52,Pantsulaia Levan,GEO,2652.0,9.0,,levan pantsulaia,1986.0,2492.0,32.0
399595,2018,rapid,open,,53,Bazeev German,RUS,2418.0,8.5,,bazeev german,1993.0,2335.0,25.0
399595,2018,rapid,open,,54,Postny Evgeny,ISR,2599.0,8.5,,evgeny postny,1981.0,2493.0,37.0
399595,2018,rapid,open,,55,Khanin Semen,RUS,2594.0,8.5,,khanin semen,1999.0,2598.0,19.0
399595,2018,rapid,open,,56,Bocharov Dmitry,RUS,2683.0,8.5,,bocharov dmitry,1982.0,2510.0,36.0
399595,2018,rapid,open,,57,Sakaev Konstantin,RUS,2621.0,8.5,,konstantin sakaev,2001.0,1662.0,17.0
399595,2018,rapid,open,,58,Vokhidov Shamsiddin,UZB,2304.0,8.5,,shamsiddin vokhidov,2002.0,2654.0,16.0
399595,2018,rapid,open,,59,Tang Andrew,USA,2281.0,8.5,,andrew tang,1999.0,2551.0,19.0
399595,2018,rapid,open,,60,Ragger Markus,AUT,2632.0,8.5,,markus ragger,1988.0,2573.0,30.0
399595,2018,rapid,open,,61,Levin Evgeny A.,RUS,2563.0,8.5,,a. evgeny levin,1990.0,2384.0,28.0
399595,2018,rapid,open,,62,Riazantsev Alexander,RUS,2677.0,8.5,,alexander riazantsev,1985.0,2590.0,33.0
399595,2018,rapid,open,,63,Tsydypov Zhamsaran,RUS,2595.0,8.5,,tsydypov zhamsaran,1996.0,2509.0,22.0
399595,2018,rapid,open,,64,Yudin Sergei,RUS,2643.0,8.5,,sergei yudin,1986.0,2458.0,32.0
399595,2018,rapid,open,,65,Adly Ahmed,EGY,2630.0,8.5,,adly ahmed,1987.0,2582.0,31.0
399595,2018,rapid,open,,66,Potkin Vladimir,RUS,2635.0,8.5,,potkin vladimir,1982.0,2548.0,36.0
399595,2018,rapid,open,,67,Dreev Aleksey,RUS,2671.0,8.5,,aleksey dreev,1969.0,2577.0,49.0
399595,2018,rapid,open,,68,Jones Gawain C B,ENG,2655.0,8.5,,b c gawain jones,,,
399595,2018,rapid,open,,69,Hovhannisyan Robert,ARM,2549.0,8.0,,hovhannisyan robert,1991.0,2642.0,27.0
399595,2018,rapid,open,,70,Timofeev Artyom,RUS,2668.0,8.0,,artyom timofeev,1985.0,2479.0,33.0
399595,2018,rapid,open,,71,Predke Alexandr,RUS,2566.0,8.0,,alexandr predke,1994.0,2598.0,24.0
399595,2018,rapid,open,,72,Amonatov Farrukh,TJK,2688.0,8.0,,amonatov farrukh,1978.0,2598.0,40.0
399595,2018,rapid,open,,73,Tari Aryan,NOR,2554.0,8.0,,aryan tari,1999.0,2647.0,19.0
399595,2018,rapid,open,,74,Motylev Alexander,RUS,2697.0,8.0,,alexander motylev,1979.0,2547.0,39.0
399595,2018,rapid,open,,75,Lomasov Semyon,RUS,2416.0,8.0,,lomasov semyon,2002.0,2551.0,16.0
399595,2018,rapid,open,,76,Akopian Vladimir,ARM,2707.0,8.0,,akopian vladimir,1971.0,2562.0,47.0
399595,2018,rapid,open,,77,Mamedov Rauf,AZE,2739.0,8.0,,mamedov rauf,1988.0,2631.0,30.0
399595,2018,rapid,open,,78,Amin Bassem,EGY,2630.0,8.0,,amin bassem,1988.0,2608.0,30.0
399595,2018,rapid,open,,79,Tukhaev Adam,UKR,2556.0,8.0,,adam tukhaev,1988.0,2519.0,30.0
399595,2018,rapid,open,,80,Ghaem Maghami Ehsan,IRI,2524.0,8.0,,ehsan ghaem maghami,1982.0,2442.0,36.0
399595,2018,rapid,open,,81,Gasanov Eldar,UKR,2547.0,8.0,,eldar gasanov,1982.0,2461.0,36.0
399595,2018,rapid,open,,82,Jumabayev Rinat,KAZ,2593.0,8.0,,jumabayev rinat,1989.0,2564.0,29.0
399595,2018,rapid,open,,83,Abdusattorov Nodirbek,UZB,2312.0,8.0,,abdusattorov nodirbek,2004.0,2762.0,14.0
399595,2018,rapid,open,,84,Melkumyan Hrant,ARM,2672.0,8.0,,hrant melkumyan,1989.0,2636.0,29.0
399595,2018,rapid,open,,85,Tregubov Pavel V.,RUS,2553.0,8.0,,pavel tregubov v.,1971.0,2538.0,47.0
399595,2018,rapid,open,,86,Grachev Boris,RUS,2669.0,8.0,,boris grachev,1986.0,2586.0,32.0
399595,2018,rapid,open,,87,Carlsson Pontus,SWE,2463.0,8.0,,carlsson pontus,1982.0,2450.0,36.0
399595,2018,rapid,open,,88,Indjic Aleksandar,SRB,2575.0,8.0,,aleksandar indjic,1995.0,2598.0,23.0
399595,2018,rapid,open,,89,Grigoriants Sergey,RUS,2640.0,8.0,,grigoriants sergey,1983.0,2546.0,35.0
399595,2018,rapid,open,,90,Najer Evgeniy,RUS,2653.0,8.0,,evgeniy najer,1977.0,2580.0,41.0
399595,2018,rapid,open,,91,Vallejo Pons Francisco,ESP,2628.0,8.0,,francisco pons vallejo,1982.0,2644.0,36.0
399595,2018,rapid,open,,92,Smirin Ilia,ISR,2601.0,8.0,,ilia smirin,1968.0,2578.0,50.0
399595,2018,rapid,open,,93,Harikrishna Pentala,IND,2758.0,7.5,,harikrishna pentala,1986.0,2648.0,32.0
399595,2018,rapid,open,,94,Petrov Nikita,RUS,2502.0,7.5,,nikita petrov,1996.0,2565.0,22.0
399595,2018,rapid,open,,95,Kevlishvili Robby,NED,2451.0,7.5,,kevlishvili robby,2001.0,2516.0,17.0
399595,2018,rapid,open,,96,Yakubboev Nodirbek,UZB,2364.0,7.5,,nodirbek yakubboev,2002.0,2685.0,16.0
399595,2018,rapid,open,,97,Bosiocic Marin,CRO,2584.0,7.5,,bosiocic marin,1988.0,2563.0,30.0
399595,2018,rapid,open,,98,Popov Ivan,RUS,2542.0,7.5,,ivan popov,1990.0,2595.0,28.0
399595,2018,rapid,open,,99,Steinberg Nitzan,ISR,2400.0,7.5,,nitzan steinberg,1998.0,2560.0,20.0
399595,2018,rapid,open,,100,Demidov Mikhail,RUS,2595.0,7.5,,demidov mikhail,1992.0,2513.0,26.0
399595,2018,rapid,open,,101,Vitiugov Nikita,RUS,2632.0,7.5,,nikita vitiugov,1987.0,2666.0,31.0
399595,2018,rapid,open,,102,Potapov Pavel,RUS,2541.0,7.5,,pavel potapov,1990.0,2452.0,28.0
399595,2018,rapid,open,,103,Aronian Levon,ARM,2802.0,7.5,,aronian levon,1982.0,2725.0,36.0
399595,2018,rapid,open,,104,Roiz Michael,ISR,2611.0,7.5,,michael roiz,1983.0,2564.0,35.0
399595,2018,rapid,open,,105,Shaposhnikov Evgeny,RUS,2613.0,7.5,,evgeny shaposhnikov,1981.0,2517.0,37.0
399595,2018,rapid,open,,106,Fedoseev Vladimir,RUS,2810.0,7.5,,fedoseev vladimir,1995.0,2691.0,23.0
399595,2018,rapid,open,,107,Moiseenko Vadim,RUS,2583.0,7.5,,moiseenko vadim,1994.0,2518.0,24.0
399595,2018,rapid,open,,108,Yuffa Daniil,RUS,2573.0,7.5,,daniil yuffa,1997.0,2570.0,21.0
399595,2018,rapid,open,,109,Vastrukhin Oleg,RUS,2495.0,7.5,,oleg vastrukhin,1991.0,2361.0,27.0
399595,2018,rapid,open,,110,Makoveev Ilya,RUS,2173.0,7.5,,ilya makoveev,2006.0,2374.0,12.0
399595,2018,rapid,open,,111,Vishnu Prasanna. V,IND,2489.0,7.5,,prasanna. v vishnu,1989.0,2382.0,29.0
399595,2018,rapid,open,,112,Popov Valerij,RUS,2531.0,7.5,,popov valerij,1974.0,2521.0,44.0
399595,2018,rapid,open,,113,Salgado Lopez Ivan,ESP,2618.0,7.5,,ivan lopez salgado,1991.0,2591.0,27.0
399595,2018,rapid,open,,114,Bindrich Falko,GER,2584.0,7.5,,bindrich falko,1990.0,2584.0,28.0
399595,2018,rapid,open,,115,Gareyev Timur,USA,2575.0,7.5,,gareyev timur,1988.0,2546.0,30.0
399595,2018,rapid,open,,116,Bilguun Sumiya,MGL,2415.0,7.5,,bilguun sumiya,1997.0,2414.0,21.0
399595,2018,rapid,open,,117,Drygalov Andrey,RUS,2491.0,7.5,,andrey drygalov,1999.0,2404.0,19.0
399595,2018,rapid,open,,118,Hakobyan Aram,ARM,2545.0,7.5,,aram hakobyan,2001.0,2638.0,17.0
399595,2018,rapid,open,,119,Khusnutdinov Rustam,KAZ,2530.0,7.0,,khusnutdinov rustam,1987.0,2433.0,31.0
399595,2018,rapid,open,,120,Van Foreest Jorden,NED,2401.0,7.0,,foreest jorden van,1999.0,2706.0,19.0
399595,2018,rapid,open,,121,Sanal Vahap,TUR,2476.0,7.0,,sanal vahap,1998.0,2544.0,20.0
399595,2018,rapid,open,,122,Al-Sayed Mohammed,QAT,2419.0,7.0,,al-sayed mohammed,1981.0,2484.0,37.0
399595,2018,rapid,open,,123,Sjugirov Sanan,RUS,2722.0,7.0,,sanan sjugirov,1993.0,2544.0,25.0
399595,2018,rapid,open,,124,Sychev Klementy,RUS,2544.0,7.0,,klementy sychev,1996.0,2508.0,22.0
399595,2018,rapid,open,,125,Maghsoodloo Parham,IRI,2463.0,7.0,,maghsoodloo parham,2000.0,2705.0,18.0
399595,2018,rapid,open,,126,Anikonov Dmitry,RUS,2413.0,7.0,,anikonov dmitry,1998.0,2366.0,20.0
399595,2018,rapid,open,,127,Gutenev Alexander,RUS,2490.0,7.0,,alexander gutenev,1990.0,2455.0,28.0
399595,2018,rapid,open,,128,Esipenko Andrey,RUS,2643.0,7.0,,andrey esipenko,2002.0,2680.0,16.0
399595,2018,rapid,open,,129,Kryakvin Dmitry,RUS,2529.0,7.0,,dmitry kryakvin,1984.0,2384.0,34.0
399595,2018,rapid,open,,130,Nihal Sarin,IND,2173.0,7.0,,nihal sarin,2004.0,2718.0,14.0
399595,2018,rapid,open,,131,Teterev Vitaly,BLR,2472.0,7.0,,teterev vitaly,1983.0,2239.0,35.0
399595,2018,rapid,open,,132,Reshetnikov Alexey,RUS,2537.0,7.0,,alexey reshetnikov,1988.0,2492.0,30.0
399595,2018,rapid,open,,133,Sanikidze Tornike,GEO,2483.0,7.0,,sanikidze tornike,1989.0,2403.0,29.0
399595,2018,rapid,open,,134,Yilmaz Mustafa,TUR,2546.0,7.0,,mustafa yilmaz,1992.0,2553.0,26.0
399595,2018,rapid,open,,135,Shinkevich Vitaly,RUS,2545.0,7.0,,shinkevich vitaly,1982.0,2372.0,36.0
399595,2018,rapid,open,,136,Miton Kamil,POL,2590.0,7.0,,kamil miton,1984.0,2568.0,34.0
399595,2018,rapid,open,,137,Oganian Miran,RUS,2506.0,7.0,,miran oganian,1996.0,2419.0,22.0
399595,2018,rapid,open,,138,Zvjaginsev Vadim,RUS,2573.0,7.0,,vadim zvjaginsev,1976.0,2522.0,42.0
399595,2018,rapid,open,,139,Novikov Stanislav,RUS,2605.0,7.0,,novikov stanislav,1985.0,2518.0,33.0
399595,2018,rapid,open,,140,Zablotsky Sergei,RUS,2542.0,7.0,,sergei zablotsky,1982.0,2473.0,36.0
399595,2018,rapid,open,,141,Kobo Ori,ISR,2442.0,6.5,,kobo ori,1997.0,2485.0,21.0
399595,2018,rapid,open,,142,Kazhgaleyev Murtas,KAZ,2462.0,6.5,,kazhgaleyev murtas,1973.0,2541.0,45.0
399595,2018,rapid,open,,143,Christiansen Johan-Sebastian,NOR,2421.0,6.5,,christiansen johan-sebastian,1998.0,2656.0,20.0
399595,2018,rapid,open,,144,Frolyanov Dmitry,RUS,2614.0,6.5,,dmitry frolyanov,1986.0,2451.0,32.0
399595,2018,rapid,open,,145,Pershin Denis,RUS,2353.0,6.5,,denis pershin,1997.0,2358.0,21.0
399595,2018,rapid,open,,146,Lobanov Sergei,RUS,2398.0,6.5,,lobanov sergei,2001.0,2517.0,17.0
399595,2018,rapid,open,,147,Geller Jakov,RUS,2530.0,6.5,,geller jakov,1986.0,2521.0,32.0
399595,2018,rapid,open,,148,Chen Qi B,CHN,2258.0,6.5,,b chen qi,2000.0,2437.0,18.0
399595,2018,rapid,open,,149,Tissir Mohamed,MAR,2417.0,6.5,,mohamed tissir,1976.0,2300.0,42.0
399595,2018,rapid,open,,150,Fakhrutdinov Timur,RUS,2388.0,6.5,,fakhrutdinov timur,2001.0,2471.0,17.0
399595,2018,rapid,open,,151,Zubritskiy Artyom,RUS,2397.0,6.5,,artyom zubritskiy,1990.0,2376.0,28.0
399595,2018,rapid,open,,152,Nozdrachev Vladislav,RUS,2507.0,6.5,,nozdrachev vladislav,1992.0,2484.0,26.0
399595,2018,rapid,open,,153,Kabanov Nikolai,RUS,2403.0,6.5,,kabanov nikolai,1980.0,2422.0,38.0
399595,2018,rapid,open,,154,Sokolov Andrei,LAT,2482.0,6.5,,andrei sokolov,1963.0,2448.0,55.0
399595,2018,rapid,open,,155,Kovalev Vladislav,BLR,2624.0,6.5,,kovalev vladislav,1994.0,2565.0,24.0
399595,2018,rapid,open,,156,Huzman Alexander,ISR,2572.0,6.5,,alexander huzman,1962.0,2478.0,56.0
399595,2018,rapid,open,,157,Zhigalko Andrey,BLR,2523.0,6.5,,andrey zhigalko,1985.0,2509.0,33.0
399595,2018,rapid,open,,158,Lintchevski Daniil,RUS,2603.0,6.5,,daniil lintchevski,1990.0,2499.0,28.0
399595,2018,rapid,open,,159,Zakhartsov Vladimir,RUS,2473.0,6.5,,vladimir zakhartsov,1997.0,2447.0,21.0
399595,2018,rapid,open,,160,Mikhalevski Victor,ISR,2516.0,6.5,,mikhalevski victor,1972.0,2469.0,46.0
399595,2018,rapid,open,,161,Yeritsyan Aram,RUS,2209.0,6.5,,aram yeritsyan,2003.0,2239.0,15.0
399595,2018,rapid,open,,162,Usmanov Vasily,RUS,2459.0,6.0,,usmanov vasily,1996.0,2450.0,22.0
399595,2018,rapid,open,,163,Sharma Dinesh K.,IND,2388.0,6.0,,dinesh k. sharma,1976.0,2168.0,42.0
399595,2018,rapid,open,,164,Drygalov Sergey,RUS,2471.0,6.0,,drygalov sergey,1999.0,2530.0,19.0
399595,2018,rapid,open,,165,Sokolin Leonid,USA,2508.0,6.0,,leonid sokolin,1966.0,2447.0,52.0
399595,2018,rapid,open,,166,Gabrielian Artur,RUS,2546.0,6.0,,artur gabrielian,1982.0,2404.0,36.0
399595,2018,rapid,open,,167,Belyakov Bogdan,RUS,2482.0,6.0,,belyakov bogdan,1989.0,2340.0,29.0
399595,2018,rapid,open,,168,Khismatullin Denis,RUS,2632.0,6.0,,denis khismatullin,1984.0,2493.0,34.0
399595,2018,rapid,open,,169,Belozerov Andrei,RUS,2511.0,6.0,,andrei belozerov,1977.0,2367.0,41.0
399595,2018,rapid,open,,170,Pogosyan Stefan,RUS,2353.0,6.0,,pogosyan stefan,2004.0,2387.0,14.0
399595,2018,rapid,open,,171,Borisenko Viacheslav,UKR,2367.0,6.0,,borisenko viacheslav,1995.0,2267.0,23.0
399595,2018,rapid,open,,172,Hirneise Tobias,GER,2415.0,6.0,,hirneise tobias,1989.0,2452.0,29.0
399595,2018,rapid,open,,173,Golubov Saveliy,RUS,2542.0,6.0,,golubov saveliy,2000.0,2473.0,18.0
399595,2018,rapid,open,,174,Hirneise Jens,GER,2355.0,5.5,,hirneise jens,1992.0,2349.0,26.0
399595,2018,rapid,open,,175,Gaifullin Artur,RUS,2156.0,5.5,,artur gaifullin,2001.0,2402.0,17.0
399595,2018,rapid,open,,176,Vlassov Nikolai,RUS,2492.0,5.5,,nikolai vlassov,1965.0,2322.0,53.0
399595,2018,rapid,open,,177,Ovchinnikov Vsevolod,RUS,2330.0,5.5,,ovchinnikov vsevolod,2000.0,2426.0,18.0
399595,2018,rapid,open,,178,Anisimov Pavel,RUS,2513.0,5.5,,anisimov pavel,1986.0,2506.0,32.0
399595,2018,rapid,open,,179,Dzhumagaliev Yan,RUS,2485.0,5.5,,dzhumagaliev yan,1991.0,2411.0,27.0
399595,2018,rapid,open,,180,Gurvich Vitaly,RUS,2255.0,5.5,,gurvich vitaly,2002.0,2251.0,16.0
399595,2018,rapid,open,,181,Apryshko Gleb,RUS,2420.0,5.5,,apryshko gleb,1995.0,2336.0,23.0
399595,2018,rapid,open,,182,Makarov Marat,RUS,2486.0,5.5,,makarov marat,1963.0,2505.0,55.0
399595,2018,rapid,open,,183,Gordievsky Dmitry,RUS,2496.0,5.5,,dmitry gordievsky,1996.0,2504.0,22.0
399595,2018,rapid,open,,184,Vaisser Anatoli,FRA,2530.0,5.5,,anatoli vaisser,1949.0,2407.0,69.0
399595,2018,rapid,open,,185,Rechlis Gad,ISR,2543.0,5.5,,gad rechlis,1967.0,2448.0,51.0
399595,2018,rapid,open,,186,Perdomo Carlos Andres,COL,2301.0,5.5,,andres carlos perdomo,1975.0,2309.0,43.0
399595,2018,rapid,open,,187,Mamatov Melis,KGZ,2234.0,5.5,,mamatov melis,1996.0,2345.0,22.0
399595,2018,rapid,open,,188,Dubrovin Robert,EST,2315.0,5.5,,dubrovin robert,1986.0,2219.0,32.0
399595,2018,rapid,open,,189,Danielyan Vahe,ARM,2261.0,5.5,,danielyan vahe,1997.0,2325.0,21.0
399595,2018,rapid,open,,190,Tsoi Dmitry,RUS,2381.0,5.0,,dmitry tsoi,2004.0,2371.0,14.0
399595,2018,rapid,open,,191,Vorotnikov Vladislav V,RUS,2267.0,5.0,,v vladislav vorotnikov,1947.0,2162.0,71.0
399595,2018,rapid,open,,192,Baron Tal,ISR,2525.0,5.0,,baron tal,1992.0,2371.0,26.0
399595,2018,rapid,open,,193,Iljiushenok Ilia,RUS,2607.0,5.0,,ilia iljiushenok,1993.0,2483.0,25.0
399595,2018,rapid,open,,194,Shubin Kirill,RUS,2242.0,5.0,,kirill shubin,2003.0,2490.0,15.0
399595,2018,rapid,open,,195,Masrahi Abdulrahman A,KSA,1878.0,5.0,,a abdulrahman masrahi,1991.0,2014.0,27.0
399595,2018,rapid,open,,196,Guimaraes Diogo Duarte,BRA,2348.0,4.5,,diogo duarte guimaraes,1984.0,2262.0,34.0
399595,2018,rapid,open,,197,Al Thebaiti Ahmed M,KSA,1826.0,4.5,,ahmed al m thebaiti,1992.0,2008.0,26.0
399595,2018,rapid,open,,198,Ahmed Hassan Abdillahi,DJI,1570.0,4.0,,abdillahi ahmed hassan,1981.0,1742.0,37.0
399595,2018,rapid,open,,199,Morozevich Alexander,RUS,2696.0,3.5,,alexander morozevich,1977.0,2654.0,41.0
399595,2018,rapid,open,,200,Teske Henrik,GER,2555.0,3.0,,henrik teske,1968.0,2433.0,50.0
399595,2018,rapid,open,,201,Alsulaymi Abdullah M,KSA,1682.0,3.0,,abdullah alsulaymi m,1992.0,1880.0,26.0
399595,2018,rapid,open,,202,Al Turky Fahad A,KSA,1815.0,2.5,,a al fahad turky,1982.0,1876.0,36.0
399595,2018,rapid,open,,203,Khayat Abdullah F,KSA,1819.0,2.0,,abdullah f khayat,1989.0,1843.0,29.0
399595,2018,rapid,open,,204,Rashkovsky Nukhim N,RUS,2484.0,0.0,,n nukhim rashkovsky,,,
399595,2018,rapid,open,,205,Bryzgalin Kirill,RUS,2483.0,0.0,,bryzgalin kirill,1982.0,2449.0,36.0
399597,2018,blitz,open,,1,Carlsen Magnus,NOR,2939.0,17.0,,carlsen magnus,1990.0,2823.0,28.0
399597,2018,blitz,open,,2,Duda Jan-Krzysztof,POL,2694.0,16.5,,duda jan-krzysztof,1998.0,2743.0,20.0
399597,2018,blitz,open,,3,Nakamura Hikaru,USA,2889.0,14.5,,hikaru nakamura,1987.0,2792.0,31.0
399597,2018,blitz,open,,4,Aronian Levon,ARM,2858.0,14.0,,aronian levon,1982.0,2725.0,36.0
399597,2018,blitz,open,,5,Svidler Peter,RUS,2770.0,14.0,,peter svidler,1976.0,2682.0,42.0
399597,2018,blitz,open,,6,Nepomniachtchi Ian,RUS,2846.0,14.0,,ian nepomniachtchi,1990.0,2719.0,28.0
399597,2018,blitz,open,,7,Karjakin Sergey,RUS,2759.0,14.0,,karjakin sergey,1990.0,2750.0,28.0
399597,2018,blitz,open,,8,Andreikin Dmitry,RUS,2777.0,13.5,,andreikin dmitry,1990.0,2714.0,28.0
399597,2018,blitz,open,,9,Artemiev Vladislav,RUS,2825.0,13.5,,artemiev vladislav,1998.0,2653.0,20.0
399597,2018,blitz,open,,10,Giri Anish,NED,2751.0,13.5,,anish giri,1994.0,2757.0,24.0
399597,2018,blitz,open,,11,Nihal Sarin,IND,2506.0,13.5,,nihal sarin,2004.0,2718.0,14.0
399597,2018,blitz,open,,12,Matlakov Maxim,RUS,2653.0,13.5,,matlakov maxim,1991.0,2596.0,27.0
399597,2018,blitz,open,,13,Mamedyarov Shakhriyar,AZE,2754.0,13.5,,mamedyarov shakhriyar,1985.0,2720.0,33.0
399597,2018,blitz,open,,14,Vitiugov Nikita,RUS,2696.0,13.5,,nikita vitiugov,1987.0,2666.0,31.0
399597,2018,blitz,open,,15,Dubov Daniil,RUS,2743.0,13.5,,daniil dubov,1996.0,2654.0,22.0
399597,2018,blitz,open,,16,Fedoseev Vladimir,RUS,2750.0,13.5,,fedoseev vladimir,1995.0,2691.0,23.0
399597,2018,blitz,open,,17,Korobov Anton,UKR,2677.0,13.0,,anton korobov,1985.0,2610.0,33.0
399597,2018,blitz,open,,18,Gelfand Boris,ISR,2722.0,13.0,,boris gelfand,1968.0,2641.0,50.0
399597,2018,blitz,open,,19,Dreev Aleksey,RUS,2675.0,13.0,,aleksey dreev,1969.0,2577.0,49.0
399597,2018,blitz,open,,20,Adly Ahmed,EGY,2675.0,13.0,,adly ahmed,1987.0,2582.0,31.0
399597,2018,blitz,open,,21,Jakovenko Dmitry,RUS,2616.0,13.0,,dmitry jakovenko,1983.0,2682.0,35.0
399597,2018,blitz,open,,22,Grischuk Alexander,RUS,2825.0,13.0,,alexander grischuk,1983.0,2628.0,35.0
399597,2018,blitz,open,,23,Zubov Alexander,UKR,2729.0,13.0,,alexander zubov,1983.0,2598.0,35.0
399597,2018,blitz,open,,24,Zhigalko Sergei,BLR,2693.0,13.0,,sergei zhigalko,1989.0,2572.0,29.0
399597,2018,blitz,open,,25,Sjugirov Sanan,RUS,2748.0,13.0,,sanan sjugirov,1993.0,2544.0,25.0
399597,2018,blitz,open,,26,Kamsky Gata,USA,2657.0,13.0,,gata kamsky,1974.0,2592.0,44.0
399597,2018,blitz,open,,27,Inarkiev Ernesto,RUS,2674.0,13.0,,ernesto inarkiev,1985.0,2637.0,33.0
399597,2018,blitz,open,,28,Sychev Klementy,RUS,2594.0,13.0,,klementy sychev,1996.0,2508.0,22.0
399597,2018,blitz,open,,29,Golubov Saveliy,RUS,2574.0,12.5,,golubov saveliy,2000.0,2473.0,18.0
399597,2018,blitz,open,,30,Maghsoodloo Parham,IRI,2642.0,12.5,,maghsoodloo parham,2000.0,2705.0,18.0
399597,2018,blitz,open,,31,Hovhannisyan Robert,ARM,2588.0,12.5,,hovhannisyan robert,1991.0,2642.0,27.0
399597,2018,blitz,open,,32,Mamedov Rauf,AZE,2741.0,12.5,,mamedov rauf,1988.0,2631.0,30.0
399597,2018,blitz,open,,33,Indjic Aleksandar,SRB,2643.0,12.5,,aleksandar indjic,1995.0,2598.0,23.0
399597,2018,blitz,open,,34,Melkumyan Hrant,ARM,2699.0,12.5,,hrant melkumyan,1989.0,2636.0,29.0
399597,2018,blitz,open,,35,Yu Yangyi,CHN,2804.0,12.5,,yangyi yu,1994.0,2710.0,24.0
399597,2018,blitz,open,,36,Jones Gawain C B,ENG,2722.0,12.5,,b c gawain jones,,,
399597,2018,blitz,open,,37,Vallejo Pons Francisco,ESP,2673.0,12.5,,francisco pons vallejo,1982.0,2644.0,36.0
399597,2018,blitz,open,,38,Salem A.R. Saleh,UAE,2645.0,12.5,,a.r. saleh salem,1993.0,2616.0,25.0
399597,2018,blitz,open,,39,Tsydypov Zhamsaran,RUS,2573.0,12.0,,tsydypov zhamsaran,1996.0,2509.0,22.0
399597,2018,blitz,open,,40,Cheparinov Ivan,GEO,2618.0,12.0,,cheparinov ivan,1986.0,2631.0,32.0
399597,2018,blitz,open,,41,Yudin Sergei,RUS,2533.0,12.0,,sergei yudin,1986.0,2458.0,32.0
399597,2018,blitz,open,,42,Firouzja Alireza,IRI,2667.0,12.0,,alireza firouzja,2003.0,2757.0,15.0
399597,2018,blitz,open,,43,Ghaem Maghami Ehsan,IRI,2582.0,12.0,,ehsan ghaem maghami,1982.0,2442.0,36.0
399597,2018,blitz,open,,44,Kovalenko Igor,LAT,2693.0,12.0,,igor kovalenko,1988.0,2642.0,30.0
399597,2018,blitz,open,,45,Fridman Daniel,GER,2530.0,12.0,,daniel fridman,1976.0,2564.0,42.0
399597,2018,blitz,open,,46,Anand Viswanathan,IND,2832.0,12.0,,anand viswanathan,1969.0,2739.0,49.0
399597,2018,blitz,open,,47,Amin Bassem,EGY,2659.0,12.0,,amin bassem,1988.0,2608.0,30.0
399597,2018,blitz,open,,48,Oparin Grigoriy,RUS,2641.0,12.0,,grigoriy oparin,1997.0,2638.0,21.0
399597,2018,blitz,open,,49,Guseinov Gadir,AZE,2708.0,12.0,,gadir guseinov,1986.0,2636.0,32.0
399597,2018,blitz,open,,50,Sarana Alexey,RUS,2616.0,12.0,,alexey sarana,2000.0,2666.0,18.0
399597,2018,blitz,open,,51,Tomashevsky Evgeny,RUS,2602.0,12.0,,evgeny tomashevsky,1987.0,2681.0,31.0
399597,2018,blitz,open,,52,Van Foreest Jorden,NED,2657.0,12.0,,foreest jorden van,1999.0,2706.0,19.0
399597,2018,blitz,open,,53,Petrosian Tigran L.,ARM,2700.0,12.0,,l. petrosian tigran,1984.0,2522.0,34.0
399597,2018,blitz,open,,54,Motylev Alexander,RUS,2609.0,12.0,,alexander motylev,1979.0,2547.0,39.0
399597,2018,blitz,open,,55,Sargissian Gabriel,ARM,2651.0,12.0,,gabriel sargissian,1983.0,2610.0,35.0
399597,2018,blitz,open,,56,Bocharov Ivan,RUS,2715.0,12.0,,bocharov ivan,1990.0,2554.0,28.0
399597,2018,blitz,open,,57,Mchedlishvili Mikheil,GEO,2607.0,12.0,,mchedlishvili mikheil,1979.0,2550.0,39.0
399597,2018,blitz,open,,58,Gareyev Timur,USA,2577.0,12.0,,gareyev timur,1988.0,2546.0,30.0
399597,2018,blitz,open,,59,Jobava Baadur,GEO,2705.0,11.5,,baadur jobava,1983.0,2576.0,35.0
399597,2018,blitz,open,,60,Predke Alexandr,RUS,2482.0,11.5,,alexandr predke,1994.0,2598.0,24.0
399597,2018,blitz,open,,61,Le Quang Liem,VIE,2749.0,11.5,,le liem quang,1991.0,2732.0,27.0
399597,2018,blitz,open,,62,Hakobyan Aram,ARM,2451.0,11.5,,aram hakobyan,2001.0,2638.0,17.0
399597,2018,blitz,open,,63,Grachev Boris,RUS,2571.0,11.5,,boris grachev,1986.0,2586.0,32.0
399597,2018,blitz,open,,64,Alekseenko Kirill,RUS,2665.0,11.5,,alekseenko kirill,1997.0,2656.0,21.0
399597,2018,blitz,open,,65,Paravyan David,RUS,2629.0,11.5,,david paravyan,1998.0,2587.0,20.0
399597,2018,blitz,open,,66,Ponkratov Pavel,RUS,2688.0,11.5,,pavel ponkratov,1988.0,2540.0,30.0
399597,2018,blitz,open,,67,Anton Guijarro David,ESP,2631.0,11.5,,anton david guijarro,1995.0,2632.0,23.0
399597,2018,blitz,open,,68,Jumabayev Rinat,KAZ,2554.0,11.5,,jumabayev rinat,1989.0,2564.0,29.0
399597,2018,blitz,open,,69,Wang Hao,CHN,2775.0,11.0,,hao wang,1989.0,2694.0,29.0
399597,2018,blitz,open,,70,Smirin Ilia,ISR,2582.0,11.0,,ilia smirin,1968.0,2578.0,50.0
399597,2018,blitz,open,,71,Tang Andrew,USA,2501.0,11.0,,andrew tang,1999.0,2551.0,19.0
399597,2018,blitz,open,,72,Popov Ivan,RUS,2560.0,11.0,,ivan popov,1990.0,2595.0,28.0
399597,2018,blitz,open,,73,Khusnutdinov Rustam,KAZ,2582.0,11.0,,khusnutdinov rustam,1987.0,2433.0,31.0
399597,2018,blitz,open,,74,Potkin Vladimir,RUS,2494.0,11.0,,potkin vladimir,1982.0,2548.0,36.0
399597,2018,blitz,open,,75,Miton Kamil,POL,2520.0,11.0,,kamil miton,1984.0,2568.0,34.0
399597,2018,blitz,open,,76,Bazeev German,RUS,2422.0,11.0,,bazeev german,1993.0,2335.0,25.0
399597,2018,blitz,open,,77,Vokhidov Shamsiddin,UZB,2414.0,11.0,,shamsiddin vokhidov,2002.0,2654.0,16.0
399597,2018,blitz,open,,78,Usmanov Vasily,RUS,2459.0,11.0,,usmanov vasily,1996.0,2450.0,22.0
399597,2018,blitz,open,,79,Timofeev Artyom,RUS,2568.0,11.0,,artyom timofeev,1985.0,2479.0,33.0
399597,2018,blitz,open,,80,Bosiocic Marin,CRO,2653.0,11.0,,bosiocic marin,1988.0,2563.0,30.0
399597,2018,blitz,open,,81,Abdusattorov Nodirbek,UZB,2469.0,11.0,,abdusattorov nodirbek,2004.0,2762.0,14.0
399597,2018,blitz,open,,82,Mikhalevski Victor,ISR,2521.0,11.0,,mikhalevski victor,1972.0,2469.0,46.0
399597,2018,blitz,open,,83,Shirov Alexei,ESP,2699.0,11.0,,alexei shirov,1972.0,2603.0,46.0
399597,2018,blitz,open,,84,Petrov Nikita,RUS,2468.0,11.0,,nikita petrov,1996.0,2565.0,22.0
399597,2018,blitz,open,,85,Riazantsev Alexander,RUS,2633.0,11.0,,alexander riazantsev,1985.0,2590.0,33.0
399597,2018,blitz,open,,86,Popov Valerij,RUS,2574.0,11.0,,popov valerij,1974.0,2521.0,44.0
399597,2018,blitz,open,,87,Saric Ivan,CRO,2572.0,11.0,,ivan saric,1990.0,2623.0,28.0
399597,2018,blitz,open,,88,Savchenko Boris,RUS,2639.0,11.0,,boris savchenko,1986.0,2466.0,32.0
399597,2018,blitz,open,,89,Najer Evgeniy,RUS,2573.0,11.0,,evgeniy najer,1977.0,2580.0,41.0
399597,2018,blitz,open,,90,Esipenko Andrey,RUS,2673.0,11.0,,andrey esipenko,2002.0,2680.0,16.0
399597,2018,blitz,open,,91,Roiz Michael,ISR,2617.0,11.0,,michael roiz,1983.0,2564.0,35.0
399597,2018,blitz,open,,92,Al-Sayed Mohammed,QAT,2547.0,11.0,,al-sayed mohammed,1981.0,2484.0,37.0
399597,2018,blitz,open,,93,Gordievsky Dmitry,RUS,2591.0,11.0,,dmitry gordievsky,1996.0,2504.0,22.0
399597,2018,blitz,open,,94,Rakhmanov Aleksandr,RUS,2615.0,11.0,,aleksandr rakhmanov,1989.0,2597.0,29.0
399597,2018,blitz,open,,95,Nozdrachev Vladislav,RUS,2521.0,10.5,,nozdrachev vladislav,1992.0,2484.0,26.0
399597,2018,blitz,open,,96,Yilmaz Mustafa,TUR,2515.0,10.5,,mustafa yilmaz,1992.0,2553.0,26.0
399597,2018,blitz,open,,97,Drygalov Sergey,RUS,2428.0,10.5,,drygalov sergey,1999.0,2530.0,19.0
399597,2018,blitz,open,,98,Tari Aryan,NOR,2608.0,10.5,,aryan tari,1999.0,2647.0,19.0
399597,2018,blitz,open,,99,Sakaev Konstantin,RUS,2551.0,10.5,,konstantin sakaev,2001.0,1662.0,17.0
399597,2018,blitz,open,,100,Huzman Alexander,ISR,2543.0,10.5,,alexander huzman,1962.0,2478.0,56.0
399597,2018,blitz,open,,101,Postny Evgeny,ISR,2657.0,10.5,,evgeny postny,1981.0,2493.0,37.0
399597,2018,blitz,open,,102,Christiansen Johan-Sebastian,NOR,2635.0,10.5,,christiansen johan-sebastian,1998.0,2656.0,20.0
399597,2018,blitz,open,,103,Carlsson Pontus,SWE,2511.0,10.5,,carlsson pontus,1982.0,2450.0,36.0
399597,2018,blitz,open,,104,Lintchevski Daniil,RUS,2594.0,10.5,,daniil lintchevski,1990.0,2499.0,28.0
399597,2018,blitz,open,,105,Vastrukhin Oleg,RUS,2488.0,10.5,,oleg vastrukhin,1991.0,2361.0,27.0
399597,2018,blitz,open,,106,Zubritskiy Artyom,RUS,2513.0,10.5,,artyom zubritskiy,1990.0,2376.0,28.0
399597,2018,blitz,open,,107,Ragger Markus,AUT,2677.0,10.5,,markus ragger,1988.0,2573.0,30.0
399597,2018,blitz,open,,108,Moiseenko Vadim,RUS,2560.0,10.5,,moiseenko vadim,1994.0,2518.0,24.0
399597,2018,blitz,open,,109,Shaposhnikov Evgeny,RUS,2603.0,10.5,,evgeny shaposhnikov,1981.0,2517.0,37.0
399597,2018,blitz,open,,110,Gasanov Eldar,UKR,2581.0,10.5,,eldar gasanov,1982.0,2461.0,36.0
399597,2018,blitz,open,,111,Iljin Artem,RUS,2525.0,10.5,,artem iljin,1987.0,2497.0,31.0
399597,2018,blitz,open,,112,Reshetnikov Alexey,RUS,2473.0,10.0,,alexey reshetnikov,1988.0,2492.0,30.0
399597,2018,blitz,open,,113,Kazhgaleyev Murtas,KAZ,2553.0,10.0,,kazhgaleyev murtas,1973.0,2541.0,45.0
399597,2018,blitz,open,,114,Salgado Lopez Ivan,ESP,2513.0,10.0,,ivan lopez salgado,1991.0,2591.0,27.0
399597,2018,blitz,open,,115,Drygalov Andrey,RUS,2509.0,10.0,,andrey drygalov,1999.0,2404.0,19.0
399597,2018,blitz,open,,116,Demchenko Anton,RUS,2572.0,10.0,,anton demchenko,1987.0,2580.0,31.0
399597,2018,blitz,open,,117,Sanal Vahap,TUR,2488.0,10.0,,sanal vahap,1998.0,2544.0,20.0
399597,2018,blitz,open,,118,Vishnu Prasanna. V,IND,2519.0,10.0,,prasanna. v vishnu,1989.0,2382.0,29.0
399597,2018,blitz,open,,119,Goganov Aleksey,RUS,2539.0,10.0,,aleksey goganov,1991.0,2507.0,27.0
399597,2018,blitz,open,,120,Geller Jakov,RUS,2528.0,10.0,,geller jakov,1986.0,2521.0,32.0
399597,2018,blitz,open,,121,Maslak Konstantin,RUS,2537.0,10.0,,konstantin maslak,1984.0,2555.0,34.0
399597,2018,blitz,open,,122,Levin Evgeny A.,RUS,2539.0,10.0,,a. evgeny levin,1990.0,2384.0,28.0
399597,2018,blitz,open,,123,Khismatullin Denis,RUS,2674.0,10.0,,denis khismatullin,1984.0,2493.0,34.0
399597,2018,blitz,open,,124,Pantsulaia Levan,GEO,2584.0,10.0,,levan pantsulaia,1986.0,2492.0,32.0
399597,2018,blitz,open,,125,Pershin Denis,RUS,2354.0,10.0,,denis pershin,1997.0,2358.0,21.0
399597,2018,blitz,open,,126,Anisimov Pavel,RUS,2519.0,10.0,,anisimov pavel,1986.0,2506.0,32.0
399597,2018,blitz,open,,127,Zvjaginsev Vadim,RUS,2649.0,10.0,,vadim zvjaginsev,1976.0,2522.0,42.0
399597,2018,blitz,open,,128,Sanikidze Tornike,GEO,2484.0,10.0,,sanikidze tornike,1989.0,2403.0,29.0
399597,2018,blitz,open,,129,Piorun Kacper,POL,2646.0,10.0,,kacper piorun,1991.0,2532.0,27.0
399597,2018,blitz,open,,130,Shinkevich Vitaly,RUS,2445.0,10.0,,shinkevich vitaly,1982.0,2372.0,36.0
399597,2018,blitz,open,,131,Gurvich Vitaly,RUS,2302.0,10.0,,gurvich vitaly,2002.0,2251.0,16.0
399597,2018,blitz,open,,132,Kevlishvili Robby,NED,2530.0,9.5,,kevlishvili robby,2001.0,2516.0,17.0
399597,2018,blitz,open,,133,Kovalev Vladislav,BLR,2553.0,9.5,,kovalev vladislav,1994.0,2565.0,24.0
399597,2018,blitz,open,,134,Oganian Miran,RUS,2326.0,9.5,,miran oganian,1996.0,2419.0,22.0
399597,2018,blitz,open,,135,Khanin Semen,RUS,2564.0,9.5,,khanin semen,1999.0,2598.0,19.0
399597,2018,blitz,open,,136,Tukhaev Adam,UKR,2529.0,9.5,,adam tukhaev,1988.0,2519.0,30.0
399597,2018,blitz,open,,137,Baron Tal,ISR,2421.0,9.5,,baron tal,1992.0,2371.0,26.0
399597,2018,blitz,open,,138,Chen Qi B,CHN,2416.0,9.5,,b chen qi,2000.0,2437.0,18.0
399597,2018,blitz,open,,139,Frolyanov Dmitry,RUS,2557.0,9.5,,dmitry frolyanov,1986.0,2451.0,32.0
399597,2018,blitz,open,,140,Antipov Mikhail Al.,RUS,2604.0,9.5,,al. antipov mikhail,1997.0,2628.0,21.0
399597,2018,blitz,open,,141,Seliverstov Vladimir,RUS,2512.0,9.5,,seliverstov vladimir,1990.0,2462.0,28.0
399597,2018,blitz,open,,142,Bindrich Falko,GER,2639.0,9.5,,bindrich falko,1990.0,2584.0,28.0
399597,2018,blitz,open,,143,Sokolov Andrei,LAT,2507.0,9.5,,andrei sokolov,1963.0,2448.0,55.0
399597,2018,blitz,open,,144,Tregubov Pavel V.,RUS,2516.0,9.5,,pavel tregubov v.,1971.0,2538.0,47.0
399597,2018,blitz,open,,145,Eliseev Alexei,RUS,2486.0,9.5,,alexei eliseev,1980.0,2379.0,38.0
399597,2018,blitz,open,,146,Anikonov Dmitry,RUS,2511.0,9.5,,anikonov dmitry,1998.0,2366.0,20.0
399597,2018,blitz,open,,147,Kryakvin Dmitry,RUS,2536.0,9.5,,dmitry kryakvin,1984.0,2384.0,34.0
399597,2018,blitz,open,,148,Zakhartsov Vladimir,RUS,2567.0,9.5,,vladimir zakhartsov,1997.0,2447.0,21.0
399597,2018,blitz,open,,149,Dzhumagaliev Yan,RUS,2489.0,9.0,,dzhumagaliev yan,1991.0,2411.0,27.0
399597,2018,blitz,open,,150,Yakubboev Nodirbek,UZB,2388.0,9.0,,nodirbek yakubboev,2002.0,2685.0,16.0
399597,2018,blitz,open,,151,Tsoi Dmitry,RUS,2387.0,9.0,,dmitry tsoi,2004.0,2371.0,14.0
399597,2018,blitz,open,,152,Iljiushenok Ilia,RUS,2467.0,9.0,,ilia iljiushenok,1993.0,2483.0,25.0
399597,2018,blitz,open,,153,Tissir Mohamed,MAR,2381.0,9.0,,mohamed tissir,1976.0,2300.0,42.0
399597,2018,blitz,open,,154,Demidov Mikhail,RUS,2546.0,9.0,,demidov mikhail,1992.0,2513.0,26.0
399597,2018,blitz,open,,155,Bocharov Dmitry,RUS,2517.0,9.0,,bocharov dmitry,1982.0,2510.0,36.0
399597,2018,blitz,open,,156,Danielyan Vahe,ARM,2417.0,9.0,,danielyan vahe,1997.0,2325.0,21.0
399597,2018,blitz,open,,157,Belozerov Andrei,RUS,2518.0,9.0,,andrei belozerov,1977.0,2367.0,41.0
399597,2018,blitz,open,,158,Zhigalko Andrey,BLR,2493.0,9.0,,andrey zhigalko,1985.0,2509.0,33.0
399597,2018,blitz,open,,159,Steinberg Nitzan,ISR,2447.0,9.0,,nitzan steinberg,1998.0,2560.0,20.0
399597,2018,blitz,open,,160,Belyakov Bogdan,RUS,2448.0,9.0,,belyakov bogdan,1989.0,2340.0,29.0
399597,2018,blitz,open,,161,Lobanov Sergei,RUS,2434.0,9.0,,lobanov sergei,2001.0,2517.0,17.0
399597,2018,blitz,open,,162,Gabrielian Artur,RUS,2562.0,9.0,,artur gabrielian,1982.0,2404.0,36.0
399597,2018,blitz,open,,163,Kabanov Nikolai,RUS,2311.0,9.0,,kabanov nikolai,1980.0,2422.0,38.0
399597,2018,blitz,open,,164,Shubin Kirill,RUS,2398.0,9.0,,kirill shubin,2003.0,2490.0,15.0
399597,2018,blitz,open,,165,Gaifullin Artur,RUS,2231.0,9.0,,artur gaifullin,2001.0,2402.0,17.0
399597,2018,blitz,open,,166,Pogosyan Stefan,RUS,2330.0,9.0,,pogosyan stefan,2004.0,2387.0,14.0
399597,2018,blitz,open,,167,Mamatov Melis,KGZ,2213.0,9.0,,mamatov melis,1996.0,2345.0,22.0
399597,2018,blitz,open,,168,Bilguun Sumiya,MGL,2469.0,8.5,,bilguun sumiya,1997.0,2414.0,21.0
399597,2018,blitz,open,,169,Alekseev Evgeny,RUS,2634.0,8.5,,alekseev evgeny,1985.0,2500.0,33.0
399597,2018,blitz,open,,170,Gutenev Alexander,RUS,2419.0,8.5,,alexander gutenev,1990.0,2455.0,28.0
399597,2018,blitz,open,,171,Fakhrutdinov Timur,RUS,2357.0,8.5,,fakhrutdinov timur,2001.0,2471.0,17.0
399597,2018,blitz,open,,172,Zablotsky Sergei,RUS,2459.0,8.5,,sergei zablotsky,1982.0,2473.0,36.0
399597,2018,blitz,open,,173,Sharma Dinesh K.,IND,2383.0,8.5,,dinesh k. sharma,1976.0,2168.0,42.0
399597,2018,blitz,open,,174,Makoveev Ilya,RUS,2243.0,8.5,,ilya makoveev,2006.0,2374.0,12.0
399597,2018,blitz,open,,175,Dubrovin Robert,EST,2176.0,8.5,,dubrovin robert,1986.0,2219.0,32.0
399597,2018,blitz,open,,176,Guimaraes Diogo Duarte,BRA,2228.0,8.5,,diogo duarte guimaraes,1984.0,2262.0,34.0
399597,2018,blitz,open,,177,Yeritsyan Aram,RUS,2191.0,8.5,,aram yeritsyan,2003.0,2239.0,15.0
399597,2018,blitz,open,,178,Kobo Ori,ISR,2401.0,8.5,,kobo ori,1997.0,2485.0,21.0
399597,2018,blitz,open,,179,Borisenko Viacheslav,UKR,2444.0,8.5,,borisenko viacheslav,1995.0,2267.0,23.0
399597,2018,blitz,open,,180,Hirneise Tobias,GER,2472.0,8.5,,hirneise tobias,1989.0,2452.0,29.0
399597,2018,blitz,open,,181,Hirneise Jens,GER,2363.0,8.5,,hirneise jens,1992.0,2349.0,26.0
399597,2018,blitz,open,,182,Perdomo Carlos Andres,COL,2301.0,8.5,,andres carlos perdomo,1975.0,2309.0,43.0
399597,2018,blitz,open,,183,Potapov Pavel,RUS,2542.0,8.0,,pavel potapov,1990.0,2452.0,28.0
399597,2018,blitz,open,,184,Teterev Vitaly,BLR,2397.0,8.0,,teterev vitaly,1983.0,2239.0,35.0
399597,2018,blitz,open,,185,Makarov Marat,RUS,2505.0,8.0,,makarov marat,1963.0,2505.0,55.0
399597,2018,blitz,open,,186,Vlassov Nikolai,RUS,2438.0,8.0,,nikolai vlassov,1965.0,2322.0,53.0
399597,2018,blitz,open,,187,Teske Henrik,GER,2565.0,8.0,,henrik teske,1968.0,2433.0,50.0
399597,2018,blitz,open,,188,Sokolin Leonid,USA,2508.0,8.0,,leonid sokolin,1966.0,2447.0,52.0
399597,2018,blitz,open,,189,Ovchinnikov Vsevolod,RUS,2375.0,8.0,,ovchinnikov vsevolod,2000.0,2426.0,18.0
399597,2018,blitz,open,,190,Rechlis Gad,ISR,2500.0,7.5,,gad rechlis,1967.0,2448.0,51.0
399597,2018,blitz,open,,191,Apryshko Gleb,RUS,2416.0,7.5,,apryshko gleb,1995.0,2336.0,23.0
399597,2018,blitz,open,,192,Zaitsev Alexander,RUS,2402.0,7.5,,alexander zaitsev,1985.0,2473.0,33.0
399597,2018,blitz,open,,193,Harikrishna Pentala,IND,2702.0,5.5,,harikrishna pentala,1986.0,2648.0,32.0
399597,2018,blitz,open,,194,Amonatov Farrukh,TJK,2656.0,5.5,,amonatov farrukh,1978.0,2598.0,40.0
399597,2018,blitz,open,,195,Minko Vladimir,RUS,2403.0,5.0,,minko vladimir,1998.0,2370.0,20.0
399597,2018,blitz,open,,196,Masrahi Abdulrahman A,KSA,1966.0,4.0,,a abdulrahman masrahi,1991.0,2014.0,27.0
399597,2018,blitz,open,,197,Alsulaymi Abdullah M,KSA,1833.0,4.0,,abdullah alsulaymi m,1992.0,1880.0,26.0
399597,2018,blitz,open,,198,Al Thebaiti Ahmed M,KSA,1976.0,3.5,,ahmed al m thebaiti,1992.0,2008.0,26.0
399597,2018,blitz,open,,199,Grigoriants Sergey,RUS,2626.0,3.0,,grigoriants sergey,1983.0,2546.0,35.0
399597,2018,blitz,open,,200,Al Turky Fahad A,KSA,1851.0,2.0,,a al fahad turky,1982.0,1876.0,36.0
399597,2018,blitz,open,,201,Khayat Abdullah F,KSA,1709.0,2.0,,abdullah f khayat,1989.0,1843.0,29.0
399597,2018,blitz,open,,202,Morozevich Alexander,RUS,2728.0,0.0,,alexander morozevich,1977.0,2654.0,41.0
499127,2019,rapid,open,,1,Carlsen Magnus,,2886.0,11.5,,carlsen magnus,1990.0,2823.0,29.0
499127,2019,rapid,open,,2,Firouzja Alireza,,2614.0,10.5,,alireza firouzja,2003.0,2757.0,16.0
499127,2019,rapid,open,,3,Nakamura Hikaru,,2819.0,10.5,,hikaru nakamura,1987.0,2792.0,32.0
499127,2019,rapid,open,,4,Artemiev Vladislav,,2756.0,10.5,,artemiev vladislav,1998.0,2653.0,21.0
499127,2019,rapid,open,,5,Aronian Levon,,2784.0,10.0,,aronian levon,1982.0,2725.0,37.0
499127,2019,rapid,open,,6,Dominguez Perez Leinier,,2755.0,10.0,,dominguez leinier perez,1983.0,2732.0,36.0
499127,2019,rapid,open,,7,Duda Jan-Krzysztof,,2751.0,10.0,,duda jan-krzysztof,1998.0,2743.0,21.0
499127,2019,rapid,open,,8,Dubov Daniil,,2752.0,10.0,,daniil dubov,1996.0,2654.0,23.0
499127,2019,rapid,open,,9,Korobov Anton,,2818.0,10.0,,anton korobov,1985.0,2610.0,34.0
499127,2019,rapid,open,,10,Anton Guijarro David,,2709.0,10.0,,anton david guijarro,1995.0,2632.0,24.0
499127,2019,rapid,open,,11,Yu Yangyi,,2747.0,10.0,,yangyi yu,1994.0,2710.0,25.0
499127,2019,rapid,open,,12,Mamedyarov Shakhriyar,,2752.0,9.5,,mamedyarov shakhriyar,1985.0,2720.0,34.0
499127,2019,rapid,open,,13,Le Quang Liem,,2740.0,9.5,,le liem quang,1991.0,2732.0,28.0
499127,2019,rapid,open,,14,Vachier-Lagrave Maxime,,2873.0,9.5,,maxime vachier-lagrave,1990.0,2718.0,29.0
499127,2019,rapid,open,,15,Smirin Ilia,,2584.0,9.5,,ilia smirin,1968.0,2578.0,51.0
499127,2019,rapid,open,,16,Giri Anish,,2747.0,9.5,,anish giri,1994.0,2757.0,25.0
499127,2019,rapid,open,,17,Melkumyan Hrant,,2631.0,9.5,,hrant melkumyan,1989.0,2636.0,30.0
499127,2019,rapid,open,,18,Svidler Peter,,2738.0,9.5,,peter svidler,1976.0,2682.0,43.0
499127,2019,rapid,open,,19,Ponkratov Pavel,,2687.0,9.5,,pavel ponkratov,1988.0,2540.0,31.0
499127,2019,rapid,open,,20,Motylev Alexander,,2703.0,9.5,,alexander motylev,1979.0,2547.0,40.0
499127,2019,rapid,open,,21,Grischuk Alexander,,2808.0,9.5,,alexander grischuk,1983.0,2628.0,36.0
499127,2019,rapid,open,,22,Alekseev Evgeny,,2603.0,9.5,,alekseev evgeny,1985.0,2500.0,34.0
499127,2019,rapid,open,,23,Fedoseev Vladimir,,2768.0,9.5,,fedoseev vladimir,1995.0,2691.0,24.0
499127,2019,rapid,open,,24,Andreikin Dmitry,,2748.0,9.5,,andreikin dmitry,1990.0,2714.0,29.0
499127,2019,rapid,open,,25,Gelfand Boris,,2700.0,9.5,,boris gelfand,1968.0,2641.0,51.0
499127,2019,rapid,open,,26,Cheparinov Ivan,,2647.0,9.5,,cheparinov ivan,1986.0,2631.0,33.0
499127,2019,rapid,open,,27,Gareyev Timur,,2604.0,9.5,,gareyev timur,1988.0,2546.0,31.0
499127,2019,rapid,open,,28,Wang Hao,,2748.0,9.0,,hao wang,1989.0,2694.0,30.0
499127,2019,rapid,open,,29,Nepomniachtchi Ian,,2745.0,9.0,,ian nepomniachtchi,1990.0,2719.0,29.0
499127,2019,rapid,open,,30,Grachev Boris,,2606.0,9.0,,boris grachev,1986.0,2586.0,33.0
499127,2019,rapid,open,,31,Karjakin Sergey,,2749.0,9.0,,karjakin sergey,1990.0,2750.0,29.0
499127,2019,rapid,open,,32,Guseinov Gadir,,2691.0,9.0,,gadir guseinov,1986.0,2636.0,33.0
499127,2019,rapid,open,,33,Dreev Aleksey,,2588.0,9.0,,aleksey dreev,1969.0,2577.0,50.0
499127,2019,rapid,open,,34,Bartel Mateusz,,2544.0,9.0,,bartel mateusz,1985.0,2549.0,34.0
499127,2019,rapid,open,,35,Antipov Mikhail Al.,,2636.0,9.0,,al. antipov mikhail,1997.0,2628.0,22.0
499127,2019,rapid,open,,36,Mamedov Rauf,,2679.0,9.0,,mamedov rauf,1988.0,2631.0,31.0
499127,2019,rapid,open,,37,Xu Yinglun,,2478.0,9.0,,xu yinglun,1996.0,2516.0,23.0
499127,2019,rapid,open,,38,Bocharov Dmitry,,2642.0,9.0,,bocharov dmitry,1982.0,2510.0,37.0
499127,2019,rapid,open,,39,Shirov Alexei,,2672.0,9.0,,alexei shirov,1972.0,2603.0,47.0
499127,2019,rapid,open,,40,Ganguly Surya Shekhar,,2592.0,9.0,,ganguly shekhar surya,1983.0,2562.0,36.0
499127,2019,rapid,open,,41,Sjugirov Sanan,,2664.0,9.0,,sanan sjugirov,1993.0,2544.0,26.0
499127,2019,rapid,open,,42,Shimanov Aleksandr,,2669.0,9.0,,aleksandr shimanov,1992.0,2578.0,27.0
499127,2019,rapid,open,,43,Jobava Baadur,,2702.0,9.0,,baadur jobava,1983.0,2576.0,36.0
499127,2019,rapid,open,,44,Safarli Eltaj,,2709.0,9.0,,eltaj safarli,1992.0,2616.0,27.0
499127,2019,rapid,open,,45,Adhiban B.,,2607.0,9.0,,adhiban b.,1992.0,2574.0,27.0
499127,2019,rapid,open,,46,Inarkiev Ernesto,,2701.0,9.0,,ernesto inarkiev,1985.0,2637.0,34.0
499127,2019,rapid,open,,47,Kovalev Vladislav,,2597.0,9.0,,kovalev vladislav,1994.0,2565.0,25.0
499127,2019,rapid,open,,48,Demchenko Anton,,2636.0,9.0,,anton demchenko,1987.0,2580.0,32.0
499127,2019,rapid,open,,49,Quparadze Giga,,2595.0,9.0,,giga quparadze,1987.0,2481.0,32.0
499127,2019,rapid,open,,50,Riazantsev Alexander,,2594.0,8.5,,alexander riazantsev,1985.0,2590.0,34.0
499127,2019,rapid,open,,51,Fridman Daniel,,2611.0,8.5,,daniel fridman,1976.0,2564.0,43.0
499127,2019,rapid,open,,52,Zubov Alexander,,2688.0,8.5,,alexander zubov,1983.0,2598.0,36.0
499127,2019,rapid,open,,53,Tregubov Pavel V.,,2507.0,8.5,,pavel tregubov v.,1971.0,2538.0,48.0
499127,2019,rapid,open,,54,Predke Alexandr,,2637.0,8.5,,alexandr predke,1994.0,2598.0,25.0
499127,2019,rapid,open,,55,Salem A.R. Saleh,,2717.0,8.5,,a.r. saleh salem,1993.0,2616.0,26.0
499127,2019,rapid,open,,56,Utegaliyev Azamat,,2564.0,8.5,,azamat utegaliyev,1991.0,2419.0,28.0
499127,2019,rapid,open,,57,Sargissian Gabriel,,2715.0,8.5,,gabriel sargissian,1983.0,2610.0,36.0
499127,2019,rapid,open,,58,Turov Maxim,,2647.0,8.5,,maxim turov,1979.0,2484.0,40.0
499127,2019,rapid,open,,59,Alekseenko Kirill,,2697.0,8.5,,alekseenko kirill,1997.0,2656.0,22.0
499127,2019,rapid,open,,60,Vidit Santosh Gujrathi,,2668.0,8.5,,gujrathi santosh vidit,1994.0,2697.0,25.0
499127,2019,rapid,open,,61,Tomashevsky Evgeny,,2714.0,8.5,,evgeny tomashevsky,1987.0,2681.0,32.0
499127,2019,rapid,open,,62,Adly Ahmed,,2643.0,8.5,,adly ahmed,1987.0,2582.0,32.0
499127,2019,rapid,open,,63,Wojtaszek Radoslaw,,2724.0,8.5,,radoslaw wojtaszek,1987.0,2658.0,32.0
499127,2019,rapid,open,,64,Perunovic Milos,,2599.0,8.5,,milos perunovic,1984.0,2500.0,35.0
499127,2019,rapid,open,,65,Iturrizaga Bonelli Eduardo,,2596.0,8.5,,bonelli eduardo iturrizaga,1989.0,2595.0,30.0
499127,2019,rapid,open,,66,Gukesh D,,1799.0,8.5,,d gukesh,2006.0,2703.0,13.0
499127,2019,rapid,open,,67,Aravindh Chithambaram Vr.,,2508.0,8.0,,aravindh chithambaram vr.,1999.0,2677.0,20.0
499127,2019,rapid,open,,68,Vallejo Pons Francisco,,2636.0,8.0,,francisco pons vallejo,1982.0,2644.0,37.0
499127,2019,rapid,open,,69,Rakhmanov Aleksandr,,2686.0,8.0,,aleksandr rakhmanov,1989.0,2597.0,30.0
499127,2019,rapid,open,,70,Nihal Sarin,,2292.0,8.0,,nihal sarin,2004.0,2718.0,15.0
499127,2019,rapid,open,,71,Laznicka Viktor,,2678.0,8.0,,laznicka viktor,1988.0,2585.0,31.0
499127,2019,rapid,open,,72,Geller Jakov,,2536.0,8.0,,geller jakov,1986.0,2521.0,33.0
499127,2019,rapid,open,,73,Andriasian Zaven,,2633.0,8.0,,andriasian zaven,1989.0,2528.0,30.0
499127,2019,rapid,open,,74,Sarana Alexey,,2618.0,8.0,,alexey sarana,2000.0,2666.0,19.0
499127,2019,rapid,open,,75,Amin Bassem,,2610.0,8.0,,amin bassem,1988.0,2608.0,31.0
499127,2019,rapid,open,,76,Zhigalko Sergei,,2699.0,8.0,,sergei zhigalko,1989.0,2572.0,30.0
499127,2019,rapid,open,,77,Petrosyan Manuel,,2378.0,8.0,,manuel petrosyan,1998.0,2569.0,21.0
499127,2019,rapid,open,,78,Popov Ivan,,2607.0,8.0,,ivan popov,1990.0,2595.0,29.0
499127,2019,rapid,open,,79,Kamsky Gata,,2755.0,8.0,,gata kamsky,1974.0,2592.0,45.0
499127,2019,rapid,open,,80,Vitiugov Nikita,,2631.0,8.0,,nikita vitiugov,1987.0,2666.0,32.0
499127,2019,rapid,open,,81,Murzin Volodar,,2341.0,8.0,,murzin volodar,2006.0,2656.0,13.0
499127,2019,rapid,open,,82,Xu Xiangyu,,2441.0,8.0,,xiangyu xu,1999.0,2631.0,20.0
499127,2019,rapid,open,,83,Chigaev Maksim,,2669.0,8.0,,chigaev maksim,1996.0,2629.0,23.0
499127,2019,rapid,open,,84,Najer Evgeniy,,2626.0,8.0,,evgeniy najer,1977.0,2580.0,42.0
499127,2019,rapid,open,,85,Yuffa Daniil,,2587.0,8.0,,daniil yuffa,1997.0,2570.0,22.0
499127,2019,rapid,open,,86,Can Emre,,2516.0,8.0,,can emre,1990.0,2534.0,29.0
499127,2019,rapid,open,,87,Salgado Lopez Ivan,,2527.0,8.0,,ivan lopez salgado,1991.0,2591.0,28.0
499127,2019,rapid,open,,88,Zvjaginsev Vadim,,2603.0,8.0,,vadim zvjaginsev,1976.0,2522.0,43.0
499127,2019,rapid,open,,89,Paravyan David,,2588.0,8.0,,david paravyan,1998.0,2587.0,21.0
499127,2019,rapid,open,,90,Vishnu Prasanna. V,,2438.0,8.0,,prasanna. v vishnu,1989.0,2382.0,30.0
499127,2019,rapid,open,,91,Jakovenko Dmitry,,2748.0,8.0,,dmitry jakovenko,1983.0,2682.0,36.0
499127,2019,rapid,open,,92,Kobalia Mikhail,,2578.0,8.0,,kobalia mikhail,1978.0,2529.0,41.0
499127,2019,rapid,open,,93,Potkin Vladimir,,2560.0,8.0,,potkin vladimir,1982.0,2548.0,37.0
499127,2019,rapid,open,,94,Harsha Bharathakoti,,2418.0,8.0,,bharathakoti harsha,2000.0,2510.0,19.0
499127,2019,rapid,open,,95,Sanal Vahap,,2597.0,8.0,,sanal vahap,1998.0,2544.0,21.0
499127,2019,rapid,open,,96,Ivanisevic Ivan,,2617.0,8.0,,ivan ivanisevic,1977.0,2510.0,42.0
499127,2019,rapid,open,,97,Sethuraman S.P.,,2560.0,7.5,,s.p. sethuraman,1993.0,2550.0,26.0
499127,2019,rapid,open,,98,Sakaev Konstantin,,2529.0,7.5,,konstantin sakaev,2001.0,1662.0,18.0
499127,2019,rapid,open,,99,Petrov Nikita,,2543.0,7.5,,nikita petrov,1996.0,2565.0,23.0
499127,2019,rapid,open,,100,Jumabayev Rinat,,2558.0,7.5,,jumabayev rinat,1989.0,2564.0,30.0
499127,2019,rapid,open,,101,Ismagambetov Anuar,,2420.0,7.5,,anuar ismagambetov,1986.0,2520.0,33.0
499127,2019,rapid,open,,102,Meier Georg,,2710.0,7.5,,georg meier,1987.0,2612.0,32.0
499127,2019,rapid,open,,103,Matlakov Maxim,,2726.0,7.5,,matlakov maxim,1991.0,2596.0,28.0
499127,2019,rapid,open,,104,Sasikiran Krishnan,,2601.0,7.5,,krishnan sasikiran,1981.0,2520.0,38.0
499127,2019,rapid,open,,105,Sadhwani Raunak,,2358.0,7.5,,raunak sadhwani,2005.0,2645.0,14.0
499127,2019,rapid,open,,106,Kezin Roman,,2572.0,7.5,,kezin roman,1995.0,2472.0,24.0
499127,2019,rapid,open,,107,Vokhidov Shamsiddin,,2486.0,7.5,,shamsiddin vokhidov,2002.0,2654.0,17.0
499127,2019,rapid,open,,108,Khusnutdinov Rustam,,2532.0,7.5,,khusnutdinov rustam,1987.0,2433.0,32.0
499127,2019,rapid,open,,109,Narayanan Srinath,,2526.0,7.5,,narayanan srinath,1994.0,2516.0,25.0
499127,2019,rapid,open,,110,Bluebaum Matthias,,2561.0,7.5,,bluebaum matthias,1997.0,2662.0,22.0
499127,2019,rapid,open,,111,Hansen Eric,,2604.0,7.5,,eric hansen,1992.0,2609.0,27.0
499127,2019,rapid,open,,112,Pashikian Arman,,2593.0,7.5,,arman pashikian,1987.0,2594.0,32.0
499127,2019,rapid,open,,113,Gajewski Grzegorz,,2516.0,7.5,,gajewski grzegorz,1985.0,2547.0,34.0
499127,2019,rapid,open,,114,Timofeev Artyom,,2648.0,7.5,,artyom timofeev,1985.0,2479.0,34.0
499127,2019,rapid,open,,115,Mesropov Konstantin,,2431.0,7.5,,konstantin mesropov,1971.0,2463.0,48.0
499127,2019,rapid,open,,116,Savchenko Boris,,2569.0,7.5,,boris savchenko,1986.0,2466.0,33.0
499127,2019,rapid,open,,117,Abdusattorov Nodirbek,,2418.0,7.5,,abdusattorov nodirbek,2004.0,2762.0,15.0
499127,2019,rapid,open,,118,Atabayev Saparmyrat,,2258.0,7.5,,atabayev saparmyrat,1999.0,2503.0,20.0
499127,2019,rapid,open,,119,Donchenko Alexander,,2567.0,7.5,,alexander donchenko,1998.0,2625.0,21.0
499127,2019,rapid,open,,120,Baron Tal,,2455.0,7.5,,baron tal,1992.0,2371.0,27.0
499127,2019,rapid,open,,121,Suleymanli Aydin,,2086.0,7.0,,aydin suleymanli,2005.0,2664.0,14.0
499127,2019,rapid,open,,122,Yanchenko Roman,,2447.0,7.0,,roman yanchenko,1996.0,2466.0,23.0
499127,2019,rapid,open,,123,Khanin Semen,,2602.0,7.0,,khanin semen,1999.0,2598.0,20.0
499127,2019,rapid,open,,124,Drygalov Sergey,,2444.0,7.0,,drygalov sergey,1999.0,2530.0,20.0
499127,2019,rapid,open,,125,Socko Bartosz,,2691.0,7.0,,bartosz socko,1978.0,2554.0,41.0
499127,2019,rapid,open,,126,Triapishko Alexandr,,2531.0,7.0,,alexandr triapishko,2000.0,2437.0,19.0
499127,2019,rapid,open,,127,Nozdrachev Vladislav,,2558.0,7.0,,nozdrachev vladislav,1992.0,2484.0,27.0
499127,2019,rapid,open,,128,Indjic Aleksandar,,2572.0,7.0,,aleksandar indjic,1995.0,2598.0,24.0
499127,2019,rapid,open,,129,Romanov Evgeny,,2571.0,7.0,,evgeny romanov,1988.0,2560.0,31.0
499127,2019,rapid,open,,130,Alonso Rosell Alvar,,2628.0,7.0,,alonso alvar rosell,1992.0,2560.0,27.0
499127,2019,rapid,open,,131,Frolyanov Dmitry,,2527.0,7.0,,dmitry frolyanov,1986.0,2451.0,33.0
499127,2019,rapid,open,,132,Tran Tuan Minh,,2511.0,7.0,,minh tran tuan,2006.0,1637.0,13.0
499127,2019,rapid,open,,133,Christiansen Johan-Sebastian,,2492.0,7.0,,christiansen johan-sebastian,1998.0,2656.0,21.0
499127,2019,rapid,open,,134,Kazhgaleyev Murtas,,2455.0,7.0,,kazhgaleyev murtas,1973.0,2541.0,46.0
499127,2019,rapid,open,,135,Piorun Kacper,,2552.0,7.0,,kacper piorun,1991.0,2532.0,28.0
499127,2019,rapid,open,,136,Rychagov Andrey,,2543.0,7.0,,andrey rychagov,1979.0,2546.0,40.0
499127,2019,rapid,open,,137,Guliyev Namig,,2643.0,7.0,,guliyev namig,1974.0,2444.0,45.0
499127,2019,rapid,open,,138,Belov Vladimir,,2581.0,7.0,,belov vladimir,1984.0,2598.0,35.0
499127,2019,rapid,open,,139,Deviatkin Andrei,,2477.0,7.0,,andrei deviatkin,1980.0,2442.0,39.0
499127,2019,rapid,open,,140,Iljiushenok Ilia,,2466.0,7.0,,ilia iljiushenok,1993.0,2483.0,26.0
499127,2019,rapid,open,,141,Studer Noel,,2405.0,7.0,,noel studer,1996.0,2582.0,23.0
499127,2019,rapid,open,,142,Krsnik Cohar Ivan Vihor,,2334.0,7.0,,cohar ivan krsnik vihor,1997.0,2353.0,22.0
499127,2019,rapid,open,,143,Postny Evgeny,,2598.0,6.5,,evgeny postny,1981.0,2493.0,38.0
499127,2019,rapid,open,,144,Tsvetkov Andrey,,2241.0,6.5,,andrey tsvetkov,2005.0,2439.0,14.0
499127,2019,rapid,open,,145,Tsoi Dmitry,,2375.0,6.5,,dmitry tsoi,2004.0,2371.0,15.0
499127,2019,rapid,open,,146,Petrosian Tigran L.,,2721.0,6.5,,l. petrosian tigran,1984.0,2522.0,35.0
499127,2019,rapid,open,,147,Huzman Alexander,,2484.0,6.5,,alexander huzman,1962.0,2478.0,57.0
499127,2019,rapid,open,,148,Makarian Rudik,,2334.0,6.5,,makarian rudik,2004.0,2556.0,15.0
499127,2019,rapid,open,,149,Yilmaz Mustafa,,2525.0,6.5,,mustafa yilmaz,1992.0,2553.0,27.0
499127,2019,rapid,open,,150,Samsonkin Artiom,,2406.0,6.5,,artiom samsonkin,1989.0,2366.0,30.0
499127,2019,rapid,open,,151,Kryakvin Dmitry,,2525.0,6.5,,dmitry kryakvin,1984.0,2384.0,35.0
499127,2019,rapid,open,,152,Potapov Pavel,,2482.0,6.5,,pavel potapov,1990.0,2452.0,29.0
499127,2019,rapid,open,,153,Vastrukhin Oleg,,2474.0,6.5,,oleg vastrukhin,1991.0,2361.0,28.0
499127,2019,rapid,open,,154,Golubov Saveliy,,2635.0,6.5,,golubov saveliy,2000.0,2473.0,19.0
499127,2019,rapid,open,,155,Bosiocic Marin,,2575.0,6.5,,bosiocic marin,1988.0,2563.0,31.0
499127,2019,rapid,open,,156,Zarnicki Pablo,,2504.0,6.5,,pablo zarnicki,1972.0,2508.0,47.0
499127,2019,rapid,open,,157,Grigoriants Sergey,,2603.0,6.5,,grigoriants sergey,1983.0,2546.0,36.0
499127,2019,rapid,open,,158,Santos Ruiz Miguel,,2379.0,6.5,,miguel ruiz santos,1999.0,2600.0,20.0
499127,2019,rapid,open,,159,Vavulin Maxim,,2551.0,6.5,,maxim vavulin,1998.0,2520.0,21.0
499127,2019,rapid,open,,160,Gutenev Alexander,,2431.0,6.5,,alexander gutenev,1990.0,2455.0,29.0
499127,2019,rapid,open,,161,Kim Alexey,,2464.0,6.5,,alexey kim,1986.0,2465.0,33.0
499127,2019,rapid,open,,162,Yagupov Igor,,2382.0,6.5,,igor yagupov,1965.0,2223.0,54.0
499127,2019,rapid,open,,163,Rozum Ivan,,2542.0,6.0,,ivan rozum,2003.0,1601.0,16.0
499127,2019,rapid,open,,164,Pogosyan Stefan,,2426.0,6.0,,pogosyan stefan,2004.0,2387.0,15.0
499127,2019,rapid,open,,165,Reshetnikov Alexey,,2524.0,6.0,,alexey reshetnikov,1988.0,2492.0,31.0
499127,2019,rapid,open,,166,Ruck Robert,,2551.0,6.0,,robert ruck,1977.0,2470.0,42.0
499127,2019,rapid,open,,167,Zarubitski Viachaslau,,2273.0,6.0,,viachaslau zarubitski,2002.0,2392.0,17.0
499127,2019,rapid,open,,168,Kazakouski Valery,,2375.0,6.0,,kazakouski valery,2000.0,2597.0,19.0
499127,2019,rapid,open,,169,Batchuluun Tsegmed,,2448.0,6.0,,batchuluun tsegmed,1987.0,2435.0,32.0
499127,2019,rapid,open,,170,Sychev Klementy,,2562.0,6.0,,klementy sychev,1996.0,2508.0,23.0
499127,2019,rapid,open,,171,Gasanov Eldar,,2560.0,6.0,,eldar gasanov,1982.0,2461.0,37.0
499127,2019,rapid,open,,172,Gurvich Vitaly,,2348.0,6.0,,gurvich vitaly,2002.0,2251.0,17.0
499127,2019,rapid,open,,173,Blohberger Felix,,2316.0,6.0,,blohberger felix,2002.0,2552.0,17.0
499127,2019,rapid,open,,174,Afanasiev Nikita,,2480.0,6.0,,afanasiev nikita,2000.0,2546.0,19.0
499127,2019,rapid,open,,175,Mamatov Melis,,2277.0,6.0,,mamatov melis,1996.0,2345.0,23.0
499127,2019,rapid,open,,176,Dragnev Valentin,,2380.0,5.5,,dragnev valentin,1999.0,2544.0,20.0
499127,2019,rapid,open,,177,Tari Aryan,,2562.0,5.5,,aryan tari,1999.0,2647.0,20.0
499127,2019,rapid,open,,178,Faizrakhmanov Ramil,,2500.0,5.5,,faizrakhmanov ramil,1997.0,2436.0,22.0
499127,2019,rapid,open,,179,Moiseenko Vadim,,2596.0,5.5,,moiseenko vadim,1994.0,2518.0,25.0
499127,2019,rapid,open,,180,Castellanos Rodriguez Renier,,2563.0,5.5,,castellanos renier rodriguez,1982.0,2471.0,37.0
499127,2019,rapid,open,,181,Atabayev Maksat,,2527.0,5.5,,atabayev maksat,1994.0,2371.0,25.0
499127,2019,rapid,open,,182,Glek Igor,,2478.0,5.5,,glek igor,1961.0,2424.0,58.0
499127,2019,rapid,open,,183,Carlsson Pontus,,2501.0,5.5,,carlsson pontus,1982.0,2450.0,37.0
499127,2019,rapid,open,,184,Pigusov Evgeny,,2500.0,5.5,,evgeny pigusov,1961.0,2508.0,58.0
499127,2019,rapid,open,,185,Lobanov Sergei,,2483.0,5.5,,lobanov sergei,2001.0,2517.0,18.0
499127,2019,rapid,open,,186,Shcherbakov Ruslan,,2520.0,5.5,,ruslan shcherbakov,1969.0,2517.0,50.0
499127,2019,rapid,open,,187,Tengis Tsog-Ochir,,2003.0,5.5,,tengis tsog-ochir,2004.0,2166.0,15.0
499127,2019,rapid,open,,188,Thing Bibek,,2026.0,5.5,,bibek thing,1995.0,2248.0,24.0
499127,2019,rapid,open,,189,Novikov Stanislav,,2544.0,5.5,,novikov stanislav,1985.0,2518.0,34.0
499127,2019,rapid,open,,190,Tissir Mohamed,,2356.0,5.5,,mohamed tissir,1976.0,2300.0,43.0
499127,2019,rapid,open,,191,Makoveev Ilya,,2340.0,5.5,,ilya makoveev,2006.0,2374.0,13.0
499127,2019,rapid,open,,192,Sek Konstantin,,2439.0,5.0,,konstantin sek,1989.0,2314.0,30.0
499127,2019,rapid,open,,193,Luukkonen Tommi,,2332.0,5.0,,luukkonen tommi,1977.0,2210.0,42.0
499127,2019,rapid,open,,194,Gundavaa Bayarsaikhan,,2541.0,5.0,,bayarsaikhan gundavaa,1989.0,2468.0,30.0
499127,2019,rapid,open,,195,Mikhailovsky Vladimir,,2267.0,5.0,,mikhailovsky vladimir,1999.0,2215.0,20.0
499127,2019,rapid,open,,196,Lam Daniel King Wai,,2146.0,5.0,,daniel king lam wai,1976.0,2002.0,43.0
499127,2019,rapid,open,,197,Usov Aleksandr E.,,1981.0,4.5,,aleksandr e. usov,2010.0,2471.0,9.0
499127,2019,rapid,open,,198,Al Nhier Hamoud,,2025.0,4.5,,al hamoud nhier,1991.0,1960.0,28.0
499127,2019,rapid,open,,199,Guimaraes Diogo Duarte,,2286.0,4.0,,diogo duarte guimaraes,1984.0,2262.0,35.0
499127,2019,rapid,open,,200,Masrahi Abdulrahman A,,1867.0,4.0,,a abdulrahman masrahi,1991.0,2014.0,28.0
499127,2019,rapid,open,,201,Al Mutairi Hassan S,,2004.0,3.5,,al hassan mutairi s,1985.0,1877.0,34.0
499127,2019,rapid,open,,202,Miranda Neto Jayme Amorim,,2171.0,3.0,,amorim jayme miranda neto,1983.0,2089.0,36.0
499127,2019,rapid,open,,203,Al Ghamdi Ahmed M,,2106.0,3.0,,ahmed al ghamdi m,,,
499127,2019,rapid,open,,204,Al Thebaiti Ahmed M,,1841.0,3.0,,ahmed al m thebaiti,1992.0,2008.0,27.0
499127,2019,rapid,open,,205,Iordachescu Viorel,,2666.0,0.0,,iordachescu viorel,1977.0,2558.0,42.0
499129,2019,blitz,open,,1,Carlsen Magnus,,2865.0,16.5,,carlsen magnus,1990.0,2823.0,29.0
499129,2019,blitz,open,,2,Nakamura Hikaru,,2885.0,16.5,,hikaru nakamura,1987.0,2792.0,32.0
499129,2019,blitz,open,,3,Kramnik Vladimir,,2748.0,15.0,,kramnik vladimir,1975.0,2753.0,44.0
499129,2019,blitz,open,,4,Grischuk Alexander,,2741.0,14.0,,alexander grischuk,1983.0,2628.0,36.0
499129,2019,blitz,open,,5,Vachier-Lagrave Maxime,,2768.0,14.0,,maxime vachier-lagrave,1990.0,2718.0,29.0
499129,2019,blitz,open,,6,Firouzja Alireza,,2649.0,13.5,,alireza firouzja,2003.0,2757.0,16.0
499129,2019,blitz,open,,7,Artemiev Vladislav,,2793.0,13.5,,artemiev vladislav,1998.0,2653.0,21.0
499129,2019,blitz,open,,8,Yu Yangyi,,2807.0,13.5,,yangyi yu,1994.0,2710.0,25.0
499129,2019,blitz,open,,9,Matlakov Maxim,,2720.0,13.5,,matlakov maxim,1991.0,2596.0,28.0
499129,2019,blitz,open,,10,Duda Jan-Krzysztof,,2796.0,13.5,,duda jan-krzysztof,1998.0,2743.0,21.0
499129,2019,blitz,open,,11,Andreikin Dmitry,,2780.0,13.5,,andreikin dmitry,1990.0,2714.0,29.0
499129,2019,blitz,open,,12,Fedoseev Vladimir,,2714.0,13.5,,fedoseev vladimir,1995.0,2691.0,24.0
499129,2019,blitz,open,,13,Giri Anish,,2769.0,13.5,,anish giri,1994.0,2757.0,25.0
499129,2019,blitz,open,,14,Zubov Alexander,,2754.0,13.5,,alexander zubov,1983.0,2598.0,36.0
499129,2019,blitz,open,,15,Aronian Levon,,2698.0,13.5,,aronian levon,1982.0,2725.0,37.0
499129,2019,blitz,open,,16,Wang Hao,,2714.0,13.5,,hao wang,1989.0,2694.0,30.0
499129,2019,blitz,open,,17,Inarkiev Ernesto,,2556.0,13.5,,ernesto inarkiev,1985.0,2637.0,34.0
499129,2019,blitz,open,,18,Svidler Peter,,2805.0,13.5,,peter svidler,1976.0,2682.0,43.0
499129,2019,blitz,open,,19,Gelfand Boris,,2700.0,13.5,,boris gelfand,1968.0,2641.0,51.0
499129,2019,blitz,open,,20,Cheparinov Ivan,,2647.0,13.5,,cheparinov ivan,1986.0,2631.0,33.0
499129,2019,blitz,open,,21,Dreev Aleksey,,2658.0,13.0,,aleksey dreev,1969.0,2577.0,50.0
499129,2019,blitz,open,,22,Nepomniachtchi Ian,,2826.0,13.0,,ian nepomniachtchi,1990.0,2719.0,29.0
499129,2019,blitz,open,,23,Mamedov Rauf,,2670.0,13.0,,mamedov rauf,1988.0,2631.0,31.0
499129,2019,blitz,open,,24,Salem A.R. Saleh,,2650.0,13.0,,a.r. saleh salem,1993.0,2616.0,26.0
499129,2019,blitz,open,,25,Chigaev Maksim,,2626.0,13.0,,chigaev maksim,1996.0,2629.0,23.0
499129,2019,blitz,open,,26,Wojtaszek Radoslaw,,2675.0,13.0,,radoslaw wojtaszek,1987.0,2658.0,32.0
499129,2019,blitz,open,,27,Morozevich Alexander,,2712.0,13.0,,alexander morozevich,1977.0,2654.0,42.0
499129,2019,blitz,open,,28,Harsha Bharathakoti,,2488.0,13.0,,bharathakoti harsha,2000.0,2510.0,19.0
499129,2019,blitz,open,,29,Fridman Daniel,,2623.0,13.0,,daniel fridman,1976.0,2564.0,43.0
499129,2019,blitz,open,,30,Vidit Santosh Gujrathi,,2756.0,12.5,,gujrathi santosh vidit,1994.0,2697.0,25.0
499129,2019,blitz,open,,31,Mamedyarov Shakhriyar,,2706.0,12.5,,mamedyarov shakhriyar,1985.0,2720.0,34.0
499129,2019,blitz,open,,32,Tomashevsky Evgeny,,2624.0,12.5,,evgeny tomashevsky,1987.0,2681.0,32.0
499129,2019,blitz,open,,33,Jobava Baadur,,2712.0,12.5,,baadur jobava,1983.0,2576.0,36.0
499129,2019,blitz,open,,34,Sarana Alexey,,2657.0,12.5,,alexey sarana,2000.0,2666.0,19.0
499129,2019,blitz,open,,35,Ponkratov Pavel,,2698.0,12.5,,pavel ponkratov,1988.0,2540.0,31.0
499129,2019,blitz,open,,36,Predke Alexandr,,2566.0,12.5,,alexandr predke,1994.0,2598.0,25.0
499129,2019,blitz,open,,37,Adly Ahmed,,2679.0,12.5,,adly ahmed,1987.0,2582.0,32.0
499129,2019,blitz,open,,38,Le Quang Liem,,2768.0,12.5,,le liem quang,1991.0,2732.0,28.0
499129,2019,blitz,open,,39,Indjic Aleksandar,,2639.0,12.5,,aleksandar indjic,1995.0,2598.0,24.0
499129,2019,blitz,open,,40,Vallejo Pons Francisco,,2642.0,12.5,,francisco pons vallejo,1982.0,2644.0,37.0
499129,2019,blitz,open,,41,Karjakin Sergey,,2836.0,12.0,,karjakin sergey,1990.0,2750.0,29.0
499129,2019,blitz,open,,42,Golubov Saveliy,,2582.0,12.0,,golubov saveliy,2000.0,2473.0,19.0
499129,2019,blitz,open,,43,Iturrizaga Bonelli Eduardo,,2669.0,12.0,,bonelli eduardo iturrizaga,1989.0,2595.0,30.0
499129,2019,blitz,open,,44,Motylev Alexander,,2629.0,12.0,,alexander motylev,1979.0,2547.0,40.0
499129,2019,blitz,open,,45,Paravyan David,,2627.0,12.0,,david paravyan,1998.0,2587.0,21.0
499129,2019,blitz,open,,46,Grigoriants Sergey,,2585.0,12.0,,grigoriants sergey,1983.0,2546.0,36.0
499129,2019,blitz,open,,47,Nozdrachev Vladislav,,2564.0,12.0,,nozdrachev vladislav,1992.0,2484.0,27.0
499129,2019,blitz,open,,48,Zhigalko Sergei,,2678.0,12.0,,sergei zhigalko,1989.0,2572.0,30.0
499129,2019,blitz,open,,49,Nihal Sarin,,2685.0,12.0,,nihal sarin,2004.0,2718.0,15.0
499129,2019,blitz,open,,50,Vitiugov Nikita,,2719.0,12.0,,nikita vitiugov,1987.0,2666.0,32.0
499129,2019,blitz,open,,51,Korobov Anton,,2720.0,12.0,,anton korobov,1985.0,2610.0,34.0
499129,2019,blitz,open,,52,Dominguez Perez Leinier,,2715.0,12.0,,dominguez leinier perez,1983.0,2732.0,36.0
499129,2019,blitz,open,,53,Vastrukhin Oleg,,2408.0,12.0,,oleg vastrukhin,1991.0,2361.0,28.0
499129,2019,blitz,open,,54,Jumabayev Rinat,,2585.0,12.0,,jumabayev rinat,1989.0,2564.0,30.0
499129,2019,blitz,open,,55,Smirin Ilia,,2629.0,12.0,,ilia smirin,1968.0,2578.0,51.0
499129,2019,blitz,open,,56,Popov Ivan,,2595.0,12.0,,ivan popov,1990.0,2595.0,29.0
499129,2019,blitz,open,,57,Postny Evgeny,,2661.0,12.0,,evgeny postny,1981.0,2493.0,38.0
499129,2019,blitz,open,,58,Melkumyan Hrant,,2667.0,12.0,,hrant melkumyan,1989.0,2636.0,30.0
499129,2019,blitz,open,,59,Socko Bartosz,,2557.0,11.5,,bartosz socko,1978.0,2554.0,41.0
499129,2019,blitz,open,,60,Dubov Daniil,,2736.0,11.5,,daniil dubov,1996.0,2654.0,23.0
499129,2019,blitz,open,,61,Gareyev Timur,,2533.0,11.5,,gareyev timur,1988.0,2546.0,31.0
499129,2019,blitz,open,,62,Sychev Klementy,,2604.0,11.5,,klementy sychev,1996.0,2508.0,23.0
499129,2019,blitz,open,,63,Quparadze Giga,,2643.0,11.5,,giga quparadze,1987.0,2481.0,32.0
499129,2019,blitz,open,,64,Savchenko Boris,,2624.0,11.5,,boris savchenko,1986.0,2466.0,33.0
499129,2019,blitz,open,,65,Castellanos Rodriguez Renier,,2561.0,11.5,,castellanos renier rodriguez,1982.0,2471.0,37.0
499129,2019,blitz,open,,66,Salgado Lopez Ivan,,2610.0,11.5,,ivan lopez salgado,1991.0,2591.0,28.0
499129,2019,blitz,open,,67,Amin Bassem,,2685.0,11.5,,amin bassem,1988.0,2608.0,31.0
499129,2019,blitz,open,,68,Xu Yinglun,,2452.0,11.5,,xu yinglun,1996.0,2516.0,23.0
499129,2019,blitz,open,,69,Adhiban B.,,2612.0,11.5,,adhiban b.,1992.0,2574.0,27.0
499129,2019,blitz,open,,70,Santos Ruiz Miguel,,2501.0,11.5,,miguel ruiz santos,1999.0,2600.0,20.0
499129,2019,blitz,open,,71,Alekseenko Kirill,,2569.0,11.5,,alekseenko kirill,1997.0,2656.0,22.0
499129,2019,blitz,open,,72,Kamsky Gata,,2699.0,11.5,,gata kamsky,1974.0,2592.0,45.0
499129,2019,blitz,open,,73,Kazakouski Valery,,2459.0,11.5,,kazakouski valery,2000.0,2597.0,19.0
499129,2019,blitz,open,,74,Meier Georg,,2701.0,11.5,,georg meier,1987.0,2612.0,32.0
499129,2019,blitz,open,,75,Sargissian Gabriel,,2676.0,11.0,,gabriel sargissian,1983.0,2610.0,36.0
499129,2019,blitz,open,,76,Sakaev Konstantin,,2585.0,11.0,,konstantin sakaev,2001.0,1662.0,18.0
499129,2019,blitz,open,,77,Kobalia Mikhail,,2556.0,11.0,,kobalia mikhail,1978.0,2529.0,41.0
499129,2019,blitz,open,,78,Timofeev Artyom,,2560.0,11.0,,artyom timofeev,1985.0,2479.0,34.0
499129,2019,blitz,open,,79,Safarli Eltaj,,2609.0,11.0,,eltaj safarli,1992.0,2616.0,27.0
499129,2019,blitz,open,,80,Bluebaum Matthias,,2590.0,11.0,,bluebaum matthias,1997.0,2662.0,22.0
499129,2019,blitz,open,,81,Antipov Mikhail Al.,,2511.0,11.0,,al. antipov mikhail,1997.0,2628.0,22.0
499129,2019,blitz,open,,82,Yuffa Daniil,,2582.0,11.0,,daniil yuffa,1997.0,2570.0,22.0
499129,2019,blitz,open,,83,Tari Aryan,,2689.0,11.0,,aryan tari,1999.0,2647.0,20.0
499129,2019,blitz,open,,84,Aravindh Chithambaram Vr.,,2560.0,11.0,,aravindh chithambaram vr.,1999.0,2677.0,20.0
499129,2019,blitz,open,,85,Shimanov Aleksandr,,2630.0,11.0,,aleksandr shimanov,1992.0,2578.0,27.0
499129,2019,blitz,open,,86,Zvjaginsev Vadim,,2607.0,11.0,,vadim zvjaginsev,1976.0,2522.0,43.0
499129,2019,blitz,open,,87,Petrosian Tigran L.,,2609.0,11.0,,l. petrosian tigran,1984.0,2522.0,35.0
499129,2019,blitz,open,,88,Petrov Nikita,,2604.0,11.0,,nikita petrov,1996.0,2565.0,23.0
499129,2019,blitz,open,,89,Alekseev Evgeny,,2620.0,11.0,,alekseev evgeny,1985.0,2500.0,34.0
499129,2019,blitz,open,,90,Christiansen Johan-Sebastian,,2613.0,11.0,,christiansen johan-sebastian,1998.0,2656.0,21.0
499129,2019,blitz,open,,91,Drygalov Sergey,,2515.0,11.0,,drygalov sergey,1999.0,2530.0,20.0
499129,2019,blitz,open,,92,Rychagov Andrey,,2452.0,11.0,,andrey rychagov,1979.0,2546.0,40.0
499129,2019,blitz,open,,93,Utegaliyev Azamat,,2575.0,11.0,,azamat utegaliyev,1991.0,2419.0,28.0
499129,2019,blitz,open,,94,Rozum Ivan,,2489.0,11.0,,ivan rozum,2003.0,1601.0,16.0
499129,2019,blitz,open,,95,Abdusattorov Nodirbek,,2600.0,10.5,,abdusattorov nodirbek,2004.0,2762.0,15.0
499129,2019,blitz,open,,96,Sethuraman S.P.,,2474.0,10.5,,s.p. sethuraman,1993.0,2550.0,26.0
499129,2019,blitz,open,,97,Bartel Mateusz,,2525.0,10.5,,bartel mateusz,1985.0,2549.0,34.0
499129,2019,blitz,open,,98,Alonso Rosell Alvar,,2617.0,10.5,,alonso alvar rosell,1992.0,2560.0,27.0
499129,2019,blitz,open,,99,Jakovenko Dmitry,,2667.0,10.5,,dmitry jakovenko,1983.0,2682.0,36.0
499129,2019,blitz,open,,100,Esipenko Andrey,,2582.0,10.5,,andrey esipenko,2002.0,2680.0,17.0
499129,2019,blitz,open,,101,Hansen Eric,,2578.0,10.5,,eric hansen,1992.0,2609.0,27.0
499129,2019,blitz,open,,102,Grachev Boris,,2625.0,10.5,,boris grachev,1986.0,2586.0,33.0
499129,2019,blitz,open,,103,Ganguly Surya Shekhar,,2507.0,10.5,,ganguly shekhar surya,1983.0,2562.0,36.0
499129,2019,blitz,open,,104,Sasikiran Krishnan,,2601.0,10.5,,krishnan sasikiran,1981.0,2520.0,38.0
499129,2019,blitz,open,,105,Can Emre,,2351.0,10.5,,can emre,1990.0,2534.0,29.0
499129,2019,blitz,open,,106,Ivanisevic Ivan,,2612.0,10.5,,ivan ivanisevic,1977.0,2510.0,42.0
499129,2019,blitz,open,,107,Perunovic Milos,,2596.0,10.5,,milos perunovic,1984.0,2500.0,35.0
499129,2019,blitz,open,,108,Piorun Kacper,,2533.0,10.5,,kacper piorun,1991.0,2532.0,28.0
499129,2019,blitz,open,,109,Andriasian Zaven,,2766.0,10.5,,andriasian zaven,1989.0,2528.0,30.0
499129,2019,blitz,open,,110,Kazhgaleyev Murtas,,2530.0,10.5,,kazhgaleyev murtas,1973.0,2541.0,46.0
499129,2019,blitz,open,,111,Kim Alexey,,2464.0,10.5,,alexey kim,1986.0,2465.0,33.0
499129,2019,blitz,open,,112,Riazantsev Alexander,,2635.0,10.5,,alexander riazantsev,1985.0,2590.0,34.0
499129,2019,blitz,open,,113,Murzin Volodar,,2393.0,10.5,,murzin volodar,2006.0,2656.0,13.0
499129,2019,blitz,open,,114,Laznicka Viktor,,2560.0,10.5,,laznicka viktor,1988.0,2585.0,31.0
499129,2019,blitz,open,,115,Kezin Roman,,2574.0,10.5,,kezin roman,1995.0,2472.0,24.0
499129,2019,blitz,open,,116,Bologan Victor,,2579.0,10.5,,bologan victor,1971.0,2590.0,48.0
499129,2019,blitz,open,,117,Pashikian Arman,,2605.0,10.5,,arman pashikian,1987.0,2594.0,32.0
499129,2019,blitz,open,,118,Shcherbakov Ruslan,,2547.0,10.5,,ruslan shcherbakov,1969.0,2517.0,50.0
499129,2019,blitz,open,,119,Sanal Vahap,,2563.0,10.0,,sanal vahap,1998.0,2544.0,21.0
499129,2019,blitz,open,,120,Frolyanov Dmitry,,2460.0,10.0,,dmitry frolyanov,1986.0,2451.0,33.0
499129,2019,blitz,open,,121,Sadhwani Raunak,,2490.0,10.0,,raunak sadhwani,2005.0,2645.0,14.0
499129,2019,blitz,open,,122,Gajewski Grzegorz,,2529.0,10.0,,gajewski grzegorz,1985.0,2547.0,34.0
499129,2019,blitz,open,,123,Iljiushenok Ilia,,2540.0,10.0,,ilia iljiushenok,1993.0,2483.0,26.0
499129,2019,blitz,open,,124,Pigusov Evgeny,,2563.0,10.0,,evgeny pigusov,1961.0,2508.0,58.0
499129,2019,blitz,open,,125,Anton Guijarro David,,2674.0,10.0,,anton david guijarro,1995.0,2632.0,24.0
499129,2019,blitz,open,,126,Vokhidov Shamsiddin,,2534.0,10.0,,shamsiddin vokhidov,2002.0,2654.0,17.0
499129,2019,blitz,open,,127,Bocharov Dmitry,,2616.0,10.0,,bocharov dmitry,1982.0,2510.0,37.0
499129,2019,blitz,open,,128,Tran Tuan Minh,,2586.0,10.0,,minh tran tuan,2006.0,1637.0,13.0
499129,2019,blitz,open,,129,Atabayev Maksat,,2390.0,10.0,,atabayev maksat,1994.0,2371.0,25.0
499129,2019,blitz,open,,130,Rakhmanov Aleksandr,,2556.0,9.5,,aleksandr rakhmanov,1989.0,2597.0,30.0
499129,2019,blitz,open,,131,Petrosyan Manuel,,2483.0,9.5,,manuel petrosyan,1998.0,2569.0,21.0
499129,2019,blitz,open,,132,Vavulin Maxim,,2472.0,9.5,,maxim vavulin,1998.0,2520.0,21.0
499129,2019,blitz,open,,133,Khusnutdinov Rustam,,2578.0,9.5,,khusnutdinov rustam,1987.0,2433.0,32.0
499129,2019,blitz,open,,134,Bosiocic Marin,,2567.0,9.5,,bosiocic marin,1988.0,2563.0,31.0
499129,2019,blitz,open,,135,Ruck Robert,,2541.0,9.5,,robert ruck,1977.0,2470.0,42.0
499129,2019,blitz,open,,136,Turov Maxim,,2535.0,9.5,,maxim turov,1979.0,2484.0,40.0
499129,2019,blitz,open,,137,Donchenko Alexander,,2577.0,9.5,,alexander donchenko,1998.0,2625.0,21.0
499129,2019,blitz,open,,138,Khanin Semen,,2497.0,9.5,,khanin semen,1999.0,2598.0,20.0
499129,2019,blitz,open,,139,Zarnicki Pablo,,2528.0,9.5,,pablo zarnicki,1972.0,2508.0,47.0
499129,2019,blitz,open,,140,Yanchenko Roman,,2531.0,9.5,,roman yanchenko,1996.0,2466.0,23.0
499129,2019,blitz,open,,141,Novikov Stanislav,,2467.0,9.5,,novikov stanislav,1985.0,2518.0,34.0
499129,2019,blitz,open,,142,Reshetnikov Alexey,,2503.0,9.5,,alexey reshetnikov,1988.0,2492.0,31.0
499129,2019,blitz,open,,143,Vishnu Prasanna. V,,2516.0,9.5,,prasanna. v vishnu,1989.0,2382.0,30.0
499129,2019,blitz,open,,144,Suleymanli Aydin,,2388.0,9.5,,aydin suleymanli,2005.0,2664.0,14.0
499129,2019,blitz,open,,145,Baron Tal,,2435.0,9.5,,baron tal,1992.0,2371.0,27.0
499129,2019,blitz,open,,146,Galkin Alexander,,2525.0,9.5,,alexander galkin,1979.0,2611.0,40.0
499129,2019,blitz,open,,147,Triapishko Alexandr,,2486.0,9.5,,alexandr triapishko,2000.0,2437.0,19.0
499129,2019,blitz,open,,148,Atabayev Saparmyrat,,2447.0,9.5,,atabayev saparmyrat,1999.0,2503.0,20.0
499129,2019,blitz,open,,149,Guseinov Gadir,,2593.0,9.5,,gadir guseinov,1986.0,2636.0,33.0
499129,2019,blitz,open,,150,Sjugirov Sanan,,2682.0,9.5,,sanan sjugirov,1993.0,2544.0,26.0
499129,2019,blitz,open,,151,Narayanan Srinath,,2500.0,9.5,,narayanan srinath,1994.0,2516.0,25.0
499129,2019,blitz,open,,152,Sek Konstantin,,2529.0,9.5,,konstantin sek,1989.0,2314.0,30.0
499129,2019,blitz,open,,153,Kryakvin Dmitry,,2497.0,9.5,,dmitry kryakvin,1984.0,2384.0,35.0
499129,2019,blitz,open,,154,Makoveev Ilya,,2293.0,9.5,,ilya makoveev,2006.0,2374.0,13.0
499129,2019,blitz,open,,155,Yilmaz Mustafa,,2485.0,9.0,,mustafa yilmaz,1992.0,2553.0,27.0
499129,2019,blitz,open,,156,Samsonkin Artiom,,2499.0,9.0,,artiom samsonkin,1989.0,2366.0,30.0
499129,2019,blitz,open,,157,Gasanov Eldar,,2538.0,9.0,,eldar gasanov,1982.0,2461.0,37.0
499129,2019,blitz,open,,158,Carlsson Pontus,,2530.0,9.0,,carlsson pontus,1982.0,2450.0,37.0
499129,2019,blitz,open,,159,Belov Vladimir,,2589.0,9.0,,belov vladimir,1984.0,2598.0,35.0
499129,2019,blitz,open,,160,Dragnev Valentin,,2523.0,9.0,,dragnev valentin,1999.0,2544.0,20.0
499129,2019,blitz,open,,161,Ismagambetov Anuar,,2435.0,9.0,,anuar ismagambetov,1986.0,2520.0,33.0
499129,2019,blitz,open,,162,Tengis Tsog-Ochir,,2165.0,9.0,,tengis tsog-ochir,2004.0,2166.0,15.0
499129,2019,blitz,open,,163,Afanasiev Nikita,,2612.0,9.0,,afanasiev nikita,2000.0,2546.0,19.0
499129,2019,blitz,open,,164,Lobanov Sergei,,2394.0,9.0,,lobanov sergei,2001.0,2517.0,18.0
499129,2019,blitz,open,,165,Sutovsky Emil,,2647.0,9.0,,emil sutovsky,1977.0,2592.0,42.0
499129,2019,blitz,open,,166,Xu Xiangyu,,2494.0,9.0,,xiangyu xu,1999.0,2631.0,20.0
499129,2019,blitz,open,,167,Potkin Vladimir,,2524.0,9.0,,potkin vladimir,1982.0,2548.0,37.0
499129,2019,blitz,open,,168,Gutenev Alexander,,2456.0,9.0,,alexander gutenev,1990.0,2455.0,29.0
499129,2019,blitz,open,,169,Potapov Pavel,,2464.0,8.5,,pavel potapov,1990.0,2452.0,29.0
499129,2019,blitz,open,,170,Kovalev Vladislav,,2526.0,8.5,,kovalev vladislav,1994.0,2565.0,25.0
499129,2019,blitz,open,,171,Pogosyan Stefan,,2323.0,8.5,,pogosyan stefan,2004.0,2387.0,15.0
499129,2019,blitz,open,,172,Tsvetkov Andrey,,2177.0,8.5,,andrey tsvetkov,2005.0,2439.0,14.0
499129,2019,blitz,open,,173,Geller Jakov,,2479.0,8.5,,geller jakov,1986.0,2521.0,33.0
499129,2019,blitz,open,,174,Batchuluun Tsegmed,,2352.0,8.5,,batchuluun tsegmed,1987.0,2435.0,32.0
499129,2019,blitz,open,,175,Huzman Alexander,,2544.0,8.5,,alexander huzman,1962.0,2478.0,57.0
499129,2019,blitz,open,,176,Tregubov Pavel V.,,2456.0,8.5,,pavel tregubov v.,1971.0,2538.0,48.0
499129,2019,blitz,open,,177,Tsoi Dmitry,,2469.0,8.5,,dmitry tsoi,2004.0,2371.0,15.0
499129,2019,blitz,open,,178,Krsnik Cohar Ivan Vihor,,2552.0,8.5,,cohar ivan krsnik vihor,1997.0,2353.0,22.0
499129,2019,blitz,open,,179,Yagupov Igor,,2373.0,8.5,,igor yagupov,1965.0,2223.0,54.0
499129,2019,blitz,open,,180,Makarian Rudik,,2274.0,8.5,,makarian rudik,2004.0,2556.0,15.0
499129,2019,blitz,open,,181,Faizrakhmanov Ramil,,2383.0,8.5,,faizrakhmanov ramil,1997.0,2436.0,22.0
499129,2019,blitz,open,,182,Gukesh D,,2360.0,8.5,,d gukesh,2006.0,2703.0,13.0
499129,2019,blitz,open,,183,Belousov Danila,,2374.0,8.5,,belousov danila,1986.0,2233.0,33.0
499129,2019,blitz,open,,184,Gurvich Vitaly,,2380.0,8.5,,gurvich vitaly,2002.0,2251.0,17.0
499129,2019,blitz,open,,185,Deviatkin Andrei,,2448.0,8.0,,andrei deviatkin,1980.0,2442.0,39.0
499129,2019,blitz,open,,186,Gundavaa Bayarsaikhan,,2466.0,8.0,,bayarsaikhan gundavaa,1989.0,2468.0,30.0
499129,2019,blitz,open,,187,Moiseenko Vadim,,2505.0,8.0,,moiseenko vadim,1994.0,2518.0,25.0
499129,2019,blitz,open,,188,Studer Noel,,2394.0,8.0,,noel studer,1996.0,2582.0,23.0
499129,2019,blitz,open,,189,Guliyev Namig,,2584.0,8.0,,guliyev namig,1974.0,2444.0,45.0
499129,2019,blitz,open,,190,Blohberger Felix,,2330.0,8.0,,blohberger felix,2002.0,2552.0,17.0
499129,2019,blitz,open,,191,Guimaraes Diogo Duarte,,2277.0,8.0,,diogo duarte guimaraes,1984.0,2262.0,35.0
499129,2019,blitz,open,,192,Zarubitski Viachaslau,,2267.0,8.0,,viachaslau zarubitski,2002.0,2392.0,17.0
499129,2019,blitz,open,,193,Luukkonen Tommi,,2269.0,8.0,,luukkonen tommi,1977.0,2210.0,42.0
499129,2019,blitz,open,,194,Mozharov Mikhail,,2606.0,7.5,,mikhail mozharov,1990.0,2513.0,29.0
499129,2019,blitz,open,,195,Mesropov Konstantin,,2360.0,7.5,,konstantin mesropov,1971.0,2463.0,48.0
499129,2019,blitz,open,,196,Mamatov Melis,,2157.0,7.5,,mamatov melis,1996.0,2345.0,23.0
499129,2019,blitz,open,,197,Thing Bibek,,2118.0,7.5,,bibek thing,1995.0,2248.0,24.0
499129,2019,blitz,open,,198,Tissir Mohamed,,2487.0,7.5,,mohamed tissir,1976.0,2300.0,43.0
499129,2019,blitz,open,,199,Mikhailovsky Vladimir,,2504.0,7.5,,mikhailovsky vladimir,1999.0,2215.0,20.0
499129,2019,blitz,open,,200,Al Ghamdi Ahmed M,,2076.0,6.5,,ahmed al ghamdi m,,,
499129,2019,blitz,open,,201,Usov Aleksandr E.,,2271.0,6.0,,aleksandr e. usov,2010.0,2471.0,9.0
499129,2019,blitz,open,,202,Miranda Neto Jayme Amorim,,2193.0,4.5,,amorim jayme miranda neto,1983.0,2089.0,36.0
499129,2019,blitz,open,,203,Al Nhier Hamoud,,1934.0,4.0,,al hamoud nhier,1991.0,1960.0,28.0
499129,2019,blitz,open,,204,Masrahi Abdulrahman A,,1941.0,4.0,,a abdulrahman masrahi,1991.0,2014.0,28.0
499129,2019,blitz,open,,205,Al Mutairi Hassan S,,2115.0,3.5,,al hassan mutairi s,1985.0,1877.0,34.0
499129,2019,blitz,open,,206,Al Thebaiti Ahmed M,,1939.0,3.0,,ahmed al m thebaiti,1992.0,2008.0,27.0
600852,2021,rapid,open,,1,Abdusattorov Nodirbek,UZB,2593.0,9.5,,abdusattorov nodirbek,2004.0,2762.0,17.0
600852,2021,rapid,open,,2,Nepomniachtchi Ian,CFR,2798.0,9.5,,ian nepomniachtchi,1990.0,2719.0,31.0
600852,2021,rapid,open,,3,Carlsen Magnus,NOR,2842.0,9.5,,carlsen magnus,1990.0,2823.0,31.0
600852,2021,rapid,open,,4,Caruana Fabiano,USA,2770.0,9.5,,caruana fabiano,1992.0,2789.0,29.0
600852,2021,rapid,open,,5,Duda Jan-Krzysztof,POL,2801.0,9.0,,duda jan-krzysztof,1998.0,2743.0,23.0
600852,2021,rapid,open,,6,Aronian Levon,USA,2728.0,9.0,,aronian levon,1982.0,2725.0,39.0
600852,2021,rapid,open,,7,Nakamura Hikaru,USA,2836.0,9.0,,hikaru nakamura,1987.0,2792.0,34.0
600852,2021,rapid,open,,8,Mamedyarov Shakhriyar,AZE,2727.0,9.0,,mamedyarov shakhriyar,1985.0,2720.0,36.0
600852,2021,rapid,open,,9,Gukesh D,IND,2050.0,9.0,,d gukesh,2006.0,2703.0,15.0
600852,2021,rapid,open,,10,Rapport Richard,HUN,2750.0,9.0,,rapport richard,1996.0,2726.0,25.0
600852,2021,rapid,open,,11,Karjakin Sergey,CFR,2757.0,9.0,,karjakin sergey,1990.0,2750.0,31.0
600852,2021,rapid,open,,12,Van Foreest Jorden,NED,2563.0,8.5,,foreest jorden van,1999.0,2706.0,22.0
600852,2021,rapid,open,,13,Grischuk Alexander,CFR,2763.0,8.5,,alexander grischuk,1983.0,2628.0,38.0
600852,2021,rapid,open,,14,Fedoseev Vladimir,CFR,2692.0,8.5,,fedoseev vladimir,1995.0,2691.0,26.0
600852,2021,rapid,open,,15,Mitrabha Guha,IND,2107.0,8.5,,guha mitrabha,2001.0,2528.0,20.0
600852,2021,rapid,open,,16,Dubov Daniil,CFR,2735.0,8.5,,daniil dubov,1996.0,2654.0,25.0
600852,2021,rapid,open,,17,Vachier-Lagrave Maxime,FRA,2773.0,8.5,,maxime vachier-lagrave,1990.0,2718.0,31.0
600852,2021,rapid,open,,18,Salem A.R. Saleh,UAE,2729.0,8.5,,a.r. saleh salem,1993.0,2616.0,28.0
600852,2021,rapid,open,,19,Sarana Alexey,CFR,2680.0,8.5,,alexey sarana,2000.0,2666.0,21.0
600852,2021,rapid,open,,20,Firouzja Alireza,FRA,2656.0,8.0,,alireza firouzja,2003.0,2757.0,18.0
600852,2021,rapid,open,,21,Volokitin Andrei,UKR,2631.0,8.0,,andrei volokitin,1986.0,2618.0,35.0
600852,2021,rapid,open,,22,Gelfand Boris,ISR,2648.0,8.0,,boris gelfand,1968.0,2641.0,53.0
600852,2021,rapid,open,,23,Cheparinov Ivan,BUL,2621.0,8.0,,cheparinov ivan,1986.0,2631.0,35.0
600852,2021,rapid,open,,24,Korobov Anton,UKR,2689.0,8.0,,anton korobov,1985.0,2610.0,36.0
600852,2021,rapid,open,,25,Giri Anish,NED,2767.0,8.0,,anish giri,1994.0,2757.0,27.0
600852,2021,rapid,open,,26,Onyshchuk Volodymyr,UKR,2687.0,8.0,,onyshchuk volodymyr,1991.0,2617.0,30.0
600852,2021,rapid,open,,27,Petrosian Tigran L.,ARM,2621.0,8.0,,l. petrosian tigran,1984.0,2522.0,37.0
600852,2021,rapid,open,,28,Efimenko Zahar,UKR,2609.0,8.0,,efimenko zahar,1985.0,2548.0,36.0
600852,2021,rapid,open,,29,Sargsyan Shant,ARM,2344.0,8.0,,sargsyan shant,2002.0,2630.0,19.0
600852,2021,rapid,open,,30,Matlakov Maxim,CFR,2652.0,8.0,,matlakov maxim,1991.0,2596.0,30.0
600852,2021,rapid,open,,31,Sargissian Gabriel,ARM,2693.0,8.0,,gabriel sargissian,1983.0,2610.0,38.0
600852,2021,rapid,open,,32,Shevchenko Kirill,UKR,2508.0,8.0,,kirill shevchenko,2002.0,2653.0,19.0
600852,2021,rapid,open,,33,Martirosyan Haik M.,ARM,2377.0,8.0,,haik m. martirosyan,2000.0,2664.0,21.0
600852,2021,rapid,open,,34,Bluebaum Matthias,GER,2575.0,8.0,,bluebaum matthias,1997.0,2662.0,24.0
600852,2021,rapid,open,,35,Svane Rasmus,GER,2677.0,8.0,,rasmus svane,1997.0,2610.0,24.0
600852,2021,rapid,open,,36,Artemiev Vladislav,CFR,2714.0,8.0,,artemiev vladislav,1998.0,2653.0,23.0
600852,2021,rapid,open,,37,Chigaev Maksim,CFR,2605.0,8.0,,chigaev maksim,1996.0,2629.0,25.0
600852,2021,rapid,open,,38,Howell David W L,ENG,2624.0,8.0,,david howell l w,1990.0,2665.0,31.0
600852,2021,rapid,open,,39,Anton Guijarro David,ESP,2627.0,7.5,,anton david guijarro,1995.0,2632.0,26.0
600852,2021,rapid,open,,40,Jobava Baadur,GEO,2679.0,7.5,,baadur jobava,1983.0,2576.0,38.0
600852,2021,rapid,open,,41,Niemann Hans Moke,USA,2327.0,7.5,,hans moke niemann,2003.0,2725.0,18.0
600852,2021,rapid,open,,42,Hovhannisyan Robert,ARM,2613.0,7.5,,hovhannisyan robert,1991.0,2642.0,30.0
600852,2021,rapid,open,,43,Maghsoodloo Parham,IRI,2512.0,7.5,,maghsoodloo parham,2000.0,2705.0,21.0
600852,2021,rapid,open,,44,Alekseenko Kirill,CFR,2637.0,7.5,,alekseenko kirill,1997.0,2656.0,24.0
600852,2021,rapid,open,,45,Vidit Santosh Gujrathi,IND,2629.0,7.5,,gujrathi santosh vidit,1994.0,2697.0,27.0
600852,2021,rapid,open,,46,Fridman Daniel,GER,2542.0,7.5,,daniel fridman,1976.0,2564.0,45.0
600852,2021,rapid,open,,47,Najer Evgeniy,CFR,2565.0,7.5,,evgeniy najer,1977.0,2580.0,44.0
600852,2021,rapid,open,,48,Mastrovasilis Dimitrios,GRE,2534.0,7.5,,dimitrios mastrovasilis,1983.0,2525.0,38.0
600852,2021,rapid,open,,49,Saric Ivan,CRO,2684.0,7.5,,ivan saric,1990.0,2623.0,31.0
600852,2021,rapid,open,,50,Wojtaszek Radoslaw,POL,2743.0,7.5,,radoslaw wojtaszek,1987.0,2658.0,34.0
600852,2021,rapid,open,,51,Amin Bassem,EGY,2614.0,7.5,,amin bassem,1988.0,2608.0,33.0
600852,2021,rapid,open,,52,Ghaem Maghami Ehsan,IRI,2553.0,7.5,,ehsan ghaem maghami,1982.0,2442.0,39.0
600852,2021,rapid,open,,53,Czarnota Pawel,POL,2511.0,7.5,,czarnota pawel,1988.0,2462.0,33.0
600852,2021,rapid,open,,54,Paravyan David,CFR,2671.0,7.5,,david paravyan,1998.0,2587.0,23.0
600852,2021,rapid,open,,55,Puranik Abhimanyu,IND,2472.0,7.5,,abhimanyu puranik,2000.0,2629.0,21.0
600852,2021,rapid,open,,56,Ponkratov Pavel,CFR,2614.0,7.5,,pavel ponkratov,1988.0,2540.0,33.0
600852,2021,rapid,open,,57,Tari Aryan,NOR,2542.0,7.5,,aryan tari,1999.0,2647.0,22.0
600852,2021,rapid,open,,58,Piorun Kacper,POL,2547.0,7.5,,kacper piorun,1991.0,2532.0,30.0
600852,2021,rapid,open,,59,Gareyev Timur,USA,2578.0,7.0,,gareyev timur,1988.0,2546.0,33.0
600852,2021,rapid,open,,60,Harsha Bharathakoti,IND,2484.0,7.0,,bharathakoti harsha,2000.0,2510.0,21.0
600852,2021,rapid,open,,61,Dudin Gleb,CFR,2247.0,7.0,,dudin gleb,2004.0,2560.0,17.0
600852,2021,rapid,open,,62,Shirov Alexei,ESP,2702.0,7.0,,alexei shirov,1972.0,2603.0,49.0
600852,2021,rapid,open,,63,Sanal Vahap,TUR,2509.0,7.0,,sanal vahap,1998.0,2544.0,23.0
600852,2021,rapid,open,,64,Narayanan.S.L,IND,2482.0,7.0,,narayanan.s.l,,,
600852,2021,rapid,open,,65,Nihal Sarin,IND,2500.0,7.0,,nihal sarin,2004.0,2718.0,17.0
600852,2021,rapid,open,,66,Theodorou Nikolas,GRE,2559.0,7.0,,nikolas theodorou,2000.0,2633.0,21.0
600852,2021,rapid,open,,67,Predke Alexandr,CFR,2630.0,7.0,,alexandr predke,1994.0,2598.0,27.0
600852,2021,rapid,open,,68,Socko Bartosz,POL,2562.0,7.0,,bartosz socko,1978.0,2554.0,43.0
600852,2021,rapid,open,,69,Donchenko Alexander,GER,2535.0,7.0,,alexander donchenko,1998.0,2625.0,23.0
600852,2021,rapid,open,,70,Sankalp Gupta,IND,2266.0,7.0,,gupta sankalp,2003.0,2535.0,18.0
600852,2021,rapid,open,,71,Vakhidov Jakhongir,UZB,2566.0,7.0,,jakhongir vakhidov,1995.0,2527.0,26.0
600852,2021,rapid,open,,72,Antipov Mikhail Al.,CFR,2644.0,7.0,,al. antipov mikhail,1997.0,2628.0,24.0
600852,2021,rapid,open,,73,Pichot Alan,ARG,2523.0,6.5,,alan pichot,1998.0,2565.0,23.0
600852,2021,rapid,open,,74,Demidov Mikhail,CFR,2544.0,6.5,,demidov mikhail,1992.0,2513.0,29.0
600852,2021,rapid,open,,75,Santos Latasa Jaime,ESP,2618.0,6.5,,jaime latasa santos,1996.0,2615.0,25.0
600852,2021,rapid,open,,76,Movsesian Sergei,ARM,2667.0,6.5,,movsesian sergei,1978.0,2594.0,43.0
600852,2021,rapid,open,,77,Kosakowski Jakub,POL,2304.0,6.5,,jakub kosakowski,2002.0,2520.0,19.0
600852,2021,rapid,open,,78,Ivic Velimir,SRB,2357.0,6.5,,ivic velimir,2002.0,2601.0,19.0
600852,2021,rapid,open,,79,Timofeev Artyom,CFR,2591.0,6.5,,artyom timofeev,1985.0,2479.0,36.0
600852,2021,rapid,open,,80,Dreev Aleksey,CFR,2621.0,6.5,,aleksey dreev,1969.0,2577.0,52.0
600852,2021,rapid,open,,81,Alonso Rosell Alvar,ESP,2571.0,6.5,,alonso alvar rosell,1992.0,2560.0,29.0
600852,2021,rapid,open,,82,Gumularz Szymon,POL,2452.0,6.5,,gumularz szymon,2001.0,2608.0,20.0
600852,2021,rapid,open,,83,Babazada Khazar,AZE,2170.0,6.5,,babazada khazar,2005.0,2489.0,16.0
600852,2021,rapid,open,,84,Muradli Mahammad,AZE,2285.0,6.5,,mahammad muradli,2003.0,2653.0,18.0
600852,2021,rapid,open,,85,Parligras Mircea-Emilian,ROU,2550.0,6.5,,mircea-emilian parligras,1980.0,2507.0,41.0
600852,2021,rapid,open,,86,Petrosyan Manuel,ARM,2514.0,6.5,,manuel petrosyan,1998.0,2569.0,23.0
600852,2021,rapid,open,,87,Ter-Sahakyan Samvel,ARM,2573.0,6.5,,samvel ter-sahakyan,1993.0,2613.0,28.0
600852,2021,rapid,open,,88,Demchenko Anton,CFR,2666.0,6.5,,anton demchenko,1987.0,2580.0,34.0
600852,2021,rapid,open,,89,Samunenkov Ihor,UKR,2259.0,6.5,,ihor samunenkov,2009.0,2608.0,12.0
600852,2021,rapid,open,,90,Halkias Stelios,GRE,2576.0,6.5,,halkias stelios,1980.0,2497.0,41.0
600852,2021,rapid,open,,91,Moroni Luca Jr,ITA,2519.0,6.5,,jr luca moroni,2000.0,2556.0,21.0
600852,2021,rapid,open,,92,Adly Ahmed,EGY,2597.0,6.5,,adly ahmed,1987.0,2582.0,34.0
600852,2021,rapid,open,,93,Sindarov Javokhir,UZB,2353.0,6.5,,javokhir sindarov,2005.0,2778.0,16.0
600852,2021,rapid,open,,94,Sychev Klementy,CFR,2461.0,6.5,,klementy sychev,1996.0,2508.0,25.0
600852,2021,rapid,open,,95,Riazantsev Alexander,CFR,2632.0,6.5,,alexander riazantsev,1985.0,2590.0,36.0
600852,2021,rapid,open,,96,Kovalev Vladislav,FID,2647.0,6.5,,kovalev vladislav,1994.0,2565.0,27.0
600852,2021,rapid,open,,97,Sjugirov Sanan,CFR,2634.0,6.5,,sanan sjugirov,1993.0,2544.0,28.0
600852,2021,rapid,open,,98,Kobalia Mikhail,CFR,2543.0,6.5,,kobalia mikhail,1978.0,2529.0,43.0
600852,2021,rapid,open,,99,Harikrishna Pentala,IND,2705.0,6.5,,harikrishna pentala,1986.0,2648.0,35.0
600852,2021,rapid,open,,100,Kozak Adam,HUN,2552.0,6.5,,adam kozak,2002.0,2529.0,19.0
600852,2021,rapid,open,,101,Mamedov Rauf,AZE,2690.0,6.5,,mamedov rauf,1988.0,2631.0,33.0
600852,2021,rapid,open,,102,Smirin Ilia,ISR,2663.0,6.5,,ilia smirin,1968.0,2578.0,53.0
600852,2021,rapid,open,,103,Vokhidov Shamsiddin,UZB,2546.0,6.5,,shamsiddin vokhidov,2002.0,2654.0,19.0
600852,2021,rapid,open,,104,Suleymanli Aydin,AZE,2202.0,6.0,,aydin suleymanli,2005.0,2664.0,16.0
600852,2021,rapid,open,,105,Costachi Mihnea,ROU,2443.0,6.0,,costachi mihnea,2000.0,2459.0,21.0
600852,2021,rapid,open,,106,Indjic Aleksandar,SRB,2544.0,6.0,,aleksandar indjic,1995.0,2598.0,26.0
600852,2021,rapid,open,,107,Corrales Jimenez Fidel,USA,2561.0,6.0,,corrales fidel jimenez,1987.0,2490.0,34.0
600852,2021,rapid,open,,108,Heberla Bartlomiej,POL,2437.0,6.0,,bartlomiej heberla,1985.0,2496.0,36.0
600852,2021,rapid,open,,109,Christiansen Johan-Sebastian,NOR,2522.0,6.0,,christiansen johan-sebastian,1998.0,2656.0,23.0
600852,2021,rapid,open,,110,Erigaisi Arjun,IND,2397.0,6.0,,arjun erigaisi,2003.0,2759.0,18.0
600852,2021,rapid,open,,111,Quparadze Giga,GEO,2583.0,6.0,,giga quparadze,1987.0,2481.0,34.0
600852,2021,rapid,open,,112,Bellahcene Bilel,ALG,2397.0,6.0,,bellahcene bilel,1998.0,2502.0,23.0
600852,2021,rapid,open,,113,Bartel Mateusz,POL,2543.0,6.0,,bartel mateusz,1985.0,2549.0,36.0
600852,2021,rapid,open,,114,Faizrakhmanov Ramil,CFR,2461.0,6.0,,faizrakhmanov ramil,1997.0,2436.0,24.0
600852,2021,rapid,open,,115,Heimann Andreas,GER,2616.0,6.0,,andreas heimann,1992.0,2544.0,29.0
600852,2021,rapid,open,,116,Mikhalevski Victor,ISR,2366.0,6.0,,mikhalevski victor,1972.0,2469.0,49.0
600852,2021,rapid,open,,117,Oparin Grigoriy,CFR,2725.0,6.0,,grigoriy oparin,1997.0,2638.0,24.0
600852,2021,rapid,open,,118,Durarbayli Vasif,AZE,2532.0,6.0,,durarbayli vasif,1992.0,2611.0,29.0
600852,2021,rapid,open,,119,Zvjaginsev Vadim,CFR,2539.0,6.0,,vadim zvjaginsev,1976.0,2522.0,45.0
600852,2021,rapid,open,,120,Gagunashvili Merab,GEO,2538.0,6.0,,gagunashvili merab,1985.0,2520.0,36.0
600852,2021,rapid,open,,121,Postny Evgeny,ISR,2454.0,6.0,,evgeny postny,1981.0,2493.0,40.0
600852,2021,rapid,open,,122,Zilka Stepan,CZE,2474.0,6.0,,stepan zilka,1988.0,2532.0,33.0
600852,2021,rapid,open,,123,Kanarek Marcel,POL,2296.0,6.0,,kanarek marcel,1993.0,2478.0,28.0
600852,2021,rapid,open,,124,Yuffa Daniil,ESP,2514.0,5.5,,daniil yuffa,1997.0,2570.0,24.0
600852,2021,rapid,open,,125,Vastrukhin Oleg,CFR,2382.0,5.5,,oleg vastrukhin,1991.0,2361.0,30.0
600852,2021,rapid,open,,126,Michalik Peter,CZE,2515.0,5.5,,michalik peter,1990.0,2543.0,31.0
600852,2021,rapid,open,,127,Sadhwani Raunak,IND,2454.0,5.5,,raunak sadhwani,2005.0,2645.0,16.0
600852,2021,rapid,open,,128,Jumabayev Rinat,KAZ,2562.0,5.5,,jumabayev rinat,1989.0,2564.0,32.0
600852,2021,rapid,open,,129,Kantor Gergely,HUN,2454.0,5.5,,gergely kantor,1999.0,2537.0,22.0
600852,2021,rapid,open,,130,Holm Kristian Stuvik,NOR,2409.0,5.5,,holm kristian stuvik,1998.0,2500.0,23.0
600852,2021,rapid,open,,131,Shoker Samy,EGY,2550.0,5.5,,samy shoker,1987.0,2446.0,34.0
600852,2021,rapid,open,,132,Wieczorek Oskar,POL,2367.0,5.5,,oskar wieczorek,1994.0,2495.0,27.0
600852,2021,rapid,open,,133,Szpar Milosz,POL,2315.0,5.5,,milosz szpar,2002.0,2507.0,19.0
600852,2021,rapid,open,,134,Gajewski Grzegorz,POL,2496.0,5.5,,gajewski grzegorz,1985.0,2547.0,36.0
600852,2021,rapid,open,,135,Saraci Nderim,KOS,2414.0,5.5,,nderim saraci,1996.0,2453.0,25.0
600852,2021,rapid,open,,136,Cuenca Jimenez Jose Fernando,ESP,2421.0,5.5,,cuenca fernando jimenez jose,1987.0,2471.0,34.0
600852,2021,rapid,open,,137,Blohberger Felix,AUT,2409.0,5.5,,blohberger felix,2002.0,2552.0,19.0
600852,2021,rapid,open,,138,Kuzmicz Krystian,POL,2314.0,5.5,,krystian kuzmicz,1987.0,2454.0,34.0
600852,2021,rapid,open,,139,Nasuta Grzegorz,POL,2345.0,5.5,,grzegorz nasuta,1996.0,2483.0,25.0
600852,2021,rapid,open,,140,Janik Igor,POL,2462.0,5.0,,igor janik,2000.0,2531.0,21.0
600852,2021,rapid,open,,141,Gabuzyan Hovhannes,ARM,2535.0,5.0,,gabuzyan hovhannes,1995.0,2553.0,26.0
600852,2021,rapid,open,,142,Dziuba Marcin,POL,2424.0,5.0,,dziuba marcin,1983.0,2503.0,38.0
600852,2021,rapid,open,,143,Teclaf Pawel,POL,2345.0,5.0,,pawel teclaf,2003.0,2571.0,18.0
600852,2021,rapid,open,,144,Murzin Volodar,CFR,2523.0,5.0,,murzin volodar,2006.0,2656.0,15.0
600852,2021,rapid,open,,145,Jakubowski Krzysztof,POL,2399.0,5.0,,jakubowski krzysztof,1983.0,2417.0,38.0
600852,2021,rapid,open,,146,Erdos Viktor,HUN,2601.0,5.0,,erdos viktor,1987.0,2552.0,34.0
600852,2021,rapid,open,,147,Van Foreest Lucas,NED,2374.0,5.0,,foreest lucas van,2001.0,2555.0,20.0
600852,2021,rapid,open,,148,Klekowski Maciej,POL,2528.0,5.0,,klekowski maciej,1992.0,2470.0,29.0
600852,2021,rapid,open,,149,Krasenkow Michal,POL,2430.0,5.0,,krasenkow michal,1963.0,2505.0,58.0
600852,2021,rapid,open,,150,Lima Darcy,BRA,2505.0,5.0,,darcy lima,1962.0,2379.0,59.0
600852,2021,rapid,open,,151,Thybo Jesper Sondergaard,DEN,2401.0,5.0,,jesper sondergaard thybo,1999.0,2579.0,22.0
600852,2021,rapid,open,,152,Nguyen Thai Dai Van,CZE,2488.0,4.5,,dai nguyen thai van,2001.0,2633.0,20.0
600852,2021,rapid,open,,153,Klimkowski Jan,POL,2211.0,4.5,,jan klimkowski,2007.0,2501.0,14.0
600852,2021,rapid,open,,154,Petrovskyi Vadym,UKR,2282.0,4.5,,petrovskyi vadym,,,
600852,2021,rapid,open,,155,Dragnev Valentin,AUT,2409.0,4.5,,dragnev valentin,1999.0,2544.0,22.0
600852,2021,rapid,open,,156,Nevednichy Vladislav,ROU,2425.0,4.5,,nevednichy vladislav,1969.0,2436.0,52.0
600852,2021,rapid,open,,157,Peng Li Min,UKR,2411.0,4.5,,li min peng,1997.0,2568.0,24.0
600852,2021,rapid,open,,158,Baum Jonasz,POL,2343.0,4.5,,baum jonasz,2004.0,2460.0,17.0
600852,2021,rapid,open,,159,Carlsson Pontus,SWE,2436.0,4.5,,carlsson pontus,1982.0,2450.0,39.0
600852,2021,rapid,open,,160,Kolosowski Mateusz,POL,2371.0,4.5,,kolosowski mateusz,1992.0,2435.0,29.0
600852,2021,rapid,open,,161,Tologontegin Semetey,KGZ,2300.0,4.5,,semetey tologontegin,,,
600852,2021,rapid,open,,162,Aziz Husain,QAT,2430.0,4.0,,aziz husain,1985.0,2256.0,36.0
600852,2021,rapid,open,,163,Tang Andrew,USA,2427.0,4.0,,andrew tang,1999.0,2551.0,22.0
600852,2021,rapid,open,,164,Aditya Mittal,IND,1488.0,4.0,,aditya mittal,2006.0,2610.0,15.0
600852,2021,rapid,open,,165,Sadzikowski Daniel,POL,2414.0,4.0,,daniel sadzikowski,1994.0,2478.0,27.0
600852,2021,rapid,open,,166,Lubczynski Rafal,POL,2289.0,4.0,,lubczynski rafal,1988.0,2391.0,33.0
600852,2021,rapid,open,,167,Dvirnyy Danyyil,ITA,2550.0,4.0,,danyyil dvirnyy,1990.0,2479.0,31.0
600852,2021,rapid,open,,168,Lopusiewicz Piotr,POL,2197.0,4.0,,lopusiewicz piotr,1982.0,2301.0,39.0
600852,2021,rapid,open,,169,Toczek Grzegorz,WLS,2220.0,3.5,,grzegorz toczek,1972.0,2141.0,49.0
600852,2021,rapid,open,,170,Blanco Acevedo Cristobal Jose,VEN,2289.0,3.0,,acevedo blanco cristobal jose,1981.0,2292.0,40.0
600852,2021,rapid,open,,171,Asadli Vugar,AZE,2309.0,2.5,,asadli vugar,2001.0,2545.0,20.0
600852,2021,rapid,open,,172,Kadric Denis,BIH,2542.0,2.5,,denis kadric,1995.0,2513.0,26.0
600852,2021,rapid,open,,173,Yunusov Mukhammad,TJK,1832.0,2.0,,mukhammad yunusov,1999.0,2091.0,22.0
600852,2021,rapid,open,,174,Iturrizaga Bonelli Eduardo,ESP,2634.0,0.0,,bonelli eduardo iturrizaga,1989.0,2595.0,32.0
600854,2021,blitz,open,,1,Vachier-Lagrave Maxime,FRA,2787.0,15.0,,maxime vachier-lagrave,1990.0,2718.0,31.0
600854,2021,blitz,open,,2,Duda Jan-Krzysztof,POL,2792.0,15.0,,duda jan-krzysztof,1998.0,2743.0,23.0
600854,2021,blitz,open,,3,Firouzja Alireza,FRA,2810.0,15.0,,alireza firouzja,2003.0,2757.0,18.0
600854,2021,blitz,open,,4,Dubov Daniil,CFR,2749.0,14.5,,daniil dubov,1996.0,2654.0,25.0
600854,2021,blitz,open,,5,Aronian Levon,USA,2740.0,14.0,,aronian levon,1982.0,2725.0,39.0
600854,2021,blitz,open,,6,Mamedyarov Shakhriyar,AZE,2754.0,14.0,,mamedyarov shakhriyar,1985.0,2720.0,36.0
600854,2021,blitz,open,,7,Artemiev Vladislav,CFR,2830.0,14.0,,artemiev vladislav,1998.0,2653.0,23.0
600854,2021,blitz,open,,8,Sindarov Javokhir,UZB,2452.0,13.5,,javokhir sindarov,2005.0,2778.0,16.0
600854,2021,blitz,open,,9,Fedoseev Vladimir,CFR,2690.0,13.5,,fedoseev vladimir,1995.0,2691.0,26.0
600854,2021,blitz,open,,10,Oparin Grigoriy,CFR,2580.0,13.5,,grigoriy oparin,1997.0,2638.0,24.0
600854,2021,blitz,open,,11,Martirosyan Haik M.,ARM,2707.0,13.5,,haik m. martirosyan,2000.0,2664.0,21.0
600854,2021,blitz,open,,12,Carlsen Magnus,NOR,2892.0,13.5,,carlsen magnus,1990.0,2823.0,31.0
600854,2021,blitz,open,,13,Kravtsiv Martyn,UKR,2638.0,13.5,,kravtsiv martyn,1990.0,2598.0,31.0
600854,2021,blitz,open,,14,Grischuk Alexander,CFR,2757.0,13.5,,alexander grischuk,1983.0,2628.0,38.0
600854,2021,blitz,open,,15,Kobalia Mikhail,CFR,2532.0,13.5,,kobalia mikhail,1978.0,2529.0,43.0
600854,2021,blitz,open,,16,Giri Anish,NED,2778.0,13.5,,anish giri,1994.0,2757.0,27.0
600854,2021,blitz,open,,17,Alekseenko Kirill,CFR,2663.0,13.0,,alekseenko kirill,1997.0,2656.0,24.0
600854,2021,blitz,open,,18,Vidit Santosh Gujrathi,IND,2628.0,13.0,,gujrathi santosh vidit,1994.0,2697.0,27.0
600854,2021,blitz,open,,19,Nihal Sarin,IND,2705.0,13.0,,nihal sarin,2004.0,2718.0,17.0
600854,2021,blitz,open,,20,Sarana Alexey,CFR,2672.0,13.0,,alexey sarana,2000.0,2666.0,21.0
600854,2021,blitz,open,,21,Mamedov Rauf,AZE,2686.0,13.0,,mamedov rauf,1988.0,2631.0,33.0
600854,2021,blitz,open,,22,Dreev Aleksey,CFR,2641.0,13.0,,aleksey dreev,1969.0,2577.0,52.0
600854,2021,blitz,open,,23,Quparadze Giga,GEO,2658.0,13.0,,giga quparadze,1987.0,2481.0,34.0
600854,2021,blitz,open,,24,Erigaisi Arjun,IND,2765.0,12.5,,arjun erigaisi,2003.0,2759.0,18.0
600854,2021,blitz,open,,25,Nepomniachtchi Ian,CFR,2792.0,12.5,,ian nepomniachtchi,1990.0,2719.0,31.0
600854,2021,blitz,open,,26,Muradli Mahammad,AZE,2571.0,12.5,,mahammad muradli,2003.0,2653.0,18.0
600854,2021,blitz,open,,27,Amin Bassem,EGY,2617.0,12.5,,amin bassem,1988.0,2608.0,33.0
600854,2021,blitz,open,,28,Maghsoodloo Parham,IRI,2655.0,12.5,,maghsoodloo parham,2000.0,2705.0,21.0
600854,2021,blitz,open,,29,Svane Rasmus,GER,2643.0,12.5,,rasmus svane,1997.0,2610.0,24.0
600854,2021,blitz,open,,30,Adly Ahmed,EGY,2656.0,12.5,,adly ahmed,1987.0,2582.0,34.0
600854,2021,blitz,open,,31,Cheparinov Ivan,BUL,2594.0,12.5,,cheparinov ivan,1986.0,2631.0,35.0
600854,2021,blitz,open,,32,Gukesh D,IND,2506.0,12.5,,d gukesh,2006.0,2703.0,15.0
600854,2021,blitz,open,,33,Gelfand Boris,ISR,2647.0,12.5,,boris gelfand,1968.0,2641.0,53.0
600854,2021,blitz,open,,34,Donchenko Alexander,GER,2494.0,12.5,,alexander donchenko,1998.0,2625.0,23.0
600854,2021,blitz,open,,35,Sargsyan Shant,ARM,2537.0,12.5,,sargsyan shant,2002.0,2630.0,19.0
600854,2021,blitz,open,,36,Salem A.R. Saleh,UAE,2642.0,12.5,,a.r. saleh salem,1993.0,2616.0,28.0
600854,2021,blitz,open,,37,Indjic Aleksandar,SRB,2603.0,12.5,,aleksandar indjic,1995.0,2598.0,26.0
600854,2021,blitz,open,,38,Niemann Hans Moke,USA,2680.0,12.5,,hans moke niemann,2003.0,2725.0,18.0
600854,2021,blitz,open,,39,Caruana Fabiano,USA,2803.0,12.5,,caruana fabiano,1992.0,2789.0,29.0
600854,2021,blitz,open,,40,Kovalev Vladislav,FID,2527.0,12.5,,kovalev vladislav,1994.0,2565.0,27.0
600854,2021,blitz,open,,41,Matlakov Maxim,CFR,2614.0,12.0,,matlakov maxim,1991.0,2596.0,30.0
600854,2021,blitz,open,,42,Petrosian Tigran L.,ARM,2602.0,12.0,,l. petrosian tigran,1984.0,2522.0,37.0
600854,2021,blitz,open,,43,Onyshchuk Volodymyr,UKR,2657.0,12.0,,onyshchuk volodymyr,1991.0,2617.0,30.0
600854,2021,blitz,open,,44,Murzin Volodar,CFR,2481.0,12.0,,murzin volodar,2006.0,2656.0,15.0
600854,2021,blitz,open,,45,Van Foreest Jorden,NED,2566.0,12.0,,foreest jorden van,1999.0,2706.0,22.0
600854,2021,blitz,open,,46,Abdusattorov Nodirbek,UZB,2686.0,12.0,,abdusattorov nodirbek,2004.0,2762.0,17.0
600854,2021,blitz,open,,47,Vokhidov Shamsiddin,UZB,2613.0,12.0,,shamsiddin vokhidov,2002.0,2654.0,19.0
600854,2021,blitz,open,,48,Sjugirov Sanan,CFR,2589.0,12.0,,sanan sjugirov,1993.0,2544.0,28.0
600854,2021,blitz,open,,49,Asadli Vugar,AZE,2386.0,12.0,,asadli vugar,2001.0,2545.0,20.0
600854,2021,blitz,open,,50,Mastrovasilis Dimitrios,GRE,2577.0,12.0,,dimitrios mastrovasilis,1983.0,2525.0,38.0
600854,2021,blitz,open,,51,Santos Latasa Jaime,ESP,2561.0,11.5,,jaime latasa santos,1996.0,2615.0,25.0
600854,2021,blitz,open,,52,Karjakin Sergey,CFR,2657.0,11.5,,karjakin sergey,1990.0,2750.0,31.0
600854,2021,blitz,open,,53,Tang Andrew,USA,2588.0,11.5,,andrew tang,1999.0,2551.0,22.0
600854,2021,blitz,open,,54,Predke Alexandr,CFR,2627.0,11.5,,alexandr predke,1994.0,2598.0,27.0
600854,2021,blitz,open,,55,Jobava Baadur,GEO,2689.0,11.5,,baadur jobava,1983.0,2576.0,38.0
600854,2021,blitz,open,,56,Zvjaginsev Vadim,CFR,2634.0,11.5,,vadim zvjaginsev,1976.0,2522.0,45.0
600854,2021,blitz,open,,57,Petrosyan Manuel,ARM,2643.0,11.5,,manuel petrosyan,1998.0,2569.0,23.0
600854,2021,blitz,open,,58,Movsesian Sergei,ARM,2615.0,11.5,,movsesian sergei,1978.0,2594.0,43.0
600854,2021,blitz,open,,59,Sargissian Gabriel,ARM,2661.0,11.5,,gabriel sargissian,1983.0,2610.0,38.0
600854,2021,blitz,open,,60,Najer Evgeniy,CFR,2551.0,11.5,,evgeniy najer,1977.0,2580.0,44.0
600854,2021,blitz,open,,61,Timofeev Artyom,CFR,2628.0,11.5,,artyom timofeev,1985.0,2479.0,36.0
600854,2021,blitz,open,,62,Gagunashvili Merab,GEO,2575.0,11.5,,gagunashvili merab,1985.0,2520.0,36.0
600854,2021,blitz,open,,63,Ghaem Maghami Ehsan,IRI,2720.0,11.5,,ehsan ghaem maghami,1982.0,2442.0,39.0
600854,2021,blitz,open,,64,Pichot Alan,ARG,2629.0,11.5,,alan pichot,1998.0,2565.0,23.0
600854,2021,blitz,open,,65,Efimenko Zahar,UKR,2601.0,11.5,,efimenko zahar,1985.0,2548.0,36.0
600854,2021,blitz,open,,66,Sanal Vahap,TUR,2499.0,11.0,,sanal vahap,1998.0,2544.0,23.0
600854,2021,blitz,open,,67,Riazantsev Alexander,CFR,2520.0,11.0,,alexander riazantsev,1985.0,2590.0,36.0
600854,2021,blitz,open,,68,Harsha Bharathakoti,IND,2576.0,11.0,,bharathakoti harsha,2000.0,2510.0,21.0
600854,2021,blitz,open,,69,Czarnota Pawel,POL,2540.0,11.0,,czarnota pawel,1988.0,2462.0,33.0
600854,2021,blitz,open,,70,Korobov Anton,UKR,2710.0,11.0,,anton korobov,1985.0,2610.0,36.0
600854,2021,blitz,open,,71,Hovhannisyan Robert,ARM,2633.0,11.0,,hovhannisyan robert,1991.0,2642.0,30.0
600854,2021,blitz,open,,72,Teclaf Pawel,POL,2431.0,11.0,,pawel teclaf,2003.0,2571.0,18.0
600854,2021,blitz,open,,73,Shevchenko Kirill,UKR,2697.0,11.0,,kirill shevchenko,2002.0,2653.0,19.0
600854,2021,blitz,open,,74,Kantor Gergely,HUN,2517.0,11.0,,gergely kantor,1999.0,2537.0,22.0
600854,2021,blitz,open,,75,Rapport Richard,HUN,2754.0,11.0,,rapport richard,1996.0,2726.0,25.0
600854,2021,blitz,open,,76,Bluebaum Matthias,GER,2609.0,11.0,,bluebaum matthias,1997.0,2662.0,24.0
600854,2021,blitz,open,,77,Anton Guijarro David,ESP,2668.0,11.0,,anton david guijarro,1995.0,2632.0,26.0
600854,2021,blitz,open,,78,Socko Bartosz,POL,2571.0,10.5,,bartosz socko,1978.0,2554.0,43.0
600854,2021,blitz,open,,79,Ter-Sahakyan Samvel,ARM,2565.0,10.5,,samvel ter-sahakyan,1993.0,2613.0,28.0
600854,2021,blitz,open,,80,Gareyev Timur,USA,2548.0,10.5,,gareyev timur,1988.0,2546.0,33.0
600854,2021,blitz,open,,81,Piorun Kacper,POL,2535.0,10.5,,kacper piorun,1991.0,2532.0,30.0
600854,2021,blitz,open,,82,Saraci Nderim,KOS,2479.0,10.5,,nderim saraci,1996.0,2453.0,25.0
600854,2021,blitz,open,,83,Michalik Peter,CZE,2605.0,10.5,,michalik peter,1990.0,2543.0,31.0
600854,2021,blitz,open,,84,Harikrishna Pentala,IND,2614.0,10.5,,harikrishna pentala,1986.0,2648.0,35.0
600854,2021,blitz,open,,85,Durarbayli Vasif,AZE,2599.0,10.5,,durarbayli vasif,1992.0,2611.0,29.0
600854,2021,blitz,open,,86,Sadhwani Raunak,IND,2562.0,10.5,,raunak sadhwani,2005.0,2645.0,16.0
600854,2021,blitz,open,,87,Sychev Klementy,CFR,2615.0,10.5,,klementy sychev,1996.0,2508.0,25.0
600854,2021,blitz,open,,88,Tazbir Marcin,POL,2518.0,10.5,,marcin tazbir,1988.0,2489.0,33.0
600854,2021,blitz,open,,89,Mitrabha Guha,IND,2370.0,10.5,,guha mitrabha,2001.0,2528.0,20.0
600854,2021,blitz,open,,90,Vakhidov Jakhongir,UZB,2534.0,10.5,,jakhongir vakhidov,1995.0,2527.0,26.0
600854,2021,blitz,open,,91,Corrales Jimenez Fidel,USA,2555.0,10.5,,corrales fidel jimenez,1987.0,2490.0,34.0
600854,2021,blitz,open,,92,Theodorou Nikolas,GRE,2351.0,10.5,,nikolas theodorou,2000.0,2633.0,21.0
600854,2021,blitz,open,,93,Tari Aryan,NOR,2656.0,10.5,,aryan tari,1999.0,2647.0,22.0
600854,2021,blitz,open,,94,Paravyan David,CFR,2656.0,10.5,,david paravyan,1998.0,2587.0,23.0
600854,2021,blitz,open,,95,Kosakowski Jakub,POL,2340.0,10.5,,jakub kosakowski,2002.0,2520.0,19.0
600854,2021,blitz,open,,96,Shoker Samy,EGY,2529.0,10.5,,samy shoker,1987.0,2446.0,34.0
600854,2021,blitz,open,,97,Alonso Rosell Alvar,ESP,2580.0,10.5,,alonso alvar rosell,1992.0,2560.0,29.0
600854,2021,blitz,open,,98,Bartel Mateusz,POL,2638.0,10.5,,bartel mateusz,1985.0,2549.0,36.0
600854,2021,blitz,open,,99,Ivic Velimir,SRB,2575.0,10.0,,ivic velimir,2002.0,2601.0,19.0
600854,2021,blitz,open,,100,Moroni Luca Jr,ITA,2491.0,10.0,,jr luca moroni,2000.0,2556.0,21.0
600854,2021,blitz,open,,101,Faizrakhmanov Ramil,CFR,2396.0,10.0,,faizrakhmanov ramil,1997.0,2436.0,24.0
600854,2021,blitz,open,,102,Dvirnyy Danyyil,ITA,2531.0,10.0,,danyyil dvirnyy,1990.0,2479.0,31.0
600854,2021,blitz,open,,103,Saric Ivan,CRO,2543.0,10.0,,ivan saric,1990.0,2623.0,31.0
600854,2021,blitz,open,,104,Gajewski Grzegorz,POL,2539.0,10.0,,gajewski grzegorz,1985.0,2547.0,36.0
600854,2021,blitz,open,,105,Bologan Victor,MDA,2472.0,10.0,,bologan victor,1971.0,2590.0,50.0
600854,2021,blitz,open,,106,Howell David W L,ENG,2647.0,10.0,,david howell l w,1990.0,2665.0,31.0
600854,2021,blitz,open,,107,Wojtaszek Radoslaw,POL,2730.0,10.0,,radoslaw wojtaszek,1987.0,2658.0,34.0
600854,2021,blitz,open,,108,Suleymanli Aydin,AZE,2506.0,10.0,,aydin suleymanli,2005.0,2664.0,16.0
600854,2021,blitz,open,,109,Ponkratov Pavel,CFR,2546.0,10.0,,pavel ponkratov,1988.0,2540.0,33.0
600854,2021,blitz,open,,110,Christiansen Johan-Sebastian,NOR,2593.0,10.0,,christiansen johan-sebastian,1998.0,2656.0,23.0
600854,2021,blitz,open,,111,Demchenko Anton,CFR,2531.0,10.0,,anton demchenko,1987.0,2580.0,34.0
600854,2021,blitz,open,,112,Narayanan.S.L,IND,2570.0,10.0,,narayanan.s.l,,,
600854,2021,blitz,open,,113,Szpar Milosz,POL,2285.0,10.0,,milosz szpar,2002.0,2507.0,19.0
600854,2021,blitz,open,,114,Van Foreest Lucas,NED,2521.0,10.0,,foreest lucas van,2001.0,2555.0,20.0
600854,2021,blitz,open,,115,Babazada Khazar,AZE,2302.0,10.0,,babazada khazar,2005.0,2489.0,16.0
600854,2021,blitz,open,,116,Bellahcene Bilel,ALG,2493.0,10.0,,bellahcene bilel,1998.0,2502.0,23.0
600854,2021,blitz,open,,117,Mikhalevski Victor,ISR,2577.0,10.0,,mikhalevski victor,1972.0,2469.0,49.0
600854,2021,blitz,open,,118,Petrovskyi Vadym,UKR,2377.0,10.0,,petrovskyi vadym,,,
600854,2021,blitz,open,,119,Jumabayev Rinat,KAZ,2536.0,9.5,,jumabayev rinat,1989.0,2564.0,32.0
600854,2021,blitz,open,,120,Klekowski Maciej,POL,2444.0,9.5,,klekowski maciej,1992.0,2470.0,29.0
600854,2021,blitz,open,,121,Chigaev Maksim,CFR,2546.0,9.5,,chigaev maksim,1996.0,2629.0,25.0
600854,2021,blitz,open,,122,Zilka Stepan,CZE,2440.0,9.5,,stepan zilka,1988.0,2532.0,33.0
600854,2021,blitz,open,,123,Holm Kristian Stuvik,NOR,2423.0,9.5,,holm kristian stuvik,1998.0,2500.0,23.0
600854,2021,blitz,open,,124,Costachi Mihnea,ROU,2482.0,9.5,,costachi mihnea,2000.0,2459.0,21.0
600854,2021,blitz,open,,125,Nguyen Thai Dai Van,CZE,2446.0,9.5,,dai nguyen thai van,2001.0,2633.0,20.0
600854,2021,blitz,open,,126,Parligras Mircea-Emilian,ROU,2469.0,9.5,,mircea-emilian parligras,1980.0,2507.0,41.0
600854,2021,blitz,open,,127,Janik Igor,POL,2516.0,9.5,,igor janik,2000.0,2531.0,21.0
600854,2021,blitz,open,,128,Samunenkov Ihor,UKR,2348.0,9.5,,ihor samunenkov,2009.0,2608.0,12.0
600854,2021,blitz,open,,129,Halkias Stelios,GRE,2575.0,9.5,,halkias stelios,1980.0,2497.0,41.0
600854,2021,blitz,open,,130,Baum Jonasz,POL,2157.0,9.5,,baum jonasz,2004.0,2460.0,17.0
600854,2021,blitz,open,,131,Puranik Abhimanyu,IND,2437.0,9.0,,abhimanyu puranik,2000.0,2629.0,21.0
600854,2021,blitz,open,,132,Kadric Denis,BIH,2469.0,9.0,,denis kadric,1995.0,2513.0,26.0
600854,2021,blitz,open,,133,Blohberger Felix,AUT,2416.0,9.0,,blohberger felix,2002.0,2552.0,19.0
600854,2021,blitz,open,,134,Yuffa Daniil,ESP,2508.0,9.0,,daniil yuffa,1997.0,2570.0,24.0
600854,2021,blitz,open,,135,Volokitin Andrei,UKR,2547.0,9.0,,andrei volokitin,1986.0,2618.0,35.0
600854,2021,blitz,open,,136,Postny Evgeny,ISR,2521.0,9.0,,evgeny postny,1981.0,2493.0,40.0
600854,2021,blitz,open,,137,Dziuba Marcin,POL,2452.0,9.0,,dziuba marcin,1983.0,2503.0,38.0
600854,2021,blitz,open,,138,Vastrukhin Oleg,CFR,2588.0,9.0,,oleg vastrukhin,1991.0,2361.0,30.0
600854,2021,blitz,open,,139,Nasuta Grzegorz,POL,2377.0,9.0,,grzegorz nasuta,1996.0,2483.0,25.0
600854,2021,blitz,open,,140,Dragnev Valentin,AUT,2396.0,9.0,,dragnev valentin,1999.0,2544.0,22.0
600854,2021,blitz,open,,141,Aditya Mittal,IND,2245.0,9.0,,aditya mittal,2006.0,2610.0,15.0
600854,2021,blitz,open,,142,Nakamura Hikaru,USA,2884.0,8.5,,hikaru nakamura,1987.0,2792.0,34.0
600854,2021,blitz,open,,143,Demidov Mikhail,CFR,2592.0,8.5,,demidov mikhail,1992.0,2513.0,29.0
600854,2021,blitz,open,,144,Peng Li Min,UKR,2412.0,8.5,,li min peng,1997.0,2568.0,24.0
600854,2021,blitz,open,,145,Fridman Daniel,GER,2663.0,8.5,,daniel fridman,1976.0,2564.0,45.0
600854,2021,blitz,open,,146,Thybo Jesper Sondergaard,DEN,2195.0,8.5,,jesper sondergaard thybo,1999.0,2579.0,22.0
600854,2021,blitz,open,,147,Klimkowski Jan,POL,2015.0,8.5,,jan klimkowski,2007.0,2501.0,14.0
600854,2021,blitz,open,,148,Gumularz Szymon,POL,2396.0,8.5,,gumularz szymon,2001.0,2608.0,20.0
600854,2021,blitz,open,,149,Kozak Adam,HUN,2448.0,8.5,,adam kozak,2002.0,2529.0,19.0
600854,2021,blitz,open,,150,Sankalp Gupta,IND,2323.0,8.5,,gupta sankalp,2003.0,2535.0,18.0
600854,2021,blitz,open,,151,Gabuzyan Hovhannes,ARM,2580.0,8.5,,gabuzyan hovhannes,1995.0,2553.0,26.0
600854,2021,blitz,open,,152,Kanarek Marcel,POL,2342.0,8.5,,kanarek marcel,1993.0,2478.0,28.0
600854,2021,blitz,open,,153,Kolosowski Mateusz,POL,2474.0,8.5,,kolosowski mateusz,1992.0,2435.0,29.0
600854,2021,blitz,open,,154,Nevednichy Vladislav,ROU,2379.0,8.5,,nevednichy vladislav,1969.0,2436.0,52.0
600854,2021,blitz,open,,155,Gdanski Jacek,POL,2367.0,8.5,,gdanski jacek,1970.0,2478.0,51.0
600854,2021,blitz,open,,156,Kuzmicz Krystian,POL,2281.0,8.5,,krystian kuzmicz,1987.0,2454.0,34.0
600854,2021,blitz,open,,157,Wieczorek Oskar,POL,2258.0,8.5,,oskar wieczorek,1994.0,2495.0,27.0
600854,2021,blitz,open,,158,Lopusiewicz Piotr,POL,2279.0,8.5,,lopusiewicz piotr,1982.0,2301.0,39.0
600854,2021,blitz,open,,159,Schneider Ilja,GER,2524.0,8.0,,ilja schneider,1984.0,2450.0,37.0
600854,2021,blitz,open,,160,Heimann Andreas,GER,2690.0,8.0,,andreas heimann,1992.0,2544.0,29.0
600854,2021,blitz,open,,161,Berchtenbreiter Maximilian,GER,2552.0,8.0,,berchtenbreiter maximilian,1994.0,2450.0,27.0
600854,2021,blitz,open,,162,Lima Darcy,BRA,2379.0,8.0,,darcy lima,1962.0,2379.0,59.0
600854,2021,blitz,open,,163,Tologontegin Semetey,KGZ,2224.0,8.0,,semetey tologontegin,,,
600854,2021,blitz,open,,164,Sadzikowski Daniel,POL,2415.0,8.0,,daniel sadzikowski,1994.0,2478.0,27.0
600854,2021,blitz,open,,165,Carlsson Pontus,SWE,2516.0,7.5,,carlsson pontus,1982.0,2450.0,39.0
600854,2021,blitz,open,,166,Jakubowski Krzysztof,POL,2373.0,7.5,,jakubowski krzysztof,1983.0,2417.0,38.0
600854,2021,blitz,open,,167,Heberla Bartlomiej,POL,2373.0,7.5,,bartlomiej heberla,1985.0,2496.0,36.0
600854,2021,blitz,open,,168,Krasenkow Michal,POL,2543.0,7.5,,krasenkow michal,1963.0,2505.0,58.0
600854,2021,blitz,open,,169,Lubczynski Rafal,POL,2361.0,7.5,,lubczynski rafal,1988.0,2391.0,33.0
600854,2021,blitz,open,,170,Blanco Acevedo Cristobal Jose,VEN,2350.0,7.0,,acevedo blanco cristobal jose,1981.0,2292.0,40.0
600854,2021,blitz,open,,171,Masternak Grzegorz,POL,2188.0,7.0,,grzegorz masternak,1970.0,2286.0,51.0
600854,2021,blitz,open,,172,Elier Ali,LBA,2194.0,5.5,,ali elier,2001.0,2210.0,20.0
600854,2021,blitz,open,,173,Dudin Gleb,CFR,2339.0,4.5,,dudin gleb,2004.0,2560.0,17.0
600854,2021,blitz,open,,174,Antipov Mikhail Al.,CFR,2587.0,4.5,,al. antipov mikhail,1997.0,2628.0,24.0
600854,2021,blitz,open,,175,Gluszko Tomasz,POL,2086.0,4.5,,gluszko tomasz,1990.0,2187.0,31.0
600854,2021,blitz,open,,176,Yunusov Mukhammad,TJK,1716.0,4.0,,mukhammad yunusov,1999.0,2091.0,22.0
600854,2021,blitz,open,,177,Laith Kasib,IRQ,2010.0,3.5,,kasib laith,1986.0,2066.0,35.0
600854,2021,blitz,open,,178,Erdos Viktor,HUN,2599.0,1.5,,erdos viktor,1987.0,2552.0,34.0
600854,2021,blitz,open,,179,Sallam Sabri Abdul-Mawla,YEM,2194.0,1.5,,abdul-mawla sabri sallam,1973.0,2164.0,48.0
706381,2022,rapid,open,,1,Carlsen Magnus,NOR,2834.0,10.0,,carlsen magnus,1990.0,2823.0,32.0
706381,2022,rapid,open,,2,Keymer Vincent,GER,2590.0,9.5,,keymer vincent,2004.0,2764.0,18.0
706381,2022,rapid,open,,3,Caruana Fabiano,USA,2747.0,9.5,,caruana fabiano,1992.0,2789.0,30.0
706381,2022,rapid,open,,4,Dubov Daniil,FID,2712.0,9.0,,daniil dubov,1996.0,2654.0,26.0
706381,2022,rapid,open,,5,Erigaisi Arjun,IND,2628.0,9.0,,arjun erigaisi,2003.0,2759.0,19.0
706381,2022,rapid,open,,6,Fedoseev Vladimir,FID,2741.0,9.0,,fedoseev vladimir,1995.0,2691.0,27.0
706381,2022,rapid,open,,7,Artemiev Vladislav,FID,2727.0,9.0,,artemiev vladislav,1998.0,2653.0,24.0
706381,2022,rapid,open,,8,Rapport Richard,ROU,2802.0,9.0,,rapport richard,1996.0,2726.0,26.0
706381,2022,rapid,open,,9,Nihal Sarin,IND,2628.0,8.5,,nihal sarin,2004.0,2718.0,18.0
706381,2022,rapid,open,,10,Abdusattorov Nodirbek,UZB,2676.0,8.5,,abdusattorov nodirbek,2004.0,2762.0,18.0
706381,2022,rapid,open,,11,Mamedov Rauf,AZE,2578.0,8.5,,mamedov rauf,1988.0,2631.0,34.0
706381,2022,rapid,open,,12,Giri Anish,NED,2708.0,8.5,,anish giri,1994.0,2757.0,28.0
706381,2022,rapid,open,,13,Duda Jan-Krzysztof,POL,2791.0,8.5,,duda jan-krzysztof,1998.0,2743.0,24.0
706381,2022,rapid,open,,14,Nepomniachtchi Ian,FID,2766.0,8.5,,ian nepomniachtchi,1990.0,2719.0,32.0
706381,2022,rapid,open,,15,Vidit Santosh Gujrathi,IND,2659.0,8.5,,gujrathi santosh vidit,1994.0,2697.0,28.0
706381,2022,rapid,open,,16,Sarana Alexey,FID,2629.0,8.5,,alexey sarana,2000.0,2666.0,22.0
706381,2022,rapid,open,,17,Maghsoodloo Parham,IRI,2656.0,8.5,,maghsoodloo parham,2000.0,2705.0,22.0
706381,2022,rapid,open,,18,Grischuk Alexander,FID,2759.0,8.5,,alexander grischuk,1983.0,2628.0,39.0
706381,2022,rapid,open,,19,Vachier-Lagrave Maxime,FRA,2777.0,8.5,,maxime vachier-lagrave,1990.0,2718.0,32.0
706381,2022,rapid,open,,20,Ganguly Surya Shekhar,IND,2646.0,8.5,,ganguly shekhar surya,1983.0,2562.0,39.0
706381,2022,rapid,open,,21,Chigaev Maksim,FID,2548.0,8.5,,chigaev maksim,1996.0,2629.0,26.0
706381,2022,rapid,open,,22,Le Tuan Minh,VIE,2442.0,8.5,,le minh tuan,2006.0,1677.0,16.0
706381,2022,rapid,open,,23,Murzin Volodar,FID,2534.0,8.0,,murzin volodar,2006.0,2656.0,16.0
706381,2022,rapid,open,,24,Yu Yangyi,CHN,2743.0,8.0,,yangyi yu,1994.0,2710.0,28.0
706381,2022,rapid,open,,25,Petrosyan Manuel,ARM,2539.0,8.0,,manuel petrosyan,1998.0,2569.0,24.0
706381,2022,rapid,open,,26,Tabatabaei M. Amin,IRI,2526.0,8.0,,amin m. tabatabaei,2001.0,2737.0,21.0
706381,2022,rapid,open,,27,Mamedyarov Shakhriyar,AZE,2746.0,8.0,,mamedyarov shakhriyar,1985.0,2720.0,37.0
706381,2022,rapid,open,,28,Svane Rasmus,GER,2641.0,8.0,,rasmus svane,1997.0,2610.0,25.0
706381,2022,rapid,open,,29,Gelfand Boris,ISR,2641.0,8.0,,boris gelfand,1968.0,2641.0,54.0
706381,2022,rapid,open,,30,Andreikin Dmitry,FID,2631.0,8.0,,andreikin dmitry,1990.0,2714.0,32.0
706381,2022,rapid,open,,31,Anton Guijarro David,ESP,2640.0,8.0,,anton david guijarro,1995.0,2632.0,27.0
706381,2022,rapid,open,,32,Salem A.R. Saleh,UAE,2644.0,8.0,,a.r. saleh salem,1993.0,2616.0,29.0
706381,2022,rapid,open,,33,Sadhwani Raunak,IND,2532.0,8.0,,raunak sadhwani,2005.0,2645.0,17.0
706381,2022,rapid,open,,34,Asadli Vugar,AZE,2500.0,8.0,,asadli vugar,2001.0,2545.0,21.0
706381,2022,rapid,open,,35,Esipenko Andrey,FID,2694.0,8.0,,andrey esipenko,2002.0,2680.0,20.0
706381,2022,rapid,open,,36,Najer Evgeniy,FID,2590.0,8.0,,evgeniy najer,1977.0,2580.0,45.0
706381,2022,rapid,open,,37,Yudin Sergei,FID,2454.0,8.0,,sergei yudin,1986.0,2458.0,36.0
706381,2022,rapid,open,,38,Nogerbek Kazybek,KAZ,2409.0,8.0,,kazybek nogerbek,2004.0,2497.0,18.0
706381,2022,rapid,open,,39,Vokhidov Shamsiddin,UZB,2481.0,8.0,,shamsiddin vokhidov,2002.0,2654.0,20.0
706381,2022,rapid,open,,40,Andriasian Zaven,ARM,2624.0,8.0,,andriasian zaven,1989.0,2528.0,33.0
706381,2022,rapid,open,,41,Martirosyan Haik M.,ARM,2575.0,7.5,,haik m. martirosyan,2000.0,2664.0,22.0
706381,2022,rapid,open,,42,Lazavik Denis,FID,2453.0,7.5,,denis lazavik,2006.0,2621.0,16.0
706381,2022,rapid,open,,43,Donchenko Alexander,GER,2597.0,7.5,,alexander donchenko,1998.0,2625.0,24.0
706381,2022,rapid,open,,44,Nakamura Hikaru,USA,2795.0,7.5,,hikaru nakamura,1987.0,2792.0,35.0
706381,2022,rapid,open,,45,Moiseenko Alexander,UKR,2570.0,7.5,,alexander moiseenko,1980.0,2569.0,42.0
706381,2022,rapid,open,,46,Sargissian Gabriel,ARM,2640.0,7.5,,gabriel sargissian,1983.0,2610.0,39.0
706381,2022,rapid,open,,47,Paravyan David,FID,2609.0,7.5,,david paravyan,1998.0,2587.0,24.0
706381,2022,rapid,open,,48,Nesterov Arseniy,FID,2497.0,7.5,,arseniy nesterov,2003.0,2590.0,19.0
706381,2022,rapid,open,,49,Suleymanli Aydin,AZE,2503.0,7.5,,aydin suleymanli,2005.0,2664.0,17.0
706381,2022,rapid,open,,50,Cheng Bobby,AUS,2476.0,7.5,,bobby cheng,1997.0,2570.0,25.0
706381,2022,rapid,open,,51,Yoo Christopher Woojin,USA,2463.0,7.5,,christopher woojin yoo,2006.0,2600.0,16.0
706381,2022,rapid,open,,52,Yilmaz Mustafa,TUR,2521.0,7.5,,mustafa yilmaz,1992.0,2553.0,30.0
706381,2022,rapid,open,,53,Durarbayli Vasif,AZE,2513.0,7.5,,durarbayli vasif,1992.0,2611.0,30.0
706381,2022,rapid,open,,54,Adly Ahmed,EGY,2588.0,7.5,,adly ahmed,1987.0,2582.0,35.0
706381,2022,rapid,open,,55,Quparadze Giga,GEO,2538.0,7.0,,giga quparadze,1987.0,2481.0,35.0
706381,2022,rapid,open,,56,Tomashevsky Evgeny,FID,2628.0,7.0,,evgeny tomashevsky,1987.0,2681.0,35.0
706381,2022,rapid,open,,57,Van Foreest Jorden,NED,2693.0,7.0,,foreest jorden van,1999.0,2706.0,23.0
706381,2022,rapid,open,,58,Gareyev Timur,USA,2617.0,7.0,,gareyev timur,1988.0,2546.0,34.0
706381,2022,rapid,open,,59,Ter-Sahakyan Samvel,ARM,2531.0,7.0,,samvel ter-sahakyan,1993.0,2613.0,29.0
706381,2022,rapid,open,,60,Maze Sebastien,FRA,2574.0,7.0,,maze sebastien,1984.0,2482.0,38.0
706381,2022,rapid,open,,61,Predke Alexandr,FID,2584.0,7.0,,alexandr predke,1994.0,2598.0,28.0
706381,2022,rapid,open,,62,Shimanov Aleksandr,FID,2616.0,7.0,,aleksandr shimanov,1992.0,2578.0,30.0
706381,2022,rapid,open,,63,Amin Bassem,EGY,2567.0,7.0,,amin bassem,1988.0,2608.0,34.0
706381,2022,rapid,open,,64,Tsydypov Zhamsaran,FID,2550.0,7.0,,tsydypov zhamsaran,1996.0,2509.0,26.0
706381,2022,rapid,open,,65,Ponkratov Pavel,FID,2569.0,7.0,,pavel ponkratov,1988.0,2540.0,34.0
706381,2022,rapid,open,,66,Sargsyan Shant,ARM,2561.0,7.0,,sargsyan shant,2002.0,2630.0,20.0
706381,2022,rapid,open,,67,Indjic Aleksandar,SRB,2547.0,7.0,,aleksandar indjic,1995.0,2598.0,27.0
706381,2022,rapid,open,,68,Bluebaum Matthias,GER,2617.0,7.0,,bluebaum matthias,1997.0,2662.0,25.0
706381,2022,rapid,open,,69,Sindarov Javokhir,UZB,2596.0,7.0,,javokhir sindarov,2005.0,2778.0,17.0
706381,2022,rapid,open,,70,Gharibyan Mamikon,ARM,2382.0,7.0,,gharibyan mamikon,2004.0,2481.0,18.0
706381,2022,rapid,open,,71,Nguyen Thai Dai Van,CZE,2534.0,7.0,,dai nguyen thai van,2001.0,2633.0,21.0
706381,2022,rapid,open,,72,Kobalia Mikhail,FID,2534.0,7.0,,kobalia mikhail,1978.0,2529.0,44.0
706381,2022,rapid,open,,73,Cheparinov Ivan,BUL,2652.0,7.0,,cheparinov ivan,1986.0,2631.0,36.0
706381,2022,rapid,open,,74,Daneshvar Bardiya,IRI,2419.0,7.0,,bardiya daneshvar,2006.0,2572.0,16.0
706381,2022,rapid,open,,75,Pantsulaia Levan,GEO,2522.0,7.0,,levan pantsulaia,1986.0,2492.0,36.0
706381,2022,rapid,open,,76,Uskov Artem,FID,2396.0,7.0,,artem uskov,2010.0,2537.0,12.0
706381,2022,rapid,open,,77,Petrov Nikita,FID,2519.0,7.0,,nikita petrov,1996.0,2565.0,26.0
706381,2022,rapid,open,,78,Harikrishna Pentala,IND,2646.0,7.0,,harikrishna pentala,1986.0,2648.0,36.0
706381,2022,rapid,open,,79,Pranav V,IND,2430.0,7.0,,pranav v,2008.0,1624.0,14.0
706381,2022,rapid,open,,80,Muradli Mahammad,AZE,2447.0,7.0,,mahammad muradli,2003.0,2653.0,19.0
706381,2022,rapid,open,,81,Vallejo Pons Francisco,ESP,2682.0,7.0,,francisco pons vallejo,1982.0,2644.0,40.0
706381,2022,rapid,open,,82,Adhiban B.,IND,2538.0,7.0,,adhiban b.,1992.0,2574.0,30.0
706381,2022,rapid,open,,83,Tin Jingyao,SGP,2462.0,7.0,,jingyao tin,2000.0,2584.0,22.0
706381,2022,rapid,open,,84,Ansat Aldiyar,KAZ,2291.0,7.0,,aldiyar ansat,2008.0,2495.0,14.0
706381,2022,rapid,open,,85,Madaminov Mukhiddin,UZB,2337.0,7.0,,madaminov mukhiddin,2006.0,2611.0,16.0
706381,2022,rapid,open,,86,Narayanan S.L.,IND,2605.0,7.0,,narayanan s.l.,,,
706381,2022,rapid,open,,87,Tang Andrew,USA,2439.0,7.0,,andrew tang,1999.0,2551.0,23.0
706381,2022,rapid,open,,88,Yakubboev Nodirbek,UZB,2573.0,6.5,,nodirbek yakubboev,2002.0,2685.0,20.0
706381,2022,rapid,open,,89,Zhigalko Sergei,FID,2612.0,6.5,,sergei zhigalko,1989.0,2572.0,33.0
706381,2022,rapid,open,,90,Petrosian Tigran L.,ARM,2623.0,6.5,,l. petrosian tigran,1984.0,2522.0,38.0
706381,2022,rapid,open,,91,Puranik Abhimanyu,IND,2549.0,6.5,,abhimanyu puranik,2000.0,2629.0,22.0
706381,2022,rapid,open,,92,Suleymenov Alisher,KAZ,2440.0,6.5,,alisher suleymenov,2000.0,2498.0,22.0
706381,2022,rapid,open,,93,Tologon Tegin Semetei,KGZ,2319.0,6.5,,semetei tegin tologon,1990.0,2288.0,32.0
706381,2022,rapid,open,,94,Moussard Jules,FRA,2625.0,6.5,,jules moussard,1995.0,2602.0,27.0
706381,2022,rapid,open,,95,Hovhannisyan Robert,ARM,2630.0,6.5,,hovhannisyan robert,1991.0,2642.0,31.0
706381,2022,rapid,open,,96,Ivic Velimir,SRB,2489.0,6.5,,ivic velimir,2002.0,2601.0,20.0
706381,2022,rapid,open,,97,Gadimbayli Abdulla,AZE,2399.0,6.5,,abdulla gadimbayli,2002.0,2505.0,20.0
706381,2022,rapid,open,,98,Suyarov Mukhammadzokhid,UZB,2089.0,6.5,,mukhammadzokhid suyarov,2009.0,2540.0,13.0
706381,2022,rapid,open,,99,Makarian Rudik,FID,2466.0,6.5,,makarian rudik,2004.0,2556.0,18.0
706381,2022,rapid,open,,100,Niemann Hans Moke,USA,2592.0,6.0,,hans moke niemann,2003.0,2725.0,19.0
706381,2022,rapid,open,,101,Sanal Vahap,TUR,2547.0,6.0,,sanal vahap,1998.0,2544.0,24.0
706381,2022,rapid,open,,102,Kovalev Vladislav,FID,2523.0,6.0,,kovalev vladislav,1994.0,2565.0,28.0
706381,2022,rapid,open,,103,Savchenko Boris,FID,2592.0,6.0,,boris savchenko,1986.0,2466.0,36.0
706381,2022,rapid,open,,104,Urazayev Arystanbek,KAZ,2535.0,6.0,,arystanbek urazayev,1998.0,2488.0,24.0
706381,2022,rapid,open,,105,Aravindh Chithambaram Vr.,IND,2576.0,6.0,,aravindh chithambaram vr.,1999.0,2677.0,23.0
706381,2022,rapid,open,,106,Sankalp Gupta,IND,2402.0,6.0,,gupta sankalp,2003.0,2535.0,19.0
706381,2022,rapid,open,,107,Ghaem Maghami Ehsan,IRI,2549.0,6.0,,ehsan ghaem maghami,1982.0,2442.0,40.0
706381,2022,rapid,open,,108,Dragnev Valentin,AUT,2444.0,6.0,,dragnev valentin,1999.0,2544.0,23.0
706381,2022,rapid,open,,109,Dardha Daniel,BEL,2511.0,6.0,,daniel dardha,2005.0,2608.0,17.0
706381,2022,rapid,open,,110,Sapenov Daniyal,KAZ,2312.0,6.0,,daniyal sapenov,2008.0,2510.0,14.0
706381,2022,rapid,open,,111,Utegaliyev Azamat,KAZ,2415.0,6.0,,azamat utegaliyev,1991.0,2419.0,31.0
706381,2022,rapid,open,,112,Makhnev Denis,KAZ,2513.0,6.0,,denis makhnev,2000.0,2568.0,22.0
706381,2022,rapid,open,,113,Tari Aryan,NOR,2556.0,6.0,,aryan tari,1999.0,2647.0,23.0
706381,2022,rapid,open,,114,Fedorov Alexei,FID,2531.0,6.0,,alexei fedorov,1972.0,2385.0,50.0
706381,2022,rapid,open,,115,Hambleton Aman,CAN,2450.0,6.0,,aman hambleton,1992.0,2420.0,30.0
706381,2022,rapid,open,,116,Jumabayev Rinat,KAZ,2531.0,6.0,,jumabayev rinat,1989.0,2564.0,33.0
706381,2022,rapid,open,,117,Riazantsev Alexander,FID,2570.0,6.0,,alexander riazantsev,1985.0,2590.0,37.0
706381,2022,rapid,open,,118,Svane Frederik,GER,2466.0,6.0,,frederik svane,2004.0,2655.0,18.0
706381,2022,rapid,open,,119,Aleksandrov Aleksej,FID,2450.0,6.0,,aleksandrov aleksej,1973.0,2444.0,49.0
706381,2022,rapid,open,,120,Sjugirov Sanan,FID,2584.0,5.5,,sanan sjugirov,1993.0,2544.0,29.0
706381,2022,rapid,open,,121,Harsha Bharathakoti,IND,2574.0,5.5,,bharathakoti harsha,2000.0,2510.0,22.0
706381,2022,rapid,open,,122,Idani Pouya,IRI,2523.0,5.5,,idani pouya,1995.0,2615.0,27.0
706381,2022,rapid,open,,123,Matlakov Maxim,FID,2671.0,5.5,,matlakov maxim,1991.0,2596.0,31.0
706381,2022,rapid,open,,124,Brunello Sabino,ITA,2725.0,5.5,,brunello sabino,1989.0,2536.0,33.0
706381,2022,rapid,open,,125,Agmanov Zhandos,KAZ,2403.0,5.5,,agmanov zhandos,2000.0,2490.0,22.0
706381,2022,rapid,open,,126,Harutyunyan Tigran K.,ARM,2441.0,5.5,,harutyunyan k. tigran,1997.0,2505.0,25.0
706381,2022,rapid,open,,127,Kadric Denis,MNE,2482.0,5.5,,denis kadric,1995.0,2513.0,27.0
706381,2022,rapid,open,,128,Gurel Ediz,TUR,2345.0,5.5,,ediz gurel,2008.0,2636.0,14.0
706381,2022,rapid,open,,129,Zhalmakhanov Ramazan,KAZ,2399.0,5.5,,ramazan zhalmakhanov,2002.0,2455.0,20.0
706381,2022,rapid,open,,130,Vakhidov Jakhongir,UZB,2530.0,5.5,,jakhongir vakhidov,1995.0,2527.0,27.0
706381,2022,rapid,open,,131,Batsuren Dambasuren,MGL,2430.0,5.5,,batsuren dambasuren,2004.0,2504.0,18.0
706381,2022,rapid,open,,132,Khusnutdinov Rustam,KAZ,2432.0,5.5,,khusnutdinov rustam,1987.0,2433.0,35.0
706381,2022,rapid,open,,133,Narayanan Srinath,IND,2518.0,5.5,,narayanan srinath,1994.0,2516.0,28.0
706381,2022,rapid,open,,134,Christiansen Johan-Sebastian,NOR,2513.0,5.5,,christiansen johan-sebastian,1998.0,2656.0,24.0
706381,2022,rapid,open,,135,Munkhgal Gombosuren,MGL,2413.0,5.5,,gombosuren munkhgal,1988.0,2310.0,34.0
706381,2022,rapid,open,,136,Ghasi Ameet K,ENG,2536.0,5.5,,ameet ghasi k,1987.0,2490.0,35.0
706381,2022,rapid,open,,137,Demchenko Anton,FID,2565.0,5.0,,anton demchenko,1987.0,2580.0,35.0
706381,2022,rapid,open,,138,Shankland Sam,USA,2657.0,5.0,,sam shankland,1991.0,2646.0,31.0
706381,2022,rapid,open,,139,Amilal Munkhdalai,MGL,2225.0,5.0,,amilal munkhdalai,2006.0,2491.0,16.0
706381,2022,rapid,open,,140,Tsaruk Maksim,FID,2334.0,5.0,,maksim tsaruk,2005.0,2487.0,17.0
706381,2022,rapid,open,,141,Lintchevski Daniil,FID,2520.0,5.0,,daniil lintchevski,1990.0,2499.0,32.0
706381,2022,rapid,open,,142,Bilguun Sumiya,MGL,2468.0,5.0,,bilguun sumiya,1997.0,2414.0,25.0
706381,2022,rapid,open,,143,Burmakin Vladimir,FID,2412.0,5.0,,burmakin vladimir,1967.0,2384.0,55.0
706381,2022,rapid,open,,144,Arjun Kalyan,IND,2426.0,5.0,,arjun kalyan,2002.0,2509.0,20.0
706381,2022,rapid,open,,145,Alonso Rosell Alvar,ESP,2472.0,5.0,,alonso alvar rosell,1992.0,2560.0,30.0
706381,2022,rapid,open,,146,Zverev Lev,FID,2257.0,5.0,,lev zverev,2010.0,2497.0,12.0
706381,2022,rapid,open,,147,Mamatov Melis,KGZ,2299.0,5.0,,mamatov melis,1996.0,2345.0,26.0
706381,2022,rapid,open,,148,Petkov Momchil,BUL,2411.0,5.0,,momchil petkov,2005.0,2544.0,17.0
706381,2022,rapid,open,,149,Kostenko Petr,KAZ,2404.0,5.0,,kostenko petr,1976.0,2345.0,46.0
706381,2022,rapid,open,,150,Saraci Nderim,KOS,2441.0,5.0,,nderim saraci,1996.0,2453.0,26.0
706381,2022,rapid,open,,151,Haldorsen Benjamin,NOR,2349.0,5.0,,benjamin haldorsen,1999.0,2443.0,23.0
706381,2022,rapid,open,,152,Elier Ali,LBA,2188.0,5.0,,ali elier,2001.0,2210.0,21.0
706381,2022,rapid,open,,153,Abdilkhair Abilmansur,KAZ,2171.0,5.0,,abdilkhair abilmansur,2003.0,2348.0,19.0
706381,2022,rapid,open,,154,Khusenkhojaev Mustafokhuja,TJK,2161.0,4.5,,khusenkhojaev mustafokhuja,1998.0,2404.0,24.0
706381,2022,rapid,open,,155,Averin Nikolay,FID,2240.0,4.5,,averin nikolay,2010.0,2430.0,12.0
706381,2022,rapid,open,,156,Damjanovic Vuk,SRB,2266.0,4.5,,damjanovic vuk,2006.0,2414.0,16.0
706381,2022,rapid,open,,157,Kazakov Konstantin,KAZ,2311.0,4.5,,kazakov konstantin,1993.0,2266.0,29.0
706381,2022,rapid,open,,158,Vetokhin Savva,FID,2358.0,4.5,,savva vetokhin,2009.0,2555.0,13.0
706381,2022,rapid,open,,159,Everett Elijah,WLS,2125.0,4.5,,elijah everett,1998.0,2174.0,24.0
706381,2022,rapid,open,,160,Rakhmanov Aleksandr,FID,2633.0,4.0,,aleksandr rakhmanov,1989.0,2597.0,33.0
706381,2022,rapid,open,,161,Sychev Klementy,FID,2489.0,4.0,,klementy sychev,1996.0,2508.0,26.0
706381,2022,rapid,open,,162,Jobava Baadur,GEO,2688.0,4.0,,baadur jobava,1983.0,2576.0,39.0
706381,2022,rapid,open,,163,Khripachenko Alexander,FID,2348.0,4.0,,alexander khripachenko,2007.0,2384.0,15.0
706381,2022,rapid,open,,164,Degenbaev Aziz,KGZ,2039.0,4.0,,aziz degenbaev,2005.0,2293.0,17.0
706381,2022,rapid,open,,165,Begmuratov Khumoyun,UZB,2292.0,4.0,,begmuratov khumoyun,2010.0,2514.0,12.0
706381,2022,rapid,open,,166,Mamedov Edgar,KAZ,2157.0,4.0,,edgar mamedov,2010.0,2474.0,12.0
706381,2022,rapid,open,,167,Postlmayer Jakob,AUT,2182.0,4.0,,jakob postlmayer,2002.0,2442.0,20.0
706381,2022,rapid,open,,168,Shishkov Andrei,EST,2272.0,4.0,,andrei shishkov,1978.0,2353.0,44.0
706381,2022,rapid,open,,169,Amangeldy Ernur,KAZ,1952.0,4.0,,amangeldy ernur,2008.0,2288.0,14.0
706381,2022,rapid,open,,170,Uruci Endrit,KOS,2353.0,4.0,,endrit uruci,2000.0,2312.0,22.0
706381,2022,rapid,open,,171,Nurgaliyev Sauat,KAZ,2016.0,3.5,,nurgaliyev sauat,2010.0,2493.0,12.0
706381,2022,rapid,open,,172,Akhilbay Imangali,KAZ,1963.0,3.5,,akhilbay imangali,2008.0,2352.0,14.0
706381,2022,rapid,open,,173,Suleimen Ergali,KAZ,2046.0,3.5,,ergali suleimen,2008.0,2376.0,14.0
706381,2022,rapid,open,,174,Hansen Eric,CAN,2579.0,3.0,,eric hansen,1992.0,2609.0,30.0
706381,2022,rapid,open,,175,Naiditsch Arkadij,AZE,2596.0,3.0,,arkadij naiditsch,1985.0,2574.0,37.0
706381,2022,rapid,open,,176,Korelskiy Egor,FID,2256.0,3.0,,egor korelskiy,2011.0,2168.0,11.0
706381,2022,rapid,open,,177,Tulendinov Dinmukhammed,KAZ,1986.0,3.0,,dinmukhammed tulendinov,2011.0,2244.0,11.0
706381,2022,rapid,open,,178,Nissinen Niilo Man,HKG,1905.0,2.0,,man niilo nissinen,2006.0,2354.0,16.0
706383,2022,blitz,open,,1,Carlsen Magnus,NOR,2830.0,16.0,,carlsen magnus,1990.0,2823.0,32.0
706383,2022,blitz,open,,2,Nakamura Hikaru,USA,2909.0,15.0,,hikaru nakamura,1987.0,2792.0,35.0
706383,2022,blitz,open,,3,Martirosyan Haik M.,ARM,2745.0,15.0,,haik m. martirosyan,2000.0,2664.0,22.0
706383,2022,blitz,open,,4,Giri Anish,NED,2792.0,14.5,,anish giri,1994.0,2757.0,28.0
706383,2022,blitz,open,,5,Duda Jan-Krzysztof,POL,2773.0,14.5,,duda jan-krzysztof,1998.0,2743.0,24.0
706383,2022,blitz,open,,6,Dubov Daniil,FID,2792.0,14.5,,daniil dubov,1996.0,2654.0,26.0
706383,2022,blitz,open,,7,Sarana Alexey,FID,2708.0,14.5,,alexey sarana,2000.0,2666.0,22.0
706383,2022,blitz,open,,8,Fedoseev Vladimir,FID,2733.0,14.0,,fedoseev vladimir,1995.0,2691.0,27.0
706383,2022,blitz,open,,9,Rapport Richard,ROU,2654.0,14.0,,rapport richard,1996.0,2726.0,26.0
706383,2022,blitz,open,,10,Artemiev Vladislav,FID,2803.0,13.5,,artemiev vladislav,1998.0,2653.0,24.0
706383,2022,blitz,open,,11,Andreikin Dmitry,FID,2735.0,13.5,,andreikin dmitry,1990.0,2714.0,32.0
706383,2022,blitz,open,,12,Nepomniachtchi Ian,FID,2782.0,13.5,,ian nepomniachtchi,1990.0,2719.0,32.0
706383,2022,blitz,open,,13,Keymer Vincent,GER,2600.0,13.5,,keymer vincent,2004.0,2764.0,18.0
706383,2022,blitz,open,,14,Salem A.R. Saleh,UAE,2633.0,13.5,,a.r. saleh salem,1993.0,2616.0,29.0
706383,2022,blitz,open,,15,Caruana Fabiano,USA,2847.0,13.0,,caruana fabiano,1992.0,2789.0,30.0
706383,2022,blitz,open,,16,Lazavik Denis,FID,2484.0,13.0,,denis lazavik,2006.0,2621.0,16.0
706383,2022,blitz,open,,17,Harikrishna Pentala,IND,2617.0,13.0,,harikrishna pentala,1986.0,2648.0,36.0
706383,2022,blitz,open,,18,Nihal Sarin,IND,2702.0,13.0,,nihal sarin,2004.0,2718.0,18.0
706383,2022,blitz,open,,19,Abdusattorov Nodirbek,UZB,2666.0,13.0,,abdusattorov nodirbek,2004.0,2762.0,18.0
706383,2022,blitz,open,,20,Dardha Daniel,BEL,2528.0,13.0,,daniel dardha,2005.0,2608.0,17.0
706383,2022,blitz,open,,21,Indjic Aleksandar,SRB,2616.0,13.0,,aleksandar indjic,1995.0,2598.0,27.0
706383,2022,blitz,open,,22,Vakhidov Jakhongir,UZB,2507.0,13.0,,jakhongir vakhidov,1995.0,2527.0,27.0
706383,2022,blitz,open,,23,Yu Yangyi,CHN,2807.0,12.5,,yangyi yu,1994.0,2710.0,28.0
706383,2022,blitz,open,,24,Shimanov Aleksandr,FID,2605.0,12.5,,aleksandr shimanov,1992.0,2578.0,30.0
706383,2022,blitz,open,,25,Moussard Jules,FRA,2606.0,12.5,,jules moussard,1995.0,2602.0,27.0
706383,2022,blitz,open,,26,Riazantsev Alexander,FID,2595.0,12.5,,alexander riazantsev,1985.0,2590.0,37.0
706383,2022,blitz,open,,27,Mamedov Rauf,AZE,2649.0,12.5,,mamedov rauf,1988.0,2631.0,34.0
706383,2022,blitz,open,,28,Anton Guijarro David,ESP,2585.0,12.5,,anton david guijarro,1995.0,2632.0,27.0
706383,2022,blitz,open,,29,Matlakov Maxim,FID,2674.0,12.5,,matlakov maxim,1991.0,2596.0,31.0
706383,2022,blitz,open,,30,Grischuk Alexander,FID,2763.0,12.5,,alexander grischuk,1983.0,2628.0,39.0
706383,2022,blitz,open,,31,Vachier-Lagrave Maxime,FRA,2771.0,12.5,,maxime vachier-lagrave,1990.0,2718.0,32.0
706383,2022,blitz,open,,32,Andriasian Zaven,ARM,2625.0,12.5,,andriasian zaven,1989.0,2528.0,33.0
706383,2022,blitz,open,,33,Petrosian Tigran L.,ARM,2632.0,12.5,,l. petrosian tigran,1984.0,2522.0,38.0
706383,2022,blitz,open,,34,Esipenko Andrey,FID,2620.0,12.5,,andrey esipenko,2002.0,2680.0,20.0
706383,2022,blitz,open,,35,Murzin Volodar,FID,2586.0,12.5,,murzin volodar,2006.0,2656.0,16.0
706383,2022,blitz,open,,36,Suleymanli Aydin,AZE,2481.0,12.5,,aydin suleymanli,2005.0,2664.0,17.0
706383,2022,blitz,open,,37,Tang Andrew,USA,2582.0,12.5,,andrew tang,1999.0,2551.0,23.0
706383,2022,blitz,open,,38,Sargsyan Shant,ARM,2602.0,12.5,,sargsyan shant,2002.0,2630.0,20.0
706383,2022,blitz,open,,39,Yakubboev Nodirbek,UZB,2560.0,12.5,,nodirbek yakubboev,2002.0,2685.0,20.0
706383,2022,blitz,open,,40,Madaminov Mukhiddin,UZB,2333.0,12.0,,madaminov mukhiddin,2006.0,2611.0,16.0
706383,2022,blitz,open,,41,Yoo Christopher Woojin,USA,2463.0,12.0,,christopher woojin yoo,2006.0,2600.0,16.0
706383,2022,blitz,open,,42,Erigaisi Arjun,IND,2750.0,12.0,,arjun erigaisi,2003.0,2759.0,19.0
706383,2022,blitz,open,,43,Kobalia Mikhail,FID,2662.0,12.0,,kobalia mikhail,1978.0,2529.0,44.0
706383,2022,blitz,open,,44,Gelfand Boris,ISR,2620.0,12.0,,boris gelfand,1968.0,2641.0,54.0
706383,2022,blitz,open,,45,Amin Bassem,EGY,2713.0,12.0,,amin bassem,1988.0,2608.0,34.0
706383,2022,blitz,open,,46,Sychev Klementy,FID,2563.0,12.0,,klementy sychev,1996.0,2508.0,26.0
706383,2022,blitz,open,,47,Niemann Hans Moke,USA,2632.0,12.0,,hans moke niemann,2003.0,2725.0,19.0
706383,2022,blitz,open,,48,Pantsulaia Levan,GEO,2563.0,12.0,,levan pantsulaia,1986.0,2492.0,36.0
706383,2022,blitz,open,,49,Adhiban B.,IND,2613.0,12.0,,adhiban b.,1992.0,2574.0,30.0
706383,2022,blitz,open,,50,Zhigalko Sergei,FID,2662.0,12.0,,sergei zhigalko,1989.0,2572.0,33.0
706383,2022,blitz,open,,51,Quparadze Giga,GEO,2587.0,11.5,,giga quparadze,1987.0,2481.0,35.0
706383,2022,blitz,open,,52,Sanal Vahap,TUR,2576.0,11.5,,sanal vahap,1998.0,2544.0,24.0
706383,2022,blitz,open,,53,Shankland Sam,USA,2612.0,11.5,,sam shankland,1991.0,2646.0,31.0
706383,2022,blitz,open,,54,Ponkratov Pavel,FID,2539.0,11.5,,pavel ponkratov,1988.0,2540.0,34.0
706383,2022,blitz,open,,55,Le Tuan Minh,VIE,2530.0,11.5,,le minh tuan,2006.0,1677.0,16.0
706383,2022,blitz,open,,56,Tsydypov Zhamsaran,FID,2593.0,11.5,,tsydypov zhamsaran,1996.0,2509.0,26.0
706383,2022,blitz,open,,57,Maghsoodloo Parham,IRI,2672.0,11.5,,maghsoodloo parham,2000.0,2705.0,22.0
706383,2022,blitz,open,,58,Pranav V,IND,2440.0,11.5,,pranav v,2008.0,1624.0,14.0
706383,2022,blitz,open,,59,Sargissian Gabriel,ARM,2559.0,11.5,,gabriel sargissian,1983.0,2610.0,39.0
706383,2022,blitz,open,,60,Aravindh Chithambaram Vr.,IND,2586.0,11.5,,aravindh chithambaram vr.,1999.0,2677.0,23.0
706383,2022,blitz,open,,61,Nguyen Thai Dai Van,CZE,2534.0,11.5,,dai nguyen thai van,2001.0,2633.0,21.0
706383,2022,blitz,open,,62,Tari Aryan,NOR,2620.0,11.5,,aryan tari,1999.0,2647.0,23.0
706383,2022,blitz,open,,63,Svane Rasmus,GER,2674.0,11.5,,rasmus svane,1997.0,2610.0,25.0
706383,2022,blitz,open,,64,Ter-Sahakyan Samvel,ARM,2585.0,11.5,,samvel ter-sahakyan,1993.0,2613.0,29.0
706383,2022,blitz,open,,65,Muradli Mahammad,AZE,2610.0,11.5,,mahammad muradli,2003.0,2653.0,19.0
706383,2022,blitz,open,,66,Gareyev Timur,USA,2553.0,11.5,,gareyev timur,1988.0,2546.0,34.0
706383,2022,blitz,open,,67,Mamedyarov Shakhriyar,AZE,2733.0,11.0,,mamedyarov shakhriyar,1985.0,2720.0,37.0
706383,2022,blitz,open,,68,Cheparinov Ivan,BUL,2623.0,11.0,,cheparinov ivan,1986.0,2631.0,36.0
706383,2022,blitz,open,,69,Petrosyan Manuel,ARM,2560.0,11.0,,manuel petrosyan,1998.0,2569.0,24.0
706383,2022,blitz,open,,70,Tomashevsky Evgeny,FID,2698.0,11.0,,evgeny tomashevsky,1987.0,2681.0,35.0
706383,2022,blitz,open,,71,Hansen Eric,CAN,2568.0,11.0,,eric hansen,1992.0,2609.0,30.0
706383,2022,blitz,open,,72,Ganguly Surya Shekhar,IND,2530.0,11.0,,ganguly shekhar surya,1983.0,2562.0,39.0
706383,2022,blitz,open,,73,Alonso Rosell Alvar,ESP,2514.0,11.0,,alonso alvar rosell,1992.0,2560.0,30.0
706383,2022,blitz,open,,74,Chigaev Maksim,FID,2542.0,11.0,,chigaev maksim,1996.0,2629.0,26.0
706383,2022,blitz,open,,75,Makhnev Denis,KAZ,2507.0,11.0,,denis makhnev,2000.0,2568.0,22.0
706383,2022,blitz,open,,76,Adly Ahmed,EGY,2605.0,11.0,,adly ahmed,1987.0,2582.0,35.0
706383,2022,blitz,open,,77,Vallejo Pons Francisco,ESP,2644.0,11.0,,francisco pons vallejo,1982.0,2644.0,40.0
706383,2022,blitz,open,,78,Jobava Baadur,GEO,2582.0,11.0,,baadur jobava,1983.0,2576.0,39.0
706383,2022,blitz,open,,79,Vokhidov Shamsiddin,UZB,2597.0,11.0,,shamsiddin vokhidov,2002.0,2654.0,20.0
706383,2022,blitz,open,,80,Ghaem Maghami Ehsan,IRI,2596.0,11.0,,ehsan ghaem maghami,1982.0,2442.0,40.0
706383,2022,blitz,open,,81,Fedorov Alexei,FID,2488.0,11.0,,alexei fedorov,1972.0,2385.0,50.0
706383,2022,blitz,open,,82,Paravyan David,FID,2551.0,10.5,,david paravyan,1998.0,2587.0,24.0
706383,2022,blitz,open,,83,Bluebaum Matthias,GER,2634.0,10.5,,bluebaum matthias,1997.0,2662.0,25.0
706383,2022,blitz,open,,84,Sadhwani Raunak,IND,2657.0,10.5,,raunak sadhwani,2005.0,2645.0,17.0
706383,2022,blitz,open,,85,Daneshvar Bardiya,IRI,2428.0,10.5,,bardiya daneshvar,2006.0,2572.0,16.0
706383,2022,blitz,open,,86,Dragnev Valentin,AUT,2523.0,10.5,,dragnev valentin,1999.0,2544.0,23.0
706383,2022,blitz,open,,87,Nogerbek Kazybek,KAZ,2487.0,10.5,,kazybek nogerbek,2004.0,2497.0,18.0
706383,2022,blitz,open,,88,Van Foreest Jorden,NED,2663.0,10.5,,foreest jorden van,1999.0,2706.0,23.0
706383,2022,blitz,open,,89,Tin Jingyao,SGP,2462.0,10.5,,jingyao tin,2000.0,2584.0,22.0
706383,2022,blitz,open,,90,Vidit Santosh Gujrathi,IND,2669.0,10.5,,gujrathi santosh vidit,1994.0,2697.0,28.0
706383,2022,blitz,open,,91,Yudin Sergei,FID,2599.0,10.5,,sergei yudin,1986.0,2458.0,36.0
706383,2022,blitz,open,,92,Svane Frederik,GER,2466.0,10.5,,frederik svane,2004.0,2655.0,18.0
706383,2022,blitz,open,,93,Agmanov Zhandos,KAZ,2389.0,10.5,,agmanov zhandos,2000.0,2490.0,22.0
706383,2022,blitz,open,,94,Batsuren Dambasuren,MGL,2409.0,10.5,,batsuren dambasuren,2004.0,2504.0,18.0
706383,2022,blitz,open,,95,Lintchevski Daniil,FID,2589.0,10.5,,daniil lintchevski,1990.0,2499.0,32.0
706383,2022,blitz,open,,96,Cheng Bobby,AUS,2476.0,10.5,,bobby cheng,1997.0,2570.0,25.0
706383,2022,blitz,open,,97,Narayanan S.L.,IND,2562.0,10.5,,narayanan s.l.,,,
706383,2022,blitz,open,,98,Maze Sebastien,FRA,2431.0,10.5,,maze sebastien,1984.0,2482.0,38.0
706383,2022,blitz,open,,99,Sjugirov Sanan,FID,2613.0,10.5,,sanan sjugirov,1993.0,2544.0,29.0
706383,2022,blitz,open,,100,Tabatabaei M. Amin,IRI,2551.0,10.0,,amin m. tabatabaei,2001.0,2737.0,21.0
706383,2022,blitz,open,,101,Predke Alexandr,FID,2616.0,10.0,,alexandr predke,1994.0,2598.0,28.0
706383,2022,blitz,open,,102,Kovalev Vladislav,FID,2556.0,10.0,,kovalev vladislav,1994.0,2565.0,28.0
706383,2022,blitz,open,,103,Nesterov Arseniy,FID,2477.0,10.0,,arseniy nesterov,2003.0,2590.0,19.0
706383,2022,blitz,open,,104,Gharibyan Mamikon,ARM,2401.0,10.0,,gharibyan mamikon,2004.0,2481.0,18.0
706383,2022,blitz,open,,105,Idani Pouya,IRI,2610.0,10.0,,idani pouya,1995.0,2615.0,27.0
706383,2022,blitz,open,,106,Isanzhulov Arystan,KAZ,2383.0,10.0,,arystan isanzhulov,2003.0,2385.0,19.0
706383,2022,blitz,open,,107,Urazayev Arystanbek,KAZ,2464.0,10.0,,arystanbek urazayev,1998.0,2488.0,24.0
706383,2022,blitz,open,,108,Donchenko Alexander,GER,2581.0,10.0,,alexander donchenko,1998.0,2625.0,24.0
706383,2022,blitz,open,,109,Christiansen Johan-Sebastian,NOR,2501.0,10.0,,christiansen johan-sebastian,1998.0,2656.0,24.0
706383,2022,blitz,open,,110,Hambleton Aman,CAN,2538.0,10.0,,aman hambleton,1992.0,2420.0,30.0
706383,2022,blitz,open,,111,Yilmaz Mustafa,TUR,2564.0,10.0,,mustafa yilmaz,1992.0,2553.0,30.0
706383,2022,blitz,open,,112,Munkhgal Gombosuren,MGL,2577.0,10.0,,gombosuren munkhgal,1988.0,2310.0,34.0
706383,2022,blitz,open,,113,Narayanan Srinath,IND,2459.0,10.0,,narayanan srinath,1994.0,2516.0,28.0
706383,2022,blitz,open,,114,Durarbayli Vasif,AZE,2576.0,9.5,,durarbayli vasif,1992.0,2611.0,30.0
706383,2022,blitz,open,,115,Petrov Nikita,FID,2531.0,9.5,,nikita petrov,1996.0,2565.0,26.0
706383,2022,blitz,open,,116,Asadli Vugar,AZE,2635.0,9.5,,asadli vugar,2001.0,2545.0,21.0
706383,2022,blitz,open,,117,Ghasi Ameet K,ENG,2587.0,9.5,,ameet ghasi k,1987.0,2490.0,35.0
706383,2022,blitz,open,,118,Sindarov Javokhir,UZB,2639.0,9.5,,javokhir sindarov,2005.0,2778.0,17.0
706383,2022,blitz,open,,119,Jumabayev Rinat,KAZ,2583.0,9.5,,jumabayev rinat,1989.0,2564.0,33.0
706383,2022,blitz,open,,120,Hovhannisyan Robert,ARM,2570.0,9.5,,hovhannisyan robert,1991.0,2642.0,31.0
706383,2022,blitz,open,,121,Najer Evgeniy,FID,2566.0,9.5,,evgeniy najer,1977.0,2580.0,45.0
706383,2022,blitz,open,,122,Aleksandrov Aleksej,FID,2391.0,9.5,,aleksandrov aleksej,1973.0,2444.0,49.0
706383,2022,blitz,open,,123,Khusnutdinov Rustam,KAZ,2510.0,9.5,,khusnutdinov rustam,1987.0,2433.0,35.0
706383,2022,blitz,open,,124,Zhalmakhanov Ramazan,KAZ,2432.0,9.5,,ramazan zhalmakhanov,2002.0,2455.0,20.0
706383,2022,blitz,open,,125,Kazakov Konstantin,KAZ,2379.0,9.5,,kazakov konstantin,1993.0,2266.0,29.0
706383,2022,blitz,open,,126,Puranik Abhimanyu,IND,2506.0,9.5,,abhimanyu puranik,2000.0,2629.0,22.0
706383,2022,blitz,open,,127,Harutyunyan Tigran K.,ARM,2426.0,9.5,,harutyunyan k. tigran,1997.0,2505.0,25.0
706383,2022,blitz,open,,128,Abdilkhair Abilmansur,KAZ,2157.0,9.5,,abdilkhair abilmansur,2003.0,2348.0,19.0
706383,2022,blitz,open,,129,Kadric Denis,MNE,2657.0,9.0,,denis kadric,1995.0,2513.0,27.0
706383,2022,blitz,open,,130,Moiseenko Alexander,UKR,2577.0,9.0,,alexander moiseenko,1980.0,2569.0,42.0
706383,2022,blitz,open,,131,Bilguun Sumiya,MGL,2365.0,9.0,,bilguun sumiya,1997.0,2414.0,25.0
706383,2022,blitz,open,,132,Ivic Velimir,SRB,2614.0,9.0,,ivic velimir,2002.0,2601.0,20.0
706383,2022,blitz,open,,133,Makarian Rudik,FID,2440.0,9.0,,makarian rudik,2004.0,2556.0,18.0
706383,2022,blitz,open,,134,Saraci Nderim,KOS,2549.0,9.0,,nderim saraci,1996.0,2453.0,26.0
706383,2022,blitz,open,,135,Averin Nikolay,FID,2231.0,9.0,,averin nikolay,2010.0,2430.0,12.0
706383,2022,blitz,open,,136,Sankalp Gupta,IND,2438.0,9.0,,gupta sankalp,2003.0,2535.0,19.0
706383,2022,blitz,open,,137,Damjanovic Vuk,SRB,2439.0,9.0,,damjanovic vuk,2006.0,2414.0,16.0
706383,2022,blitz,open,,138,Suyarov Mukhammadzokhid,UZB,2217.0,9.0,,mukhammadzokhid suyarov,2009.0,2540.0,13.0
706383,2022,blitz,open,,139,Amilal Munkhdalai,MGL,2144.0,9.0,,amilal munkhdalai,2006.0,2491.0,16.0
706383,2022,blitz,open,,140,Gadimbayli Abdulla,AZE,2399.0,9.0,,abdulla gadimbayli,2002.0,2505.0,20.0
706383,2022,blitz,open,,141,Begmuratov Khumoyun,UZB,2267.0,9.0,,begmuratov khumoyun,2010.0,2514.0,12.0
706383,2022,blitz,open,,142,Ansat Aldiyar,KAZ,2302.0,8.5,,aldiyar ansat,2008.0,2495.0,14.0
706383,2022,blitz,open,,143,Brunello Sabino,ITA,2641.0,8.5,,brunello sabino,1989.0,2536.0,33.0
706383,2022,blitz,open,,144,Tsaruk Maksim,FID,2330.0,8.5,,maksim tsaruk,2005.0,2487.0,17.0
706383,2022,blitz,open,,145,Khripachenko Alexander,FID,2301.0,8.5,,alexander khripachenko,2007.0,2384.0,15.0
706383,2022,blitz,open,,146,Kostenko Petr,KAZ,2365.0,8.5,,kostenko petr,1976.0,2345.0,46.0
706383,2022,blitz,open,,147,Zverev Lev,FID,2333.0,8.5,,lev zverev,2010.0,2497.0,12.0
706383,2022,blitz,open,,148,Harsha Bharathakoti,IND,2527.0,8.5,,bharathakoti harsha,2000.0,2510.0,22.0
706383,2022,blitz,open,,149,Arjun Kalyan,IND,2426.0,8.5,,arjun kalyan,2002.0,2509.0,20.0
706383,2022,blitz,open,,150,Bologan Victor,MDA,2525.0,8.5,,bologan victor,1971.0,2590.0,51.0
706383,2022,blitz,open,,151,Burmakin Vladimir,FID,2513.0,8.5,,burmakin vladimir,1967.0,2384.0,55.0
706383,2022,blitz,open,,152,Sapenov Daniyal,KAZ,2060.0,8.5,,daniyal sapenov,2008.0,2510.0,14.0
706383,2022,blitz,open,,153,Khusenkhojaev Mustafokhuja,TJK,2217.0,8.5,,khusenkhojaev mustafokhuja,1998.0,2404.0,24.0
706383,2022,blitz,open,,154,Postlmayer Jakob,AUT,2182.0,8.5,,jakob postlmayer,2002.0,2442.0,20.0
706383,2022,blitz,open,,155,Tologon Tegin Semetei,KGZ,2264.0,8.5,,semetei tegin tologon,1990.0,2288.0,32.0
706383,2022,blitz,open,,156,Savchenko Boris,FID,2577.0,8.0,,boris savchenko,1986.0,2466.0,36.0
706383,2022,blitz,open,,157,Uskov Artem,FID,2401.0,8.0,,artem uskov,2010.0,2537.0,12.0
706383,2022,blitz,open,,158,Vetokhin Savva,FID,2312.0,8.0,,savva vetokhin,2009.0,2555.0,13.0
706383,2022,blitz,open,,159,Petkov Momchil,BUL,2411.0,8.0,,momchil petkov,2005.0,2544.0,17.0
706383,2022,blitz,open,,160,Haldorsen Benjamin,NOR,2389.0,8.0,,benjamin haldorsen,1999.0,2443.0,23.0
706383,2022,blitz,open,,161,Degenbaev Aziz,KGZ,2039.0,8.0,,aziz degenbaev,2005.0,2293.0,17.0
706383,2022,blitz,open,,162,Shishkov Andrei,EST,2230.0,8.0,,andrei shishkov,1978.0,2353.0,44.0
706383,2022,blitz,open,,163,Suleymenov Alisher,KAZ,2351.0,7.5,,alisher suleymenov,2000.0,2498.0,22.0
706383,2022,blitz,open,,164,Utegaliyev Azamat,KAZ,2405.0,7.5,,azamat utegaliyev,1991.0,2419.0,31.0
706383,2022,blitz,open,,165,Gurel Ediz,TUR,2345.0,7.5,,ediz gurel,2008.0,2636.0,14.0
706383,2022,blitz,open,,166,Mamedov Edgar,KAZ,2034.0,7.5,,edgar mamedov,2010.0,2474.0,12.0
706383,2022,blitz,open,,167,Korelskiy Egor,FID,2307.0,7.5,,egor korelskiy,2011.0,2168.0,11.0
706383,2022,blitz,open,,168,Mamatov Melis,KGZ,2299.0,7.5,,mamatov melis,1996.0,2345.0,26.0
706383,2022,blitz,open,,169,Uruci Endrit,KOS,2379.0,7.0,,endrit uruci,2000.0,2312.0,22.0
706383,2022,blitz,open,,170,Suleimen Ergali,KAZ,2050.0,7.0,,ergali suleimen,2008.0,2376.0,14.0
706383,2022,blitz,open,,171,Elier Ali,LBA,2173.0,6.5,,ali elier,2001.0,2210.0,21.0
706383,2022,blitz,open,,172,Akhilbay Imangali,KAZ,2003.0,6.0,,akhilbay imangali,2008.0,2352.0,14.0
706383,2022,blitz,open,,173,Amangeldy Ernur,KAZ,2023.0,5.5,,amangeldy ernur,2008.0,2288.0,14.0
706383,2022,blitz,open,,174,Everett Elijah,WLS,2146.0,5.5,,elijah everett,1998.0,2174.0,24.0
706383,2022,blitz,open,,175,Nissinen Niilo Man,HKG,1896.0,5.0,,man niilo nissinen,2006.0,2354.0,16.0
706383,2022,blitz,open,,176,Tulendinov Dinmukhammed,KAZ,1931.0,0.0,,dinmukhammed tulendinov,2011.0,2244.0,11.0
864782,2023,rapid,open,,1,"Carlsen, Magnus",NOR,2818.0,10.0,,carlsen magnus,1990.0,2823.0,33.0
864782,2023,rapid,open,,2,"Fedoseev, Vladimir",SLO,2716.0,9.5,,fedoseev vladimir,1995.0,2691.0,28.0
864782,2023,rapid,open,,3,"Yu, Yangyi",CHN,2699.0,9.0,,yangyi yu,1994.0,2710.0,29.0
864782,2023,rapid,open,,4,"Vidit, Santosh Gujrathi",IND,2691.0,9.0,,gujrathi santosh vidit,1994.0,2697.0,29.0
864782,2023,rapid,open,,5,"Murzin, Volodar",FID,2547.0,9.0,,murzin volodar,2006.0,2656.0,17.0
864782,2023,rapid,open,,6,"Vachier-Lagrave, Maxime",FRA,2767.0,9.0,,maxime vachier-lagrave,1990.0,2718.0,33.0
864782,2023,rapid,open,,7,"Dubov, Daniil",FID,2712.0,9.0,,daniil dubov,1996.0,2654.0,27.0
864782,2023,rapid,open,,8,"Praggnanandhaa, R",IND,2706.0,9.0,,praggnanandhaa r,2005.0,2761.0,18.0
864782,2023,rapid,open,,9,"Andreikin, Dmitry",FID,2629.0,9.0,,andreikin dmitry,1990.0,2714.0,33.0
864782,2023,rapid,open,,10,"Grischuk, Alexander",FID,2678.0,9.0,,alexander grischuk,1983.0,2628.0,40.0
864782,2023,rapid,open,,11,"Abdusattorov, Nodirbek",UZB,2727.0,9.0,,abdusattorov nodirbek,2004.0,2762.0,19.0
864782,2023,rapid,open,,12,"Svidler, Peter",FID,2737.0,9.0,,peter svidler,1976.0,2682.0,47.0
864782,2023,rapid,open,,13,"Caruana, Fabiano",USA,2762.0,9.0,,caruana fabiano,1992.0,2789.0,31.0
864782,2023,rapid,open,,14,"Maghsoodloo, Parham",IRI,2644.0,9.0,,maghsoodloo parham,2000.0,2705.0,23.0
864782,2023,rapid,open,,15,"Erigaisi, Arjun",IND,2654.0,8.5,,arjun erigaisi,2003.0,2759.0,20.0
864782,2023,rapid,open,,16,"Cheparinov, Ivan",BUL,2618.0,8.5,,cheparinov ivan,1986.0,2631.0,37.0
864782,2023,rapid,open,,17,"Matlakov, Maxim",FID,2616.0,8.5,,matlakov maxim,1991.0,2596.0,32.0
864782,2023,rapid,open,,18,"Korobov, Anton",UKR,2601.0,8.5,,anton korobov,1985.0,2610.0,38.0
864782,2023,rapid,open,,19,"Rapport, Richard",ROU,2735.0,8.5,,rapport richard,1996.0,2726.0,27.0
864782,2023,rapid,open,,20,"Tomashevsky, Evgeny",FID,2642.0,8.5,,evgeny tomashevsky,1987.0,2681.0,36.0
864782,2023,rapid,open,,21,"Dardha, Daniel",BEL,2543.0,8.5,,daniel dardha,2005.0,2608.0,18.0
864782,2023,rapid,open,,22,"Van Foreest, Jorden",NED,2655.0,8.5,,foreest jorden van,1999.0,2706.0,24.0
864782,2023,rapid,open,,23,"Artemiev, Vladislav",FID,2721.0,8.5,,artemiev vladislav,1998.0,2653.0,25.0
864782,2023,rapid,open,,24,"Giri, Anish",NED,2698.0,8.5,,anish giri,1994.0,2757.0,29.0
864782,2023,rapid,open,,25,"Gukesh, D",IND,2656.0,8.5,,d gukesh,2006.0,2703.0,17.0
864782,2023,rapid,open,,26,"Niemann, Hans Moke",USA,2606.0,8.5,,hans moke niemann,2003.0,2725.0,20.0
864782,2023,rapid,open,,27,"Bharath, Subramaniyam H",IND,2426.0,8.0,,bharath h subramaniyam,2007.0,2605.0,16.0
864782,2023,rapid,open,,28,"Grigoriants, Sergey",HUN,2493.0,8.0,,grigoriants sergey,1983.0,2546.0,40.0
864782,2023,rapid,open,,29,"Narayanan, S L",IND,2586.0,8.0,,l narayanan s,1998.0,2555.0,25.0
864782,2023,rapid,open,,30,"Vakhidov, Jakhongir",UZB,2527.0,8.0,,jakhongir vakhidov,1995.0,2527.0,28.0
864782,2023,rapid,open,,31,"Lazavik, Denis",FID,2509.0,8.0,,denis lazavik,2006.0,2621.0,17.0
864782,2023,rapid,open,,32,"Idani, Pouya",IRI,2516.0,8.0,,idani pouya,1995.0,2615.0,28.0
864782,2023,rapid,open,,33,"Makhnev, Denis",KAZ,2504.0,8.0,,denis makhnev,2000.0,2568.0,23.0
864782,2023,rapid,open,,34,"Nepomniachtchi, Ian",FID,2778.0,8.0,,ian nepomniachtchi,1990.0,2719.0,33.0
864782,2023,rapid,open,,35,"Anton Guijarro, David",ESP,2625.0,8.0,,anton david guijarro,1995.0,2632.0,28.0
864782,2023,rapid,open,,36,"Nihal, Sarin",IND,2667.0,8.0,,nihal sarin,2004.0,2718.0,19.0
864782,2023,rapid,open,,37,"Aronian, Levon",USA,2762.0,8.0,,aronian levon,1982.0,2725.0,41.0
864782,2023,rapid,open,,38,"Sindarov, Javokhir",UZB,2625.0,8.0,,javokhir sindarov,2005.0,2778.0,18.0
864782,2023,rapid,open,,39,"Radjabov, Teimour",AZE,2691.0,8.0,,radjabov teimour,1987.0,2689.0,36.0
864782,2023,rapid,open,,40,"Bocharov, Dmitry",FID,2515.0,8.0,,bocharov dmitry,1982.0,2510.0,41.0
864782,2023,rapid,open,,41,"Vokhidov, Shamsiddin",UZB,2527.0,8.0,,shamsiddin vokhidov,2002.0,2654.0,21.0
864782,2023,rapid,open,,42,"Gurel, Ediz",TUR,2313.0,8.0,,ediz gurel,2008.0,2636.0,15.0
864782,2023,rapid,open,,43,"Sargsyan, Shant",ARM,2591.0,8.0,,sargsyan shant,2002.0,2630.0,21.0
864782,2023,rapid,open,,44,"Madaminov, Mukhiddin",UZB,2415.0,8.0,,madaminov mukhiddin,2006.0,2611.0,17.0
864782,2023,rapid,open,,45,"Duda, Jan-Krzysztof",POL,2772.0,8.0,,duda jan-krzysztof,1998.0,2743.0,25.0
864782,2023,rapid,open,,46,"Keymer, Vincent",GER,2631.0,7.5,,keymer vincent,2004.0,2764.0,19.0
864782,2023,rapid,open,,47,"Daneshvar, Bardiya",IRI,2470.0,7.5,,bardiya daneshvar,2006.0,2572.0,17.0
864782,2023,rapid,open,,48,"Petrosian, Tigran L.",ARM,2604.0,7.5,,l. petrosian tigran,1984.0,2522.0,39.0
864782,2023,rapid,open,,49,"Holt, Conrad",USA,2548.0,7.5,,conrad holt,1993.0,2532.0,30.0
864782,2023,rapid,open,,50,"Quparadze, Giga",GEO,2559.0,7.5,,giga quparadze,1987.0,2481.0,36.0
864782,2023,rapid,open,,51,"Bai, Jinshi",CHN,2540.0,7.5,,bai jinshi,1999.0,2600.0,24.0
864782,2023,rapid,open,,52,"Tari, Aryan",NOR,2540.0,7.5,,aryan tari,1999.0,2647.0,24.0
864782,2023,rapid,open,,53,"Grebnev, Aleksey",FID,2461.0,7.5,,aleksey grebnev,2006.0,2614.0,17.0
864782,2023,rapid,open,,54,"Brunello, Sabino",ITA,2651.0,7.5,,brunello sabino,1989.0,2536.0,34.0
864782,2023,rapid,open,,55,"Najer, Evgeniy",FID,2579.0,7.5,,evgeniy najer,1977.0,2580.0,46.0
864782,2023,rapid,open,,56,"Suleymanli, Aydin",AZE,2517.0,7.5,,aydin suleymanli,2005.0,2664.0,18.0
864782,2023,rapid,open,,57,"Mitrabha, Guha",IND,2436.0,7.5,,guha mitrabha,2001.0,2528.0,22.0
864782,2023,rapid,open,,58,"Makarian, Rudik",FID,2493.0,7.5,,makarian rudik,2004.0,2556.0,19.0
864782,2023,rapid,open,,59,"Hong, Andrew",USA,2539.0,7.5,,andrew hong,2004.0,2598.0,19.0
864782,2023,rapid,open,,60,"Gokerkan, Cem Kaan",TUR,2365.0,7.5,,cem gokerkan kaan,2000.0,2511.0,23.0
864782,2023,rapid,open,,61,"Nigmatov, Ortik",UZB,2398.0,7.5,,nigmatov ortik,2000.0,2484.0,23.0
864782,2023,rapid,open,,62,"Pranav, V",IND,2472.0,7.5,,pranav v,2008.0,1624.0,15.0
864782,2023,rapid,open,,63,"Predke, Alexandr",SRB,2586.0,7.5,,alexandr predke,1994.0,2598.0,29.0
864782,2023,rapid,open,,64,"Demchenko, Anton",SLO,2538.0,7.5,,anton demchenko,1987.0,2580.0,36.0
864782,2023,rapid,open,,65,"Suleymenov, Alisher",KAZ,2446.0,7.5,,alisher suleymenov,2000.0,2498.0,23.0
864782,2023,rapid,open,,66,"Sanal, Vahap",TUR,2526.0,7.5,,sanal vahap,1998.0,2544.0,25.0
864782,2023,rapid,open,,67,"Chigaev, Maksim",ESP,2587.0,7.0,,chigaev maksim,1996.0,2629.0,27.0
864782,2023,rapid,open,,68,"Xu, Xiangyu",CHN,2598.0,7.0,,xiangyu xu,1999.0,2631.0,24.0
864782,2023,rapid,open,,69,"Shevchenko, Kirill",ROU,2619.0,7.0,,kirill shevchenko,2002.0,2653.0,21.0
864782,2023,rapid,open,,70,"Ponkratov, Pavel",FID,2580.0,7.0,,pavel ponkratov,1988.0,2540.0,35.0
864782,2023,rapid,open,,71,"Gareyev, Timur",USA,2588.0,7.0,,gareyev timur,1988.0,2546.0,35.0
864782,2023,rapid,open,,72,"Nesterov, Arseniy",FID,2534.0,7.0,,arseniy nesterov,2003.0,2590.0,20.0
864782,2023,rapid,open,,73,"Paravyan, David",FID,2584.0,7.0,,david paravyan,1998.0,2587.0,25.0
864782,2023,rapid,open,,74,"Mamedov, Rauf",AZE,2622.0,7.0,,mamedov rauf,1988.0,2631.0,35.0
864782,2023,rapid,open,,75,"Shimanov, Aleksandr",FID,2599.0,7.0,,aleksandr shimanov,1992.0,2578.0,31.0
864782,2023,rapid,open,,76,"Pichot, Alan",ESP,2575.0,7.0,,alan pichot,1998.0,2565.0,25.0
864782,2023,rapid,open,,77,"Chanda, Sandipan",IND,2602.0,7.0,,chanda sandipan,1983.0,2470.0,40.0
864782,2023,rapid,open,,78,"Esipenko, Andrey",FID,2677.0,7.0,,andrey esipenko,2002.0,2680.0,21.0
864782,2023,rapid,open,,79,"Mamedyarov, Shakhriyar",AZE,2715.0,7.0,,mamedyarov shakhriyar,1985.0,2720.0,38.0
864782,2023,rapid,open,,80,"Indjic, Aleksandar",SRB,2552.0,7.0,,aleksandar indjic,1995.0,2598.0,28.0
864782,2023,rapid,open,,81,"Sychev, Klementy",FID,2481.0,7.0,,klementy sychev,1996.0,2508.0,27.0
864782,2023,rapid,open,,82,"Hovhannisyan, Robert",ARM,2589.0,7.0,,hovhannisyan robert,1991.0,2642.0,32.0
864782,2023,rapid,open,,83,"Salem, A.R. Saleh",UAE,2680.0,7.0,,a.r. saleh salem,1993.0,2616.0,30.0
864782,2023,rapid,open,,84,"Ter-Sahakyan, Samvel",ARM,2542.0,7.0,,samvel ter-sahakyan,1993.0,2613.0,30.0
864782,2023,rapid,open,,85,"Smirnov, Anton",AUS,2486.0,7.0,,anton smirnov,2001.0,2586.0,22.0
864782,2023,rapid,open,,86,"Sarana, Alexey",SRB,2649.0,7.0,,alexey sarana,2000.0,2666.0,23.0
864782,2023,rapid,open,,87,"Tabatabaei, M. Amin",IRI,2576.0,7.0,,amin m. tabatabaei,2001.0,2737.0,22.0
864782,2023,rapid,open,,88,"Kovalev, Vladislav",FID,2532.0,7.0,,kovalev vladislav,1994.0,2565.0,29.0
864782,2023,rapid,open,,89,"Riazantsev, Alexander",FID,2504.0,7.0,,alexander riazantsev,1985.0,2590.0,38.0
864782,2023,rapid,open,,90,"Amar, Elham",NOR,2475.0,7.0,,amar elham,2005.0,2577.0,18.0
864782,2023,rapid,open,,91,"Xue, Haowen",CHN,2320.0,6.5,,haowen xue,2008.0,2556.0,15.0
864782,2023,rapid,open,,92,"Aditya, Mittal",IND,2381.0,6.5,,aditya mittal,2006.0,2610.0,17.0
864782,2023,rapid,open,,93,"Fressinet, Laurent",FRA,2652.0,6.5,,fressinet laurent,1981.0,2610.0,42.0
864782,2023,rapid,open,,94,"Vetokhin, Savva",FID,2376.0,6.5,,savva vetokhin,2009.0,2555.0,14.0
864782,2023,rapid,open,,95,"Lysyj, Igor",FID,2547.0,6.5,,igor lysyj,1987.0,2518.0,36.0
864782,2023,rapid,open,,96,"Tsaruk, Maksim",FID,2364.0,6.5,,maksim tsaruk,2005.0,2487.0,18.0
864782,2023,rapid,open,,97,"Abdurakhmonov, Mukhammadali",UZB,2236.0,6.5,,abdurakhmonov mukhammadali,2002.0,2390.0,21.0
864782,2023,rapid,open,,98,"Vrolijk, Liam",NED,2498.0,6.5,,liam vrolijk,2002.0,2506.0,21.0
864782,2023,rapid,open,,99,"Dreev, Aleksey",FID,2557.0,6.5,,aleksey dreev,1969.0,2577.0,54.0
864782,2023,rapid,open,,100,"Karthik, Venkataraman",IND,2426.0,6.5,,karthik venkataraman,1999.0,2556.0,24.0
864782,2023,rapid,open,,101,"Savchenko, Boris",FID,2560.0,6.5,,boris savchenko,1986.0,2466.0,37.0
864782,2023,rapid,open,,102,"Aravindh, Chithambaram Vr.",IND,2573.0,6.5,,aravindh chithambaram vr.,1999.0,2677.0,24.0
864782,2023,rapid,open,,103,"Isanzhulov, Arystan",KAZ,2299.0,6.5,,arystan isanzhulov,2003.0,2385.0,20.0
864782,2023,rapid,open,,104,"Petrosyan, Manuel",ARM,2561.0,6.5,,manuel petrosyan,1998.0,2569.0,25.0
864782,2023,rapid,open,,105,"Sjugirov, Sanan",HUN,2571.0,6.5,,sanan sjugirov,1993.0,2544.0,30.0
864782,2023,rapid,open,,106,"Kosakowski, Jakub",POL,2472.0,6.5,,jakub kosakowski,2002.0,2520.0,21.0
864782,2023,rapid,open,,107,"Ruck, Robert",HUN,2470.0,6.5,,robert ruck,1977.0,2470.0,46.0
864782,2023,rapid,open,,108,"Kobalia, Mikhail",FID,2539.0,6.5,,kobalia mikhail,1978.0,2529.0,45.0
864782,2023,rapid,open,,109,"Zvjaginsev, Vadim",FID,2469.0,6.5,,vadim zvjaginsev,1976.0,2522.0,47.0
864782,2023,rapid,open,,110,"Gorovets, Andrey",FID,2563.0,6.5,,andrey gorovets,1987.0,2420.0,36.0
864782,2023,rapid,open,,111,"Urazayev, Arystanbek",KAZ,2534.0,6.5,,arystanbek urazayev,1998.0,2488.0,25.0
864782,2023,rapid,open,,112,"Jobava, Baadur",GEO,2671.0,6.5,,baadur jobava,1983.0,2576.0,40.0
864782,2023,rapid,open,,113,"Pantsulaia, Levan",GEO,2538.0,6.0,,levan pantsulaia,1986.0,2492.0,37.0
864782,2023,rapid,open,,114,"Sapenov, Daniyal",KAZ,2285.0,6.0,,daniyal sapenov,2008.0,2510.0,15.0
864782,2023,rapid,open,,115,"Kuzubov, Yuriy",UKR,2626.0,6.0,,kuzubov yuriy,1990.0,2587.0,33.0
864782,2023,rapid,open,,116,"Kezin, Roman",FID,2497.0,6.0,,kezin roman,1995.0,2472.0,28.0
864782,2023,rapid,open,,117,"Petrov, Nikita",MNE,2509.0,6.0,,nikita petrov,1996.0,2565.0,27.0
864782,2023,rapid,open,,118,"Nogerbek, Kazybek",KAZ,2446.0,6.0,,kazybek nogerbek,2004.0,2497.0,19.0
864782,2023,rapid,open,,119,"Henriquez Villagra, Cristobal",CHI,2590.0,6.0,,cristobal henriquez villagra,1996.0,2569.0,27.0
864782,2023,rapid,open,,120,"Zeng, Chongsheng",CHN,2501.0,6.0,,chongsheng zeng,1993.0,2554.0,30.0
864782,2023,rapid,open,,121,"Martirosyan, Haik M.",ARM,2634.0,6.0,,haik m. martirosyan,2000.0,2664.0,23.0
864782,2023,rapid,open,,122,"Galchenko, Matvey",FID,2416.0,6.0,,galchenko matvey,2000.0,2440.0,23.0
864782,2023,rapid,open,,123,"Uskov, Artem",FID,2376.0,6.0,,artem uskov,2010.0,2537.0,13.0
864782,2023,rapid,open,,124,"Averin, Nikolay",FID,2377.0,6.0,,averin nikolay,2010.0,2430.0,13.0
864782,2023,rapid,open,,125,"Bryakin, Mikhail",SRB,2508.0,6.0,,bryakin mikhail,1997.0,2410.0,26.0
864782,2023,rapid,open,,126,"Suyarov, Mukhammadzokhid",UZB,2300.0,6.0,,mukhammadzokhid suyarov,2009.0,2540.0,14.0
864782,2023,rapid,open,,127,"Terry, Renato",PER,2471.0,6.0,,renato terry,1992.0,2500.0,31.0
864782,2023,rapid,open,,128,"Ivic, Velimir",SRB,2509.0,6.0,,ivic velimir,2002.0,2601.0,21.0
864782,2023,rapid,open,,129,"Khusenkhojaev, Mustafokhuja",TJK,2205.0,6.0,,khusenkhojaev mustafokhuja,1998.0,2404.0,25.0
864782,2023,rapid,open,,130,"Markov, Mikhail",KGZ,2266.0,6.0,,markov mikhail,1989.0,2220.0,34.0
864782,2023,rapid,open,,131,"Song, Raymond",TPE,2402.0,6.0,,raymond song,1994.0,2498.0,29.0
864782,2023,rapid,open,,132,"Zilka, Stepan",CZE,2474.0,6.0,,stepan zilka,1988.0,2532.0,35.0
864782,2023,rapid,open,,133,"Adhiban, B.",IND,2528.0,6.0,,adhiban b.,1992.0,2574.0,31.0
864782,2023,rapid,open,,134,"Fayzullaev, Akmal",UZB,2293.0,6.0,,akmal fayzullaev,1991.0,2306.0,32.0
864782,2023,rapid,open,,135,"Piorun, Kacper",POL,2517.0,6.0,,kacper piorun,1991.0,2532.0,32.0
864782,2023,rapid,open,,136,"Xiu, Deshun",CHN,2579.0,6.0,,deshun xiu,1989.0,2509.0,34.0
864782,2023,rapid,open,,137,"Amilal, Munkhdalai",MGL,2340.0,6.0,,amilal munkhdalai,2006.0,2491.0,17.0
864782,2023,rapid,open,,138,"Jumabayev, Rinat",KAZ,2500.0,6.0,,jumabayev rinat,1989.0,2564.0,34.0
864782,2023,rapid,open,,139,"Gharibyan, Mamikon",ARM,2427.0,6.0,,gharibyan mamikon,2004.0,2481.0,19.0
864782,2023,rapid,open,,140,"Drazic, Sinisa",SRB,2412.0,6.0,,drazic sinisa,1967.0,2221.0,56.0
864782,2023,rapid,open,,141,"Van Foreest, Lucas",NED,2484.0,6.0,,foreest lucas van,2001.0,2555.0,22.0
864782,2023,rapid,open,,142,"Iljiushenok, Ilia",FID,2480.0,5.5,,ilia iljiushenok,1993.0,2483.0,30.0
864782,2023,rapid,open,,143,"Ansat, Aldiyar",KAZ,2325.0,5.5,,aldiyar ansat,2008.0,2495.0,15.0
864782,2023,rapid,open,,144,"Abdisalimov, Abdimalik",UZB,2330.0,5.5,,abdimalik abdisalimov,2002.0,2548.0,21.0
864782,2023,rapid,open,,145,"Sklokin, Sergey",FID,1946.0,5.5,,sergey sklokin,,,
864782,2023,rapid,open,,146,"Nasuta, Grzegorz",POL,2402.0,5.5,,grzegorz nasuta,1996.0,2483.0,27.0
864782,2023,rapid,open,,147,"Shogdzhiev, Roman",FID,2042.0,5.5,,roman shogdzhiev,2015.0,2445.0,8.0
864782,2023,rapid,open,,148,"Ganguly, Surya Shekhar",IND,2645.0,5.5,,ganguly shekhar surya,1983.0,2562.0,40.0
864782,2023,rapid,open,,149,"Pingin, Artem",FID,2394.0,5.5,,artem pingin,2008.0,2481.0,15.0
864782,2023,rapid,open,,150,"Sadhwani, Raunak",IND,2586.0,5.5,,raunak sadhwani,2005.0,2645.0,18.0
864782,2023,rapid,open,,151,"Hirneise, Jens",GER,2436.0,5.5,,hirneise jens,1992.0,2349.0,31.0
864782,2023,rapid,open,,152,"Zhalmakhanov, Ramazan",KAZ,2395.0,5.5,,ramazan zhalmakhanov,2002.0,2455.0,21.0
864782,2023,rapid,open,,153,"Akhmedov, David",FID,2099.0,5.5,,akhmedov david,,,
864782,2023,rapid,open,,154,"Begmuratov, Khumoyun",UZB,2195.0,5.5,,begmuratov khumoyun,2010.0,2514.0,13.0
864782,2023,rapid,open,,155,"Iturrizaga Bonelli, Eduardo",ESP,2635.0,5.0,,bonelli eduardo iturrizaga,1989.0,2595.0,34.0
864782,2023,rapid,open,,156,"Pranesh, M",IND,2459.0,5.0,,m pranesh,2006.0,2674.0,17.0
864782,2023,rapid,open,,157,"Yakubboev, Nodirbek",UZB,2564.0,5.0,,nodirbek yakubboev,2002.0,2685.0,21.0
864782,2023,rapid,open,,158,"Haldorsen, Benjamin",NOR,2301.0,5.0,,benjamin haldorsen,1999.0,2443.0,24.0
864782,2023,rapid,open,,159,"Amangeldy, Ernur",KAZ,2012.0,5.0,,amangeldy ernur,2008.0,2288.0,15.0
864782,2023,rapid,open,,160,"Seemann, Jakub",POL,2330.0,5.0,,jakub seemann,2008.0,2515.0,15.0
864782,2023,rapid,open,,161,"Kuandykuly, Danis",KAZ,1755.0,5.0,,danis kuandykuly,2013.0,2394.0,10.0
864782,2023,rapid,open,,162,"Sattarov, Bobir",UZB,2333.0,5.0,,bobir sattarov,1995.0,2346.0,28.0
864782,2023,rapid,open,,163,"Bilguun, Sumiya",MGL,2474.0,5.0,,bilguun sumiya,1997.0,2414.0,26.0
864782,2023,rapid,open,,164,"Saydaliev, Saidakbar",UZB,2316.0,5.0,,saidakbar saydaliev,2001.0,2475.0,22.0
864782,2023,rapid,open,,165,"Gaehwiler, Gabriel",SUI,2384.0,5.0,,gabriel gaehwiler,1994.0,2380.0,29.0
864782,2023,rapid,open,,166,"Kakabayev, Mergen",TKM,2257.0,5.0,,kakabayev mergen,1997.0,2209.0,26.0
864782,2023,rapid,open,,167,"Rakhmatullaev, Almas",UZB,2251.0,5.0,,almas rakhmatullaev,2006.0,2418.0,17.0
864782,2023,rapid,open,,168,"Agmanov, Zhandos",KAZ,2383.0,5.0,,agmanov zhandos,2000.0,2490.0,23.0
864782,2023,rapid,open,,169,"Vescovi, Giovanni",BRA,2609.0,5.0,,giovanni vescovi,1978.0,2549.0,45.0
864782,2023,rapid,open,,170,"Tissir, Mohamed",MAR,2358.0,5.0,,mohamed tissir,1976.0,2300.0,47.0
864782,2023,rapid,open,,171,"Leiva, Gianmarco",PER,2351.0,5.0,,gianmarco leiva,1995.0,2322.0,28.0
864782,2023,rapid,open,,172,"Tregubenko, Nikolay",FID,1815.0,5.0,,nikolay tregubenko,2010.0,2283.0,13.0
864782,2023,rapid,open,,173,"Harutyunyan, Tigran K.",ARM,2439.0,5.0,,harutyunyan k. tigran,1997.0,2505.0,26.0
864782,2023,rapid,open,,174,"Khismatullin, Denis",FID,2507.0,4.5,,denis khismatullin,1984.0,2493.0,39.0
864782,2023,rapid,open,,175,"Asadli, Vugar",AZE,2499.0,4.5,,asadli vugar,2001.0,2545.0,22.0
864782,2023,rapid,open,,176,"Vakhidov, Daler",UZB,2110.0,4.5,,daler vakhidov,2002.0,2211.0,21.0
864782,2023,rapid,open,,177,"Yonal, Timur",TUR,1854.0,4.5,,timur yonal,2010.0,2179.0,13.0
864782,2023,rapid,open,,178,"Tsydypov, Zhamsaran",FID,2533.0,4.5,,tsydypov zhamsaran,1996.0,2509.0,27.0
864782,2023,rapid,open,,179,"Vasquez Schroeder, Rodrigo",CHI,2582.0,4.5,,rodrigo schroeder vasquez,1969.0,2457.0,54.0
864782,2023,rapid,open,,180,"Bakhrillaev, Bakhrom",UZB,2196.0,4.5,,bakhrillaev bakhrom,2008.0,2412.0,15.0
864782,2023,rapid,open,,181,"Wanyama, Harold",UGA,2210.0,4.5,,harold wanyama,1981.0,2161.0,42.0
864782,2023,rapid,open,,182,"Gallego Alcaraz, Andres Felipe",COL,2419.0,4.5,,alcaraz andres felipe gallego,1989.0,2486.0,34.0
864782,2023,rapid,open,,183,"Zverev, Lev",FID,2269.0,4.0,,lev zverev,2010.0,2497.0,13.0
864782,2023,rapid,open,,184,"Christiansen, Johan-Sebastian",NOR,2494.0,4.0,,christiansen johan-sebastian,1998.0,2656.0,25.0
864782,2023,rapid,open,,185,"Orozbaev, Eldiar",KGZ,2294.0,4.0,,eldiar orozbaev,,,
864782,2023,rapid,open,,186,"Oro, Faustino",ARG,2150.0,4.0,,faustino oro,2013.0,2537.0,10.0
864782,2023,rapid,open,,187,"O`gorman, Tom",IRL,2299.0,4.0,,o`gorman tom,2002.0,2380.0,21.0
864782,2023,rapid,open,,188,"Rojas Salas, Steven",PER,2175.0,4.0,,rojas salas steven,2004.0,2387.0,19.0
864782,2023,rapid,open,,189,"Nafri, Khalil",MAR,2243.0,4.0,,khalil nafri,1987.0,2230.0,36.0
864782,2023,rapid,open,,190,"Omonov, Asrorjon",UZB,2005.0,3.5,,asrorjon omonov,2009.0,2347.0,14.0
864782,2023,rapid,open,,191,"Turayev, Shahruh",TKM,2184.0,3.5,,shahruh turayev,1994.0,2222.0,29.0
864782,2023,rapid,open,,192,"Guseinov, Gadir",AZE,2631.0,3.5,,gadir guseinov,1986.0,2636.0,37.0
864782,2023,rapid,open,,193,"Garayev, Kanan",AZE,2280.0,3.5,,garayev kanan,2002.0,2325.0,21.0
864782,2023,rapid,open,,194,"Xie, Felix",NZL,2164.0,3.5,,felix xie,2008.0,2423.0,15.0
864782,2023,rapid,open,,195,"Ilkhomi, Jaloliddin",TJK,1989.0,3.5,,ilkhomi jaloliddin,2007.0,2391.0,16.0
864782,2023,rapid,open,,196,"Kasimov, Ali",UZB,2114.0,3.5,,ali kasimov,2003.0,2206.0,20.0
864782,2023,rapid,open,,197,"Chinguun, Sumiya",MGL,2130.0,3.0,,chinguun sumiya,2005.0,2406.0,18.0
864782,2023,rapid,open,,198,"Rakhmanov, Aleksandr",FID,2617.0,3.0,,aleksandr rakhmanov,1989.0,2597.0,34.0
864782,2023,rapid,open,,199,"Bogdan, David",FID,1745.0,3.0,,bogdan david,2009.0,1752.0,14.0
864782,2023,rapid,open,,200,"Mustafaev, Jamshid",UZB,2313.0,2.5,,jamshid mustafaev,1991.0,2313.0,32.0
864782,2023,rapid,open,,201,"Ohanyan, Emin",ARM,2302.0,2.5,,emin ohanyan,2006.0,2520.0,17.0
864782,2023,rapid,open,,202,"Muradli, Mahammad",AZE,2451.0,2.5,,mahammad muradli,2003.0,2653.0,20.0
864421,2023,blitz,open,,1,"Carlsen, Magnus",NOR,2887.0,16.0,,carlsen magnus,1990.0,2823.0,33.0
864421,2023,blitz,open,,2,"Dubov, Daniil",FID,2763.0,15.5,,daniil dubov,1996.0,2654.0,27.0
864421,2023,blitz,open,,3,"Artemiev, Vladislav",FID,2799.0,15.0,,artemiev vladislav,1998.0,2653.0,25.0
864421,2023,blitz,open,,4,"Vachier-Lagrave, Maxime",FRA,2748.0,14.5,,maxime vachier-lagrave,1990.0,2718.0,33.0
864421,2023,blitz,open,,5,"Nepomniachtchi, Ian",FID,2795.0,14.0,,ian nepomniachtchi,1990.0,2719.0,33.0
864421,2023,blitz,open,,6,"Erigaisi, Arjun",IND,2729.0,14.0,,arjun erigaisi,2003.0,2759.0,20.0
864421,2023,blitz,open,,7,"Aronian, Levon",USA,2772.0,14.0,,aronian levon,1982.0,2725.0,41.0
864421,2023,blitz,open,,8,"Lazavik, Denis",FID,2556.0,14.0,,denis lazavik,2006.0,2621.0,17.0
864421,2023,blitz,open,,9,"Indjic, Aleksandar",SRB,2631.0,13.5,,aleksandar indjic,1995.0,2598.0,28.0
864421,2023,blitz,open,,10,"Duda, Jan-Krzysztof",POL,2775.0,13.5,,duda jan-krzysztof,1998.0,2743.0,25.0
864421,2023,blitz,open,,11,"Rapport, Richard",ROU,2748.0,13.5,,rapport richard,1996.0,2726.0,27.0
864421,2023,blitz,open,,12,"Caruana, Fabiano",USA,2815.0,13.5,,caruana fabiano,1992.0,2789.0,31.0
864421,2023,blitz,open,,13,"Yu, Yangyi",CHN,2762.0,13.5,,yangyi yu,1994.0,2710.0,29.0
864421,2023,blitz,open,,14,"Aravindh, Chithambaram Vr.",IND,2584.0,13.5,,aravindh chithambaram vr.,1999.0,2677.0,24.0
864421,2023,blitz,open,,15,"Grischuk, Alexander",FID,2699.0,13.5,,alexander grischuk,1983.0,2628.0,40.0
864421,2023,blitz,open,,16,"Andreikin, Dmitry",FID,2741.0,13.5,,andreikin dmitry,1990.0,2714.0,33.0
864421,2023,blitz,open,,17,"Makarian, Rudik",FID,2540.0,13.5,,makarian rudik,2004.0,2556.0,19.0
864421,2023,blitz,open,,18,"Daneshvar, Bardiya",IRI,2483.0,13.5,,bardiya daneshvar,2006.0,2572.0,17.0
864421,2023,blitz,open,,19,"Murzin, Volodar",FID,2591.0,13.0,,murzin volodar,2006.0,2656.0,17.0
864421,2023,blitz,open,,20,"Sarana, Alexey",SRB,2707.0,13.0,,alexey sarana,2000.0,2666.0,23.0
864421,2023,blitz,open,,21,"Tsydypov, Zhamsaran",FID,2626.0,13.0,,tsydypov zhamsaran,1996.0,2509.0,27.0
864421,2023,blitz,open,,22,"Mamedyarov, Shakhriyar",AZE,2716.0,13.0,,mamedyarov shakhriyar,1985.0,2720.0,38.0
864421,2023,blitz,open,,23,"Svidler, Peter",FID,2689.0,13.0,,peter svidler,1976.0,2682.0,47.0
864421,2023,blitz,open,,24,"Jobava, Baadur",GEO,2599.0,13.0,,baadur jobava,1983.0,2576.0,40.0
864421,2023,blitz,open,,25,"Tomashevsky, Evgeny",FID,2663.0,13.0,,evgeny tomashevsky,1987.0,2681.0,36.0
864421,2023,blitz,open,,26,"Hovhannisyan, Robert",ARM,2570.0,13.0,,hovhannisyan robert,1991.0,2642.0,32.0
864421,2023,blitz,open,,27,"Keymer, Vincent",GER,2629.0,13.0,,keymer vincent,2004.0,2764.0,19.0
864421,2023,blitz,open,,28,"Praggnanandhaa, R",IND,2665.0,12.5,,praggnanandhaa r,2005.0,2761.0,18.0
864421,2023,blitz,open,,29,"Vokhidov, Shamsiddin",UZB,2588.0,12.5,,shamsiddin vokhidov,2002.0,2654.0,21.0
864421,2023,blitz,open,,30,"Giri, Anish",NED,2731.0,12.5,,anish giri,1994.0,2757.0,29.0
864421,2023,blitz,open,,31,"Maghsoodloo, Parham",IRI,2660.0,12.5,,maghsoodloo parham,2000.0,2705.0,23.0
864421,2023,blitz,open,,32,"Radjabov, Teimour",AZE,2664.0,12.5,,radjabov teimour,1987.0,2689.0,36.0
864421,2023,blitz,open,,33,"Makhnev, Denis",KAZ,2528.0,12.5,,denis makhnev,2000.0,2568.0,23.0
864421,2023,blitz,open,,34,"Rakhmanov, Aleksandr",FID,2521.0,12.5,,aleksandr rakhmanov,1989.0,2597.0,34.0
864421,2023,blitz,open,,35,"Narayanan, S L",IND,2564.0,12.5,,l narayanan s,1998.0,2555.0,25.0
864421,2023,blitz,open,,36,"Salem, A.R. Saleh",UAE,2668.0,12.5,,a.r. saleh salem,1993.0,2616.0,30.0
864421,2023,blitz,open,,37,"Muradli, Mahammad",AZE,2551.0,12.5,,mahammad muradli,2003.0,2653.0,20.0
864421,2023,blitz,open,,38,"Gukesh, D",IND,2657.0,12.5,,d gukesh,2006.0,2703.0,17.0
864421,2023,blitz,open,,39,"Niemann, Hans Moke",USA,2614.0,12.5,,hans moke niemann,2003.0,2725.0,20.0
864421,2023,blitz,open,,40,"Yakubboev, Nodirbek",UZB,2582.0,12.5,,nodirbek yakubboev,2002.0,2685.0,21.0
864421,2023,blitz,open,,41,"Petrosian, Tigran L.",ARM,2610.0,12.5,,l. petrosian tigran,1984.0,2522.0,39.0
864421,2023,blitz,open,,42,"Sychev, Klementy",FID,2583.0,12.5,,klementy sychev,1996.0,2508.0,27.0
864421,2023,blitz,open,,43,"Nihal, Sarin",IND,2689.0,12.0,,nihal sarin,2004.0,2718.0,19.0
864421,2023,blitz,open,,44,"Tabatabaei, M. Amin",IRI,2573.0,12.0,,amin m. tabatabaei,2001.0,2737.0,22.0
864421,2023,blitz,open,,45,"Nesterov, Arseniy",FID,2488.0,12.0,,arseniy nesterov,2003.0,2590.0,20.0
864421,2023,blitz,open,,46,"Riazantsev, Alexander",FID,2621.0,12.0,,alexander riazantsev,1985.0,2590.0,38.0
864421,2023,blitz,open,,47,"Bharath, Subramaniyam H",IND,2435.0,12.0,,bharath h subramaniyam,2007.0,2605.0,16.0
864421,2023,blitz,open,,48,"Mamedov, Rauf",AZE,2635.0,12.0,,mamedov rauf,1988.0,2631.0,35.0
864421,2023,blitz,open,,49,"Sindarov, Javokhir",UZB,2607.0,12.0,,javokhir sindarov,2005.0,2778.0,18.0
864421,2023,blitz,open,,50,"Ponomariov, Ruslan",UKR,2613.0,12.0,,ponomariov ruslan,1983.0,2632.0,40.0
864421,2023,blitz,open,,51,"Guseinov, Gadir",AZE,2563.0,12.0,,gadir guseinov,1986.0,2636.0,37.0
864421,2023,blitz,open,,52,"Pantsulaia, Levan",GEO,2579.0,12.0,,levan pantsulaia,1986.0,2492.0,37.0
864421,2023,blitz,open,,53,"Anton Guijarro, David",ESP,2616.0,12.0,,anton david guijarro,1995.0,2632.0,28.0
864421,2023,blitz,open,,54,"Kuzubov, Yuriy",UKR,2487.0,12.0,,kuzubov yuriy,1990.0,2587.0,33.0
864421,2023,blitz,open,,55,"Esipenko, Andrey",FID,2615.0,12.0,,andrey esipenko,2002.0,2680.0,21.0
864421,2023,blitz,open,,56,"Petrosyan, Manuel",ARM,2556.0,12.0,,manuel petrosyan,1998.0,2569.0,25.0
864421,2023,blitz,open,,57,"Shimanov, Aleksandr",FID,2611.0,11.5,,aleksandr shimanov,1992.0,2578.0,31.0
864421,2023,blitz,open,,58,"Bai, Jinshi",CHN,2516.0,11.5,,bai jinshi,1999.0,2600.0,24.0
864421,2023,blitz,open,,59,"Christiansen, Johan-Sebastian",NOR,2541.0,11.5,,christiansen johan-sebastian,1998.0,2656.0,25.0
864421,2023,blitz,open,,60,"Abdusattorov, Nodirbek",UZB,2694.0,11.5,,abdusattorov nodirbek,2004.0,2762.0,19.0
864421,2023,blitz,open,,61,"Vidit, Santosh Gujrathi",IND,2642.0,11.5,,gujrathi santosh vidit,1994.0,2697.0,29.0
864421,2023,blitz,open,,62,"Sadhwani, Raunak",IND,2668.0,11.5,,raunak sadhwani,2005.0,2645.0,18.0
864421,2023,blitz,open,,63,"Predke, Alexandr",SRB,2594.0,11.5,,alexandr predke,1994.0,2598.0,29.0
864421,2023,blitz,open,,64,"Korobov, Anton",UKR,2649.0,11.5,,anton korobov,1985.0,2610.0,38.0
864421,2023,blitz,open,,65,"Adhiban, B.",IND,2576.0,11.5,,adhiban b.,1992.0,2574.0,31.0
864421,2023,blitz,open,,66,"Dardha, Daniel",BEL,2568.0,11.5,,daniel dardha,2005.0,2608.0,18.0
864421,2023,blitz,open,,67,"Matlakov, Maxim",FID,2638.0,11.5,,matlakov maxim,1991.0,2596.0,32.0
864421,2023,blitz,open,,68,"Dreev, Aleksey",FID,2599.0,11.5,,aleksey dreev,1969.0,2577.0,54.0
864421,2023,blitz,open,,69,"Nogerbek, Kazybek",KAZ,2488.0,11.5,,kazybek nogerbek,2004.0,2497.0,19.0
864421,2023,blitz,open,,70,"Smirnov, Anton",AUS,2647.0,11.5,,anton smirnov,2001.0,2586.0,22.0
864421,2023,blitz,open,,71,"Idani, Pouya",IRI,2574.0,11.5,,idani pouya,1995.0,2615.0,28.0
864421,2023,blitz,open,,72,"Aditya, Mittal",IND,2425.0,11.5,,aditya mittal,2006.0,2610.0,17.0
864421,2023,blitz,open,,73,"Ter-Sahakyan, Samvel",ARM,2556.0,11.5,,samvel ter-sahakyan,1993.0,2613.0,30.0
864421,2023,blitz,open,,74,"Ponkratov, Pavel",FID,2547.0,11.5,,pavel ponkratov,1988.0,2540.0,35.0
864421,2023,blitz,open,,75,"Iturrizaga Bonelli, Eduardo",ESP,2645.0,11.5,,bonelli eduardo iturrizaga,1989.0,2595.0,34.0
864421,2023,blitz,open,,76,"Vakhidov, Jakhongir",UZB,2574.0,11.0,,jakhongir vakhidov,1995.0,2527.0,28.0
864421,2023,blitz,open,,77,"Suleymanli, Aydin",AZE,2553.0,11.0,,aydin suleymanli,2005.0,2664.0,18.0
864421,2023,blitz,open,,78,"Kovalev, Vladislav",FID,2539.0,11.0,,kovalev vladislav,1994.0,2565.0,29.0
864421,2023,blitz,open,,79,"Bocharov, Dmitry",FID,2482.0,11.0,,bocharov dmitry,1982.0,2510.0,41.0
864421,2023,blitz,open,,80,"Uskov, Artem",FID,2328.0,11.0,,artem uskov,2010.0,2537.0,13.0
864421,2023,blitz,open,,81,"Van Foreest, Jorden",NED,2664.0,11.0,,foreest jorden van,1999.0,2706.0,24.0
864421,2023,blitz,open,,82,"Mitrabha, Guha",IND,2512.0,11.0,,guha mitrabha,2001.0,2528.0,22.0
864421,2023,blitz,open,,83,"Sargsyan, Shant",ARM,2633.0,11.0,,sargsyan shant,2002.0,2630.0,21.0
864421,2023,blitz,open,,84,"Sanal, Vahap",TUR,2637.0,11.0,,sanal vahap,1998.0,2544.0,25.0
864421,2023,blitz,open,,85,"Fressinet, Laurent",FRA,2636.0,11.0,,fressinet laurent,1981.0,2610.0,42.0
864421,2023,blitz,open,,86,"Paravyan, David",FID,2566.0,11.0,,david paravyan,1998.0,2587.0,25.0
864421,2023,blitz,open,,87,"Grebnev, Aleksey",FID,2404.0,11.0,,aleksey grebnev,2006.0,2614.0,17.0
864421,2023,blitz,open,,88,"Abdurakhmonov, Mukhammadali",UZB,2214.0,11.0,,abdurakhmonov mukhammadali,2002.0,2390.0,21.0
864421,2023,blitz,open,,89,"Karthik, Venkataraman",IND,2440.0,11.0,,karthik venkataraman,1999.0,2556.0,24.0
864421,2023,blitz,open,,90,"Tari, Aryan",NOR,2577.0,11.0,,aryan tari,1999.0,2647.0,24.0
864421,2023,blitz,open,,91,"Madaminov, Mukhiddin",UZB,2460.0,11.0,,madaminov mukhiddin,2006.0,2611.0,17.0
864421,2023,blitz,open,,92,"Cheparinov, Ivan",BUL,2613.0,11.0,,cheparinov ivan,1986.0,2631.0,37.0
864421,2023,blitz,open,,93,"Ivic, Velimir",SRB,2542.0,11.0,,ivic velimir,2002.0,2601.0,21.0
864421,2023,blitz,open,,94,"Chigaev, Maksim",ESP,2561.0,11.0,,chigaev maksim,1996.0,2629.0,27.0
864421,2023,blitz,open,,95,"Kosakowski, Jakub",POL,2485.0,11.0,,jakub kosakowski,2002.0,2520.0,21.0
864421,2023,blitz,open,,96,"Orozbaev, Eldiar",KGZ,2236.0,11.0,,eldiar orozbaev,,,
864421,2023,blitz,open,,97,"Isanzhulov, Arystan",KAZ,2431.0,11.0,,arystan isanzhulov,2003.0,2385.0,20.0
864421,2023,blitz,open,,98,"Sjugirov, Sanan",HUN,2569.0,10.5,,sanan sjugirov,1993.0,2544.0,30.0
864421,2023,blitz,open,,99,"Petrov, Nikita",MNE,2521.0,10.5,,nikita petrov,1996.0,2565.0,27.0
864421,2023,blitz,open,,100,"Terry, Renato",PER,2578.0,10.5,,renato terry,1992.0,2500.0,31.0
864421,2023,blitz,open,,101,"Fedoseev, Vladimir",SLO,2719.0,10.5,,fedoseev vladimir,1995.0,2691.0,28.0
864421,2023,blitz,open,,102,"Moiseenko, Alexander",UKR,2556.0,10.5,,alexander moiseenko,1980.0,2569.0,43.0
864421,2023,blitz,open,,103,"Omonov, Asrorjon",UZB,2069.0,10.5,,asrorjon omonov,2009.0,2347.0,14.0
864421,2023,blitz,open,,104,"Gurel, Ediz",TUR,2359.0,10.5,,ediz gurel,2008.0,2636.0,15.0
864421,2023,blitz,open,,105,"Nigmatov, Ortik",UZB,2382.0,10.5,,nigmatov ortik,2000.0,2484.0,23.0
864421,2023,blitz,open,,106,"Agmanov, Zhandos",KAZ,2407.0,10.5,,agmanov zhandos,2000.0,2490.0,23.0
864421,2023,blitz,open,,107,"Piorun, Kacper",POL,2589.0,10.5,,kacper piorun,1991.0,2532.0,32.0
864421,2023,blitz,open,,108,"Henriquez Villagra, Cristobal",CHI,2568.0,10.5,,cristobal henriquez villagra,1996.0,2569.0,27.0
864421,2023,blitz,open,,109,"Ruck, Robert",HUN,2561.0,10.5,,robert ruck,1977.0,2470.0,46.0
864421,2023,blitz,open,,110,"Zvjaginsev, Vadim",FID,2570.0,10.5,,vadim zvjaginsev,1976.0,2522.0,47.0
864421,2023,blitz,open,,111,"Suyarov, Mukhammadzokhid",UZB,2449.0,10.5,,mukhammadzokhid suyarov,2009.0,2540.0,14.0
864421,2023,blitz,open,,112,"Zeng, Chongsheng",CHN,2504.0,10.5,,chongsheng zeng,1993.0,2554.0,30.0
864421,2023,blitz,open,,113,"Abdisalimov, Abdimalik",UZB,2417.0,10.5,,abdimalik abdisalimov,2002.0,2548.0,21.0
864421,2023,blitz,open,,114,"Brunello, Sabino",ITA,2573.0,10.5,,brunello sabino,1989.0,2536.0,34.0
864421,2023,blitz,open,,115,"Demchenko, Anton",SLO,2545.0,10.5,,anton demchenko,1987.0,2580.0,36.0
864421,2023,blitz,open,,116,"Xu, Xiangyu",CHN,2491.0,10.5,,xiangyu xu,1999.0,2631.0,24.0
864421,2023,blitz,open,,117,"Pranav, V",IND,2562.0,10.5,,pranav v,2008.0,1624.0,15.0
864421,2023,blitz,open,,118,"Vasquez Schroeder, Rodrigo",CHI,2582.0,10.0,,rodrigo schroeder vasquez,1969.0,2457.0,54.0
864421,2023,blitz,open,,119,"Iljiushenok, Ilia",FID,2479.0,10.0,,ilia iljiushenok,1993.0,2483.0,30.0
864421,2023,blitz,open,,120,"Gareyev, Timur",USA,2569.0,10.0,,gareyev timur,1988.0,2546.0,35.0
864421,2023,blitz,open,,121,"Haldorsen, Benjamin",NOR,2405.0,10.0,,benjamin haldorsen,1999.0,2443.0,24.0
864421,2023,blitz,open,,122,"Gokerkan, Cem Kaan",TUR,2365.0,10.0,,cem gokerkan kaan,2000.0,2511.0,23.0
864421,2023,blitz,open,,123,"Khismatullin, Denis",FID,2552.0,10.0,,denis khismatullin,1984.0,2493.0,39.0
864421,2023,blitz,open,,124,"Quparadze, Giga",GEO,2617.0,10.0,,giga quparadze,1987.0,2481.0,36.0
864421,2023,blitz,open,,125,"Najer, Evgeniy",FID,2545.0,10.0,,evgeniy najer,1977.0,2580.0,46.0
864421,2023,blitz,open,,126,"Jumabayev, Rinat",KAZ,2561.0,10.0,,jumabayev rinat,1989.0,2564.0,34.0
864421,2023,blitz,open,,127,"Vetokhin, Savva",FID,2483.0,10.0,,savva vetokhin,2009.0,2555.0,14.0
864421,2023,blitz,open,,128,"Van Foreest, Lucas",NED,2519.0,10.0,,foreest lucas van,2001.0,2555.0,22.0
864421,2023,blitz,open,,129,"Kezin, Roman",FID,2492.0,10.0,,kezin roman,1995.0,2472.0,28.0
864421,2023,blitz,open,,130,"Savchenko, Boris",FID,2513.0,10.0,,boris savchenko,1986.0,2466.0,37.0
864421,2023,blitz,open,,131,"Saydaliev, Saidakbar",UZB,2323.0,10.0,,saidakbar saydaliev,2001.0,2475.0,22.0
864421,2023,blitz,open,,132,"Pichot, Alan",ESP,2592.0,10.0,,alan pichot,1998.0,2565.0,25.0
864421,2023,blitz,open,,133,"Pranesh, M",IND,2481.0,9.5,,m pranesh,2006.0,2674.0,17.0
864421,2023,blitz,open,,134,"Tsaruk, Maksim",FID,2378.0,9.5,,maksim tsaruk,2005.0,2487.0,18.0
864421,2023,blitz,open,,135,"Vrolijk, Liam",NED,2487.0,9.5,,liam vrolijk,2002.0,2506.0,21.0
864421,2023,blitz,open,,136,"Hong, Andrew",USA,2460.0,9.5,,andrew hong,2004.0,2598.0,19.0
864421,2023,blitz,open,,137,"Rakhmatullaev, Almas",UZB,2218.0,9.5,,almas rakhmatullaev,2006.0,2418.0,17.0
864421,2023,blitz,open,,138,"Urazayev, Arystanbek",KAZ,2408.0,9.5,,arystanbek urazayev,1998.0,2488.0,25.0
864421,2023,blitz,open,,139,"Garayev, Kanan",AZE,2260.0,9.5,,garayev kanan,2002.0,2325.0,21.0
864421,2023,blitz,open,,140,"Grigoriants, Sergey",HUN,2532.0,9.5,,grigoriants sergey,1983.0,2546.0,40.0
864421,2023,blitz,open,,141,"Sattarov, Bobir",UZB,2351.0,9.5,,bobir sattarov,1995.0,2346.0,28.0
864421,2023,blitz,open,,142,"Amar, Elham",NOR,2470.0,9.5,,amar elham,2005.0,2577.0,18.0
864421,2023,blitz,open,,143,"Bilguun, Sumiya",MGL,2407.0,9.5,,bilguun sumiya,1997.0,2414.0,26.0
864421,2023,blitz,open,,144,"Bologan, Victor",MDA,2489.0,9.5,,bologan victor,1971.0,2590.0,52.0
864421,2023,blitz,open,,145,"Fayzullaev, Akmal",UZB,2342.0,9.5,,akmal fayzullaev,1991.0,2306.0,32.0
864421,2023,blitz,open,,146,"Gorovets, Andrey",FID,2418.0,9.5,,andrey gorovets,1987.0,2420.0,36.0
864421,2023,blitz,open,,147,"Xiu, Deshun",CHN,2493.0,9.5,,deshun xiu,1989.0,2509.0,34.0
864421,2023,blitz,open,,148,"Chanda, Sandipan",IND,2490.0,9.5,,chanda sandipan,1983.0,2470.0,40.0
864421,2023,blitz,open,,149,"Rojas Salas, Steven",PER,2210.0,9.5,,rojas salas steven,2004.0,2387.0,19.0
864421,2023,blitz,open,,150,"Asadli, Vugar",AZE,2584.0,9.5,,asadli vugar,2001.0,2545.0,22.0
864421,2023,blitz,open,,151,"Suleymenov, Alisher",KAZ,2326.0,9.0,,alisher suleymenov,2000.0,2498.0,23.0
864421,2023,blitz,open,,152,"Gaehwiler, Gabriel",SUI,2448.0,9.0,,gabriel gaehwiler,1994.0,2380.0,29.0
864421,2023,blitz,open,,153,"Begmuratov, Khumoyun",UZB,2276.0,9.0,,begmuratov khumoyun,2010.0,2514.0,13.0
864421,2023,blitz,open,,154,"Ansat, Aldiyar",KAZ,2404.0,9.0,,aldiyar ansat,2008.0,2495.0,15.0
864421,2023,blitz,open,,155,"Galchenko, Matvey",FID,2424.0,9.0,,galchenko matvey,2000.0,2440.0,23.0
864421,2023,blitz,open,,156,"Akhmedov, David",FID,2154.0,9.0,,akhmedov david,,,
864421,2023,blitz,open,,157,"Amilal, Munkhdalai",MGL,2293.0,9.0,,amilal munkhdalai,2006.0,2491.0,17.0
864421,2023,blitz,open,,158,"Ganguly, Surya Shekhar",IND,2549.0,9.0,,ganguly shekhar surya,1983.0,2562.0,40.0
864421,2023,blitz,open,,159,"Kazhgaleyev, Murtas",KAZ,2488.0,9.0,,kazhgaleyev murtas,1973.0,2541.0,50.0
864421,2023,blitz,open,,160,"Sapenov, Daniyal",KAZ,2289.0,9.0,,daniyal sapenov,2008.0,2510.0,15.0
864421,2023,blitz,open,,161,"Nasuta, Grzegorz",POL,2467.0,9.0,,grzegorz nasuta,1996.0,2483.0,27.0
864421,2023,blitz,open,,162,"Khusnutdinov, Rustam",KAZ,2499.0,9.0,,khusnutdinov rustam,1987.0,2433.0,36.0
864421,2023,blitz,open,,163,"Averin, Nikolay",FID,2283.0,9.0,,averin nikolay,2010.0,2430.0,13.0
864421,2023,blitz,open,,164,"Vescovi, Giovanni",BRA,2593.0,9.0,,giovanni vescovi,1978.0,2549.0,45.0
864421,2023,blitz,open,,165,"Khusenkhojaev, Mustafokhuja",TJK,2082.0,9.0,,khusenkhojaev mustafokhuja,1998.0,2404.0,25.0
864421,2023,blitz,open,,166,"Zhalmakhanov, Ramazan",KAZ,2427.0,8.5,,ramazan zhalmakhanov,2002.0,2455.0,21.0
864421,2023,blitz,open,,167,"Zverev, Lev",FID,2299.0,8.5,,lev zverev,2010.0,2497.0,13.0
864421,2023,blitz,open,,168,"Bryakin, Mikhail",SRB,2495.0,8.5,,bryakin mikhail,1997.0,2410.0,26.0
864421,2023,blitz,open,,169,"Pingin, Artem",FID,2358.0,8.5,,artem pingin,2008.0,2481.0,15.0
864421,2023,blitz,open,,170,"Kakabayev, Mergen",TKM,2255.0,8.5,,kakabayev mergen,1997.0,2209.0,26.0
864421,2023,blitz,open,,171,"Bakhrillaev, Bakhrom",UZB,1994.0,8.5,,bakhrillaev bakhrom,2008.0,2412.0,15.0
864421,2023,blitz,open,,172,"Drazic, Sinisa",SRB,2276.0,8.5,,drazic sinisa,1967.0,2221.0,56.0
864421,2023,blitz,open,,173,"O`gorman, Tom",IRL,2288.0,8.5,,o`gorman tom,2002.0,2380.0,21.0
864421,2023,blitz,open,,174,"Oro, Faustino",ARG,2105.0,8.5,,faustino oro,2013.0,2537.0,10.0
864421,2023,blitz,open,,175,"Kobalia, Mikhail",FID,2558.0,8.0,,kobalia mikhail,1978.0,2529.0,45.0
864421,2023,blitz,open,,176,"Seemann, Jakub",POL,2332.0,8.0,,jakub seemann,2008.0,2515.0,15.0
864421,2023,blitz,open,,177,"Xue, Haowen",CHN,2155.0,8.0,,haowen xue,2008.0,2556.0,15.0
864421,2023,blitz,open,,178,"Chinguun, Sumiya",MGL,2200.0,8.0,,chinguun sumiya,2005.0,2406.0,18.0
864421,2023,blitz,open,,179,"Gharibyan, Mamikon",ARM,2444.0,8.0,,gharibyan mamikon,2004.0,2481.0,19.0
864421,2023,blitz,open,,180,"Markov, Mikhail",KGZ,2255.0,8.0,,markov mikhail,1989.0,2220.0,34.0
864421,2023,blitz,open,,181,"Gallego Alcaraz, Andres Felipe",COL,2384.0,8.0,,alcaraz andres felipe gallego,1989.0,2486.0,34.0
864421,2023,blitz,open,,182,"Mustafaev, Jamshid",UZB,2323.0,8.0,,jamshid mustafaev,1991.0,2313.0,32.0
864421,2023,blitz,open,,183,"Harutyunyan, Tigran K.",ARM,2407.0,8.0,,harutyunyan k. tigran,1997.0,2505.0,26.0
864421,2023,blitz,open,,184,"Song, Raymond",TPE,2383.0,8.0,,raymond song,1994.0,2498.0,29.0
864421,2023,blitz,open,,185,"Kuziev, Miraziz",UZB,2196.0,8.0,,kuziev miraziz,,,
864421,2023,blitz,open,,186,"Leiva, Gianmarco",PER,2338.0,7.5,,gianmarco leiva,1995.0,2322.0,28.0
864421,2023,blitz,open,,187,"Vakhidov, Daler",UZB,2110.0,7.5,,daler vakhidov,2002.0,2211.0,21.0
864421,2023,blitz,open,,188,"Zilka, Stepan",CZE,2494.0,7.5,,stepan zilka,1988.0,2532.0,35.0
864421,2023,blitz,open,,189,"Shogdzhiev, Roman",FID,2117.0,7.5,,roman shogdzhiev,2015.0,2445.0,8.0
864421,2023,blitz,open,,190,"Ilkhomi, Jaloliddin",TJK,2054.0,7.5,,ilkhomi jaloliddin,2007.0,2391.0,16.0
864421,2023,blitz,open,,191,"Wanyama, Harold",UGA,2228.0,7.5,,harold wanyama,1981.0,2161.0,42.0
864421,2023,blitz,open,,192,"Kuandykuly, Danis",KAZ,1718.0,7.5,,danis kuandykuly,2013.0,2394.0,10.0
864421,2023,blitz,open,,193,"Sklokin, Sergey",FID,1995.0,7.5,,sergey sklokin,,,
864421,2023,blitz,open,,194,"Martirosyan, Haik M.",ARM,2770.0,7.0,,haik m. martirosyan,2000.0,2664.0,23.0
864421,2023,blitz,open,,195,"Xie, Felix",NZL,2107.0,7.0,,felix xie,2008.0,2423.0,15.0
864421,2023,blitz,open,,196,"Turayev, Shahruh",TKM,2168.0,7.0,,shahruh turayev,1994.0,2222.0,29.0
864421,2023,blitz,open,,197,"Botiraliev, Abdumajid",UZB,1515.0,6.5,,abdumajid botiraliev,2012.0,2368.0,11.0
864421,2023,blitz,open,,198,"Amangeldy, Ernur",KAZ,2144.0,6.5,,amangeldy ernur,2008.0,2288.0,15.0
864421,2023,blitz,open,,199,"Tissir, Mohamed",MAR,2458.0,6.5,,mohamed tissir,1976.0,2300.0,47.0
864421,2023,blitz,open,,200,"Tregubenko, Nikolay",FID,1955.0,6.5,,nikolay tregubenko,2010.0,2283.0,13.0
864421,2023,blitz,open,,201,"Holt, Conrad",USA,2592.0,6.0,,conrad holt,1993.0,2532.0,30.0
864421,2023,blitz,open,,202,"Nafri, Khalil",MAR,2151.0,5.5,,khalil nafri,1987.0,2230.0,36.0
864421,2023,blitz,open,,203,"Yonal, Timur",TUR,1862.0,5.0,,timur yonal,2010.0,2179.0,13.0
864421,2023,blitz,open,,204,"Ohanyan, Emin",ARM,2387.0,4.5,,emin ohanyan,2006.0,2520.0,17.0
864421,2023,blitz,open,,205,"Bogdan, David",FID,1880.0,3.5,,bogdan david,2009.0,1752.0,14.0
864421,2023,blitz,open,,206,"Shevchenko, Kirill",ROU,2603.0,2.0,,kirill shevchenko,2002.0,2653.0,21.0
1074690,2024,rapid,open,,1,"Murzin, Volodar",FID,2588.0,10.0,2881.0,murzin volodar,2006.0,2656.0,18.0
1074690,2024,rapid,open,,2,"Grischuk, Alexander",FID,2675.0,9.5,2749.0,alexander grischuk,1983.0,2628.0,41.0
1074690,2024,rapid,open,,3,"Nepomniachtchi, Ian",FID,2758.0,9.5,2753.0,ian nepomniachtchi,1990.0,2719.0,34.0
1074690,2024,rapid,open,,4,"Dominguez Perez, Leinier",USA,2699.0,9.0,2747.0,dominguez leinier perez,1983.0,2732.0,41.0
1074690,2024,rapid,open,,5,"Erigaisi, Arjun",IND,2694.0,9.0,2773.0,arjun erigaisi,2003.0,2759.0,21.0
1074690,2024,rapid,open,,6,"Sindarov, Javokhir",UZB,2655.0,9.0,2720.0,javokhir sindarov,2005.0,2778.0,19.0
1074690,2024,rapid,open,,7,"Firouzja, Alireza",FRA,2756.0,9.0,2738.0,alireza firouzja,2003.0,2757.0,21.0
1074690,2024,rapid,open,,8,"Dubov, Daniil",FID,2677.0,9.0,2728.0,daniil dubov,1996.0,2654.0,28.0
1074690,2024,rapid,open,,9,"Grigoryan, Karen H.",ARM,2622.0,9.0,2629.0,grigoryan h. karen,1995.0,2464.0,29.0
1074690,2024,rapid,open,,10,"Sevian, Samuel",USA,2614.0,8.5,2760.0,samuel sevian,2000.0,2708.0,24.0
1074690,2024,rapid,open,,11,"Giri, Anish",NED,2678.0,8.5,2733.0,anish giri,1994.0,2757.0,30.0
1074690,2024,rapid,open,,12,"Muradli, Mahammad",AZE,2464.0,8.5,2761.0,mahammad muradli,2003.0,2653.0,21.0
1074690,2024,rapid,open,,13,"Yu, Yangyi",CHN,2698.0,8.5,2704.0,yangyi yu,1994.0,2710.0,30.0
1074690,2024,rapid,open,,14,"Mamedyarov, Shakhriyar",AZE,2711.0,8.5,2697.0,mamedyarov shakhriyar,1985.0,2720.0,39.0
1074690,2024,rapid,open,,15,"Caruana, Fabiano",USA,2766.0,8.5,2693.0,caruana fabiano,1992.0,2789.0,32.0
1074690,2024,rapid,open,,16,"Robson, Ray",USA,2645.0,8.5,2679.0,ray robson,1994.0,2659.0,30.0
1074690,2024,rapid,open,,17,"Praggnanandhaa, R",IND,2688.0,8.5,2661.0,praggnanandhaa r,2005.0,2761.0,19.0
1074690,2024,rapid,open,,18,"Bortnyk, Olexandr",UKR,2642.0,8.5,2631.0,bortnyk olexandr,1996.0,2604.0,28.0
1074690,2024,rapid,open,,19,"Wei, Yi",CHN,2760.0,8.5,2666.0,wei yi,1999.0,2752.0,25.0
1074690,2024,rapid,open,,20,"Niemann, Hans Moke",USA,2618.0,8.5,2640.0,hans moke niemann,2003.0,2725.0,21.0
1074690,2024,rapid,open,,21,"Salem, A.R. Saleh",UAE,2647.0,8.5,2610.0,a.r. saleh salem,1993.0,2616.0,31.0
1074690,2024,rapid,open,,22,"Duda, Jan-Krzysztof",POL,2740.0,8.0,2685.0,duda jan-krzysztof,1998.0,2743.0,26.0
1074690,2024,rapid,open,,23,"Durarbayli, Vasif",AZE,2531.0,8.0,2716.0,durarbayli vasif,1992.0,2611.0,32.0
1074690,2024,rapid,open,,24,"Jacobson, Brandon",USA,2459.0,8.0,2749.0,brandon jacobson,2003.0,2644.0,21.0
1074690,2024,rapid,open,,25,"Aronian, Levon",USA,2757.0,8.0,2688.0,aronian levon,1982.0,2725.0,42.0
1074690,2024,rapid,open,,26,"Sargsyan, Shant",ARM,2601.0,8.0,2665.0,sargsyan shant,2002.0,2630.0,22.0
1074690,2024,rapid,open,,27,"Lazavik, Denis",FID,2553.0,8.0,2700.0,denis lazavik,2006.0,2621.0,18.0
1074690,2024,rapid,open,,28,"Abdusattorov, Nodirbek",UZB,2740.0,8.0,2694.0,abdusattorov nodirbek,2004.0,2762.0,20.0
1074690,2024,rapid,open,,29,"Esipenko, Andrey",FID,2642.0,8.0,2692.0,andrey esipenko,2002.0,2680.0,22.0
1074690,2024,rapid,open,,30,"Theodorou, Nikolas",GRE,2535.0,8.0,2609.0,nikolas theodorou,2000.0,2633.0,24.0
1074690,2024,rapid,open,,31,"Martirosyan, Haik M.",ARM,2609.0,8.0,2641.0,haik m. martirosyan,2000.0,2664.0,24.0
1074690,2024,rapid,open,,32,"Bjerre, Jonas Buhl",DEN,2524.0,8.0,2638.0,bjerre buhl jonas,2004.0,2615.0,20.0
1074690,2024,rapid,open,,33,"Antipov, Mikhail Al.",USA,2591.0,8.0,2672.0,al. antipov mikhail,1997.0,2628.0,27.0
1074690,2024,rapid,open,,34,"Vachier-Lagrave, Maxime",FRA,2763.0,8.0,2656.0,maxime vachier-lagrave,1990.0,2718.0,34.0
1074690,2024,rapid,open,,35,"Anton Guijarro, David",ESP,2635.0,8.0,2577.0,anton david guijarro,1995.0,2632.0,29.0
1074690,2024,rapid,open,,36,"van Foreest, Jorden",NED,2651.0,8.0,2573.0,foreest jorden van,1999.0,2706.0,25.0
1074690,2024,rapid,open,,37,"Shimanov, Aleksandr",FID,2578.0,8.0,2578.0,aleksandr shimanov,1992.0,2578.0,32.0
1074690,2024,rapid,open,,38,"Gelfand, Boris",ISR,2630.0,8.0,2558.0,boris gelfand,1968.0,2641.0,56.0
1074690,2024,rapid,open,,39,"Xiong, Jeffery",USA,2714.0,8.0,2576.0,jeffery xiong,2000.0,2656.0,24.0
1074690,2024,rapid,open,,40,"Aravindh, Chithambaram Vr.",IND,2546.0,8.0,2555.0,aravindh chithambaram vr.,1999.0,2677.0,25.0
1074690,2024,rapid,open,,41,"Le, Quang Liem",VIE,2657.0,8.0,2578.0,le liem quang,1991.0,2732.0,33.0
1074690,2024,rapid,open,,42,"Deac, Bogdan-Daniel",ROU,2635.0,7.5,2690.0,bogdan-daniel deac,2001.0,2644.0,23.0
1074690,2024,rapid,open,,43,"Naroditsky, Daniel",USA,2638.0,7.5,2620.0,daniel naroditsky,,,
1074690,2024,rapid,open,,44,"Pranav, V",IND,2497.0,7.5,2686.0,pranav v,2008.0,1624.0,16.0
1074690,2024,rapid,open,,45,"Nakamura, Hikaru",USA,2755.0,7.5,2597.0,hikaru nakamura,1987.0,2792.0,37.0
1074690,2024,rapid,open,,46,"Safarli, Eltaj",AZE,2611.0,7.5,2581.0,eltaj safarli,1992.0,2616.0,32.0
1074690,2024,rapid,open,,47,"Bu, Xiangzhi",CHN,2569.0,7.5,2609.0,bu xiangzhi,1985.0,2651.0,39.0
1074690,2024,rapid,open,,48,"Vakhidov, Jakhongir",UZB,2466.0,7.5,2661.0,jakhongir vakhidov,1995.0,2527.0,29.0
1074690,2024,rapid,open,,49,"Tari, Aryan",NOR,2559.0,7.5,2578.0,aryan tari,1999.0,2647.0,25.0
1074690,2024,rapid,open,,50,"Bluebaum, Matthias",GER,2608.0,7.5,2525.0,bluebaum matthias,1997.0,2662.0,27.0
1074690,2024,rapid,open,,51,"Dardha, Daniel",BEL,2554.0,7.5,2653.0,daniel dardha,2005.0,2608.0,19.0
1074690,2024,rapid,open,,52,"Oparin, Grigoriy",USA,2655.0,7.5,2521.0,grigoriy oparin,1997.0,2638.0,27.0
1074690,2024,rapid,open,,53,"Meier, Georg",URU,2624.0,7.5,2524.0,georg meier,1987.0,2612.0,37.0
1074690,2024,rapid,open,,54,"Lodici, Lorenzo",ITA,2450.0,7.5,2580.0,lodici lorenzo,2000.0,2573.0,24.0
1074690,2024,rapid,open,,55,"Sadhwani, Raunak",IND,2591.0,7.0,2661.0,raunak sadhwani,2005.0,2645.0,19.0
1074690,2024,rapid,open,,56,"Shankland, Sam",USA,2618.0,7.0,2629.0,sam shankland,1991.0,2646.0,33.0
1074690,2024,rapid,open,,57,"Nesterov, Arseniy",FID,2539.0,7.0,2614.0,arseniy nesterov,2003.0,2590.0,21.0
1074690,2024,rapid,open,,58,"Pichot, Alan",ESP,2591.0,7.0,2535.0,alan pichot,1998.0,2565.0,26.0
1074690,2024,rapid,open,,59,"Svane, Rasmus",GER,2629.0,7.0,2556.0,rasmus svane,1997.0,2610.0,27.0
1074690,2024,rapid,open,,60,"Can, Isik",TUR,2371.0,7.0,2609.0,can isik,2005.0,2569.0,19.0
1074690,2024,rapid,open,,61,"So, Wesley",USA,2739.0,7.0,2567.0,so wesley,1993.0,2774.0,31.0
1074690,2024,rapid,open,,62,"Jumabayev, Rinat",KAZ,2503.0,7.0,2624.0,jumabayev rinat,1989.0,2564.0,35.0
1074690,2024,rapid,open,,63,"Grebnev, Aleksey",FID,2496.0,7.0,2557.0,aleksey grebnev,2006.0,2614.0,18.0
1074690,2024,rapid,open,,64,"Chasin, Nico",USA,2300.0,7.0,2594.0,chasin nico,2006.0,2490.0,18.0
1074690,2024,rapid,open,,65,"Zemlyanskii, Ivan",FID,2495.0,7.0,2599.0,ivan zemlyanskii,2010.0,2563.0,14.0
1074690,2024,rapid,open,,66,"Volokitin, Andrei",UKR,2569.0,7.0,2559.0,andrei volokitin,1986.0,2618.0,38.0
1074690,2024,rapid,open,,67,"Andriasian, Zaven",ARM,2624.0,7.0,2568.0,andriasian zaven,1989.0,2528.0,35.0
1074690,2024,rapid,open,,68,"Ivanchuk, Vasyl",UKR,2647.0,7.0,2555.0,ivanchuk vasyl,1969.0,2630.0,55.0
1074690,2024,rapid,open,,69,"Ansat, Aldiyar",KAZ,2338.0,7.0,2596.0,aldiyar ansat,2008.0,2495.0,16.0
1074690,2024,rapid,open,,70,"Cheparinov, Ivan",BUL,2638.0,7.0,2485.0,cheparinov ivan,1986.0,2631.0,38.0
1074690,2024,rapid,open,,71,"Paravyan, David",FID,2562.0,7.0,2488.0,david paravyan,1998.0,2587.0,26.0
1074690,2024,rapid,open,,72,"Hakobyan, Aram",ARM,2513.0,7.0,2533.0,aram hakobyan,2001.0,2638.0,23.0
1074690,2024,rapid,open,,73,"Samadov, Read",AZE,2434.0,7.0,2610.0,read samadov,2007.0,2524.0,17.0
1074690,2024,rapid,open,,74,"Rakhmanov, Aleksandr",FID,2561.0,7.0,2486.0,aleksandr rakhmanov,1989.0,2597.0,35.0
1074690,2024,rapid,open,,75,"Petrosian, Tigran L.",ARM,2601.0,7.0,2495.0,l. petrosian tigran,1984.0,2522.0,40.0
1074690,2024,rapid,open,,76,"Tsaruk, Maksim",FID,2437.0,7.0,2562.0,maksim tsaruk,2005.0,2487.0,19.0
1074690,2024,rapid,open,,77,"Karthik, Venkataraman",IND,2411.0,7.0,2609.0,karthik venkataraman,1999.0,2556.0,25.0
1074690,2024,rapid,open,,78,"Khanin, Semen",FID,2484.0,7.0,2580.0,khanin semen,1999.0,2598.0,25.0
1074690,2024,rapid,open,,79,"Hardaway, Brewington",USA,2181.0,7.0,2603.0,brewington hardaway,2009.0,2509.0,15.0
1074690,2024,rapid,open,,80,"Adewumi, Tanitoluwa",USA,2262.0,7.0,2589.0,adewumi tanitoluwa,2010.0,2487.0,14.0
1074690,2024,rapid,open,,81,"Bok, Benjamin",NED,2596.0,7.0,2515.0,benjamin bok,1995.0,2560.0,29.0
1074690,2024,rapid,open,,82,"Ohanyan, Emin",ARM,2295.0,7.0,2585.0,emin ohanyan,2006.0,2520.0,18.0
1074690,2024,rapid,open,,83,"Akobian, Varuzhan",USA,2604.0,7.0,2464.0,akobian varuzhan,1983.0,2553.0,41.0
1074690,2024,rapid,open,,84,"Amar, Elham",NOR,2494.0,7.0,2440.0,amar elham,2005.0,2577.0,19.0
1074690,2024,rapid,open,,85,"Indjic, Aleksandar",SRB,2598.0,7.0,2437.0,aleksandar indjic,1995.0,2598.0,29.0
1074690,2024,rapid,open,,86,"Madaminov, Mukhiddin",UZB,2456.0,7.0,2477.0,madaminov mukhiddin,2006.0,2611.0,18.0
1074690,2024,rapid,open,,87,"Isanzhulov, Arystan",KAZ,2427.0,6.5,2587.0,arystan isanzhulov,2003.0,2385.0,21.0
1074690,2024,rapid,open,,88,"Gan-Erdene, Sugar",MGL,2405.0,6.5,2572.0,gan-erdene sugar,2003.0,2461.0,21.0
1074690,2024,rapid,open,,89,"Lenderman, Aleksandr",USA,2621.0,6.5,2524.0,aleksandr lenderman,1989.0,2462.0,35.0
1074690,2024,rapid,open,,90,"Hong, Andrew",USA,2560.0,6.5,2477.0,andrew hong,2004.0,2598.0,20.0
1074690,2024,rapid,open,,91,"Dudin, Gleb",HUN,2436.0,6.5,2541.0,dudin gleb,2004.0,2560.0,20.0
1074690,2024,rapid,open,,92,"Le Tuan, Minh",VIE,2492.0,6.5,2557.0,le minh tuan,2006.0,1677.0,18.0
1074690,2024,rapid,open,,93,"Oro, Faustino",ARG,2404.0,6.5,2508.0,faustino oro,2013.0,2537.0,11.0
1074690,2024,rapid,open,,94,"Donchenko, Alexander",GER,2578.0,6.5,2458.0,alexander donchenko,1998.0,2625.0,26.0
1074690,2024,rapid,open,,95,"Damjanovic, Vuk",SRB,2375.0,6.5,2529.0,damjanovic vuk,2006.0,2414.0,18.0
1074690,2024,rapid,open,,96,"Brodsky, David",USA,2491.0,6.5,2410.0,brodsky david,2002.0,2528.0,22.0
1074690,2024,rapid,open,,97,"Rasulov, Vugar",AZE,2456.0,6.5,2459.0,rasulov vugar,1991.0,2563.0,33.0
1074690,2024,rapid,open,,98,"Harsha, Bharathakoti",IND,2516.0,6.5,2424.0,bharathakoti harsha,2000.0,2510.0,24.0
1074690,2024,rapid,open,,99,"Suleymanli, Aydin",AZE,2549.0,6.5,2459.0,aydin suleymanli,2005.0,2664.0,19.0
1074690,2024,rapid,open,,100,"Ibarra Jerez, Jose Carlos",ESP,2555.0,6.5,2439.0,carlos ibarra jerez jose,1985.0,2533.0,39.0
1074690,2024,rapid,open,,101,"Moradiabadi, Elshan",USA,2552.0,6.5,2422.0,elshan moradiabadi,1985.0,2477.0,39.0
1074690,2024,rapid,open,,102,"Kobalia, Mikhail",FID,2522.0,6.5,2403.0,kobalia mikhail,1978.0,2529.0,46.0
1074690,2024,rapid,open,,103,"Gagunashvili, Merab",GEO,2460.0,6.5,2293.0,gagunashvili merab,1985.0,2520.0,39.0
1074690,2024,rapid,open,,104,"Chanda, Sandipan",IND,2585.0,6.5,2385.0,chanda sandipan,1983.0,2470.0,41.0
1074690,2024,rapid,open,,105,"Lomasov, Semyon",ISR,2560.0,6.0,2499.0,lomasov semyon,2002.0,2551.0,22.0
1074690,2024,rapid,open,,106,"Ghosh, Diptayan",IND,2455.0,6.0,2530.0,diptayan ghosh,1998.0,2551.0,26.0
1074690,2024,rapid,open,,107,"Svane, Frederik",GER,2455.0,6.0,2579.0,frederik svane,2004.0,2655.0,20.0
1074690,2024,rapid,open,,108,"Makarian, Rudik",FID,2498.0,6.0,2541.0,makarian rudik,2004.0,2556.0,20.0
1074690,2024,rapid,open,,109,"Nogerbek, Kazybek",KAZ,2526.0,6.0,2512.0,kazybek nogerbek,2004.0,2497.0,20.0
1074690,2024,rapid,open,,110,"Lu, Shanglei",CHN,2638.0,6.0,2484.0,lu shanglei,1995.0,2637.0,29.0
1074690,2024,rapid,open,,111,"Chirila, Ioan-Cristian",ROU,2500.0,6.0,2428.0,chirila ioan-cristian,1991.0,2506.0,33.0
1074690,2024,rapid,open,,112,"Kadric, Denis",MNE,2513.0,6.0,2470.0,denis kadric,1995.0,2513.0,29.0
1074690,2024,rapid,open,,113,"Tang, Andrew",USA,2425.0,6.0,2479.0,andrew tang,1999.0,2551.0,25.0
1074690,2024,rapid,open,,114,"Sardana, Rishi",AUS,2409.0,6.0,2447.0,rishi sardana,1997.0,2518.0,27.0
1074690,2024,rapid,open,,115,"Kacharava, Nikolozi",GEO,2405.0,6.0,2494.0,kacharava nikolozi,2004.0,2525.0,20.0
1074690,2024,rapid,open,,116,"Andersen, Mads",DEN,2512.0,6.0,2331.0,andersen mads,1995.0,2549.0,29.0
1074690,2024,rapid,open,,117,"Kevlishvili, Robby",NED,2558.0,6.0,2345.0,kevlishvili robby,2001.0,2516.0,23.0
1074690,2024,rapid,open,,118,"Urazayev, Arystanbek",KAZ,2423.0,6.0,2433.0,arystanbek urazayev,1998.0,2488.0,26.0
1074690,2024,rapid,open,,119,"Christiansen, Johan-Sebastian",NOR,2468.0,6.0,2405.0,christiansen johan-sebastian,1998.0,2656.0,26.0
1074690,2024,rapid,open,,120,"Saraci, Nderim",KOS,2419.0,6.0,2421.0,nderim saraci,1996.0,2453.0,28.0
1074690,2024,rapid,open,,121,"Barbosa, Oliver",PHI,2610.0,6.0,2368.0,barbosa oliver,1986.0,2383.0,38.0
1074690,2024,rapid,open,,122,"Thavandiran, Shiyam",CAN,2405.0,6.0,2404.0,shiyam thavandiran,1992.0,2405.0,32.0
1074690,2024,rapid,open,,123,"Woodward, Andy",USA,2530.0,5.5,2468.0,andy woodward,2010.0,2619.0,14.0
1074690,2024,rapid,open,,124,"Liang, Awonder",USA,2519.0,5.5,2490.0,awonder liang,2003.0,2693.0,21.0
1074690,2024,rapid,open,,125,"Bai, Adelard",TPE,2232.0,5.5,2504.0,adelard bai,2007.0,2468.0,17.0
1074690,2024,rapid,open,,126,"Zarnicki, Pablo",ARG,2460.0,5.5,2490.0,pablo zarnicki,1972.0,2508.0,52.0
1074690,2024,rapid,open,,127,"Amartuvshin, Ganzorig",MGL,2298.0,5.5,2485.0,amartuvshin ganzorig,2005.0,2445.0,19.0
1074690,2024,rapid,open,,128,"Moroni, Luca Jr",ITA,2525.0,5.5,2399.0,jr luca moroni,2000.0,2556.0,24.0
1074690,2024,rapid,open,,129,"Suleymenov, Alisher",KAZ,2413.0,5.5,2502.0,alisher suleymenov,2000.0,2498.0,24.0
1074690,2024,rapid,open,,130,"Manafov, Vugar",AZE,2349.0,5.5,2479.0,manafov vugar,2004.0,2448.0,20.0
1074690,2024,rapid,open,,131,"Vokhidov, Shamsiddin",UZB,2540.0,5.5,2442.0,shamsiddin vokhidov,2002.0,2654.0,22.0
1074690,2024,rapid,open,,132,"Sarana, Alexey",SRB,2654.0,5.5,2415.0,alexey sarana,2000.0,2666.0,24.0
1074690,2024,rapid,open,,133,"Smirnov, Mark",KAZ,2045.0,5.5,2477.0,mark smirnov,2012.0,2451.0,12.0
1074690,2024,rapid,open,,134,"Blohberger, Felix",AUT,2423.0,5.5,2434.0,blohberger felix,2002.0,2552.0,22.0
1074690,2024,rapid,open,,135,"Banh Gia, Huy",VIE,2203.0,5.5,2454.0,banh gia huy,2009.0,2464.0,15.0
1074690,2024,rapid,open,,136,"Hovhannisyan, Robert",ARM,2575.0,5.5,2332.0,hovhannisyan robert,1991.0,2642.0,33.0
1074690,2024,rapid,open,,137,"Bezold, Michael",GER,2574.0,5.5,2269.0,bezold michael,1972.0,2469.0,52.0
1074690,2024,rapid,open,,138,"Hungaski, Robert",USA,2402.0,5.5,2421.0,hungaski robert,1987.0,2493.0,37.0
1074690,2024,rapid,open,,139,"Manon, Reja Neer",BAN,2193.0,5.5,2408.0,manon neer reja,2010.0,2420.0,14.0
1074690,2024,rapid,open,,140,"Gretarsson, Helgi Ass",ISL,2392.0,5.5,2329.0,ass gretarsson helgi,1977.0,2420.0,47.0
1074690,2024,rapid,open,,141,"Soo, Kai Jie",AUS,2112.0,5.5,2291.0,jie kai soo,1998.0,2286.0,26.0
1074690,2024,rapid,open,,142,"Wanyama, Harold",UGA,2191.0,5.5,2273.0,harold wanyama,1981.0,2161.0,43.0
1074690,2024,rapid,open,,143,"Mamedov, Edgar",KAZ,2356.0,5.0,2462.0,edgar mamedov,2010.0,2474.0,14.0
1074690,2024,rapid,open,,144,"Fressinet, Laurent",FRA,2598.0,5.0,2329.0,fressinet laurent,1981.0,2610.0,43.0
1074690,2024,rapid,open,,145,"Escobar Forero, Alder",COL,2409.0,5.0,2427.0,alder escobar forero,1977.0,2414.0,47.0
1074690,2024,rapid,open,,146,"Onischuk, Alexander",USA,2668.0,5.0,2349.0,alexander onischuk,1975.0,2639.0,49.0
1074690,2024,rapid,open,,147,"Batsuren, Dambasuren",MGL,2435.0,5.0,2405.0,batsuren dambasuren,2004.0,2504.0,20.0
1074690,2024,rapid,open,,148,"Carlsen, Magnus",NOR,2838.0,5.0,2582.0,carlsen magnus,1990.0,2823.0,34.0
1074690,2024,rapid,open,,149,"Macovei, Andrei",MDA,2375.0,5.0,2426.0,andrei macovei,2000.0,2484.0,24.0
1074690,2024,rapid,open,,150,"Bilych, Oleksii",UKR,2450.0,5.0,2316.0,bilych oleksii,2004.0,2423.0,20.0
1074690,2024,rapid,open,,151,"Kvaloy, Aksel Bu",NOR,2226.0,5.0,2378.0,aksel bu kvaloy,2008.0,2505.0,16.0
1074690,2024,rapid,open,,152,"Bologan, Victor",MDA,2540.0,5.0,2323.0,bologan victor,1971.0,2590.0,53.0
1074690,2024,rapid,open,,153,"Rosen, Eric",USA,2325.0,5.0,2394.0,eric rosen,1993.0,2377.0,31.0
1074690,2024,rapid,open,,154,"Schnaider, Ilan",ARG,2285.0,5.0,2388.0,ilan schnaider,2011.0,2443.0,13.0
1074690,2024,rapid,open,,155,"Gaehwiler, Gabriel",SUI,2353.0,5.0,2383.0,gabriel gaehwiler,1994.0,2380.0,30.0
1074690,2024,rapid,open,,156,"Druska, Juraj",SVK,2433.0,5.0,2330.0,druska juraj,1994.0,2459.0,30.0
1074690,2024,rapid,open,,157,"Erenburg, Sergey",USA,2510.0,5.0,2264.0,erenburg sergey,1983.0,2475.0,41.0
1074690,2024,rapid,open,,158,"Lou, Yiping",CHN,2471.0,4.5,2249.0,lou yiping,1991.0,2433.0,33.0
1074690,2024,rapid,open,,159,"Juksta, Karolis",LTU,2309.0,4.5,2372.0,juksta karolis,2003.0,2395.0,21.0
1074690,2024,rapid,open,,160,"Sharshenbekov, Emir",KGZ,2243.0,4.5,2289.0,emir sharshenbekov,2010.0,2306.0,14.0
1074690,2024,rapid,open,,161,"Papasimakopoulos, Alexandros",GRE,2417.0,4.5,2305.0,alexandros papasimakopoulos,1996.0,2339.0,28.0
1074690,2024,rapid,open,,162,"Horvath, Dominik",AUT,2430.0,4.5,2292.0,dominik horvath,2003.0,2560.0,21.0
1074690,2024,rapid,open,,163,"Dragnev, Valentin",AUT,2473.0,4.5,2240.0,dragnev valentin,1999.0,2544.0,25.0
1074690,2024,rapid,open,,164,"Matviishen, Viktor",UKR,2436.0,4.0,2355.0,matviishen viktor,2002.0,2540.0,22.0
1074690,2024,rapid,open,,165,"Corrales Jimenez, Fidel",USA,2516.0,4.0,2249.0,corrales fidel jimenez,1987.0,2490.0,37.0
1074690,2024,rapid,open,,166,"Benjamin, Joel",USA,2473.0,4.0,2213.0,benjamin joel,1964.0,2467.0,60.0
1074690,2024,rapid,open,,167,"Wagner, Dennis",GER,2456.0,4.0,2230.0,dennis wagner,1997.0,2580.0,27.0
1074690,2024,rapid,open,,168,"Degenbaev, Aziz",KGZ,2227.0,4.0,2310.0,aziz degenbaev,2005.0,2293.0,19.0
1074690,2024,rapid,open,,169,"Pereira, Fabian",PAR,2148.0,4.0,2206.0,fabian pereira,1995.0,2114.0,29.0
1074690,2024,rapid,open,,170,"Grahn, Vidar",SWE,2206.0,4.0,2130.0,grahn vidar,2006.0,2302.0,18.0
1074690,2024,rapid,open,,171,"Zhalmakhanov, Ramazan",KAZ,2423.0,3.5,2374.0,ramazan zhalmakhanov,2002.0,2455.0,22.0
1074690,2024,rapid,open,,172,"George, Kevin",EGY,2212.0,3.5,2299.0,george kevin,2009.0,2331.0,15.0
1074690,2024,rapid,open,,173,"Ghaem Maghami, Ehsan",IRI,2522.0,3.5,2230.0,ehsan ghaem maghami,1982.0,2442.0,42.0
1074690,2024,rapid,open,,174,"Makoto, Rodwell",ZIM,2407.0,3.5,2030.0,makoto rodwell,1987.0,2325.0,37.0
1074690,2024,rapid,open,,175,"Esquivel Golcher, Luis Enrique",PAN,2073.0,3.5,2136.0,enrique esquivel golcher luis,1983.0,2044.0,41.0
1074690,2024,rapid,open,,176,"Dlugy, Maxim",USA,2538.0,3.0,2283.0,dlugy maxim,1966.0,2496.0,58.0
1074690,2024,rapid,open,,177,"Larrea, Manuel",URU,2254.0,3.0,2039.0,larrea manuel,1980.0,2185.0,44.0
1074690,2024,rapid,open,,178,"Meylan, Andre",MNC,2083.0,3.0,2081.0,andre meylan,1995.0,2138.0,29.0
1074690,2024,rapid,open,,179,"Wong, Hayoung",KOR,1704.0,3.0,2028.0,hayoung wong,1985.0,1704.0,39.0
1074690,2024,rapid,open,,180,"Ahmed, Nidal",PLE,1827.0,1.0,1977.0,ahmed nidal,1986.0,1792.0,38.0
1074692,2024,blitz,open,,1,"Nepomniachtchi, Ian",FID,2770.0,9.5,,ian nepomniachtchi,1990.0,2719.0,34.0
1074692,2024,blitz,open,,2,"Carlsen, Magnus",NOR,2890.0,9.5,,carlsen magnus,1990.0,2823.0,34.0
1074692,2024,blitz,open,,3,"So, Wesley",USA,2803.0,9.5,,so wesley,1993.0,2774.0,31.0
1074692,2024,blitz,open,,4,"Duda, Jan-Krzysztof",POL,2776.0,9.5,,duda jan-krzysztof,1998.0,2743.0,26.0
1074692,2024,blitz,open,,5,"Caruana, Fabiano",USA,2796.0,9.5,,caruana fabiano,1992.0,2789.0,32.0
1074692,2024,blitz,open,,6,"Firouzja, Alireza",FRA,2871.0,9.5,,alireza firouzja,2003.0,2757.0,21.0
1074692,2024,blitz,open,,7,"Niemann, Hans Moke",USA,2709.0,9.5,,hans moke niemann,2003.0,2725.0,21.0
1074692,2024,blitz,open,,8,"Murzin, Volodar",FID,2629.0,9.5,,murzin volodar,2006.0,2656.0,18.0
1074692,2024,blitz,open,,9,"Naroditsky, Daniel",USA,2711.0,9.5,,daniel naroditsky,,,
1074692,2024,blitz,open,,10,"Dubov, Daniil",FID,2784.0,9.5,,daniil dubov,1996.0,2654.0,28.0
1074692,2024,blitz,open,,11,"Bortnyk, Olexandr",UKR,2762.0,9.0,,bortnyk olexandr,1996.0,2604.0,28.0
1074692,2024,blitz,open,,12,"Bortnyk, Mykola",UKR,2616.0,9.0,,bortnyk mykola,1994.0,2446.0,30.0
1074692,2024,blitz,open,,13,"Martirosyan, Haik M.",ARM,2692.0,9.0,,haik m. martirosyan,2000.0,2664.0,24.0
1074692,2024,blitz,open,,14,"Aronian, Levon",USA,2737.0,8.5,,aronian levon,1982.0,2725.0,42.0
1074692,2024,blitz,open,,15,"Sevian, Samuel",USA,2693.0,8.5,,samuel sevian,2000.0,2708.0,24.0
1074692,2024,blitz,open,,16,"Dominguez Perez, Leinier",USA,2656.0,8.5,,dominguez leinier perez,1983.0,2732.0,41.0
1074692,2024,blitz,open,,17,"Antipov, Mikhail Al.",USA,2545.0,8.5,,al. antipov mikhail,1997.0,2628.0,27.0
1074692,2024,blitz,open,,18,"Grischuk, Alexander",FID,2684.0,8.5,,alexander grischuk,1983.0,2628.0,41.0
1074692,2024,blitz,open,,19,"Lu, Shanglei",CHN,2648.0,8.5,,lu shanglei,1995.0,2637.0,29.0
1074692,2024,blitz,open,,20,"Bok, Benjamin",NED,2627.0,8.5,,benjamin bok,1995.0,2560.0,29.0
1074692,2024,blitz,open,,21,"Nakamura, Hikaru",USA,2860.0,8.5,,hikaru nakamura,1987.0,2792.0,37.0
1074692,2024,blitz,open,,22,"Nogerbek, Kazybek",KAZ,2511.0,8.5,,kazybek nogerbek,2004.0,2497.0,20.0
1074692,2024,blitz,open,,23,"Praggnanandhaa, R",IND,2716.0,8.5,,praggnanandhaa r,2005.0,2761.0,19.0
1074692,2024,blitz,open,,24,"Oparin, Grigoriy",USA,2659.0,8.5,,grigoriy oparin,1997.0,2638.0,27.0
1074692,2024,blitz,open,,25,"Lazavik, Denis",FID,2610.0,8.5,,denis lazavik,2006.0,2621.0,18.0
1074692,2024,blitz,open,,26,"Le Tuan, Minh",VIE,2532.0,8.5,,le minh tuan,2006.0,1677.0,18.0
1074692,2024,blitz,open,,27,"Lenderman, Aleksandr",USA,2582.0,8.5,,aleksandr lenderman,1989.0,2462.0,35.0
1074692,2024,blitz,open,,28,"Suleymanli, Aydin",AZE,2593.0,8.5,,aydin suleymanli,2005.0,2664.0,19.0
1074692,2024,blitz,open,,29,"Xiong, Jeffery",USA,2707.0,8.0,,jeffery xiong,2000.0,2656.0,24.0
1074692,2024,blitz,open,,30,"Giri, Anish",NED,2659.0,8.0,,anish giri,1994.0,2757.0,30.0
1074692,2024,blitz,open,,31,"Lomasov, Semyon",ISR,2445.0,8.0,,lomasov semyon,2002.0,2551.0,22.0
1074692,2024,blitz,open,,32,"Woodward, Andy",USA,2353.0,8.0,,andy woodward,2010.0,2619.0,14.0
1074692,2024,blitz,open,,33,"Makarian, Rudik",FID,2581.0,8.0,,makarian rudik,2004.0,2556.0,20.0
1074692,2024,blitz,open,,34,"Svane, Rasmus",GER,2597.0,8.0,,rasmus svane,1997.0,2610.0,27.0
1074692,2024,blitz,open,,35,"Sadhwani, Raunak",IND,2663.0,8.0,,raunak sadhwani,2005.0,2645.0,19.0
1074692,2024,blitz,open,,36,"Vokhidov, Shamsiddin",UZB,2593.0,8.0,,shamsiddin vokhidov,2002.0,2654.0,22.0
1074692,2024,blitz,open,,37,"Sindarov, Javokhir",UZB,2628.0,8.0,,javokhir sindarov,2005.0,2778.0,19.0
1074692,2024,blitz,open,,38,"Dardha, Daniel",BEL,2563.0,8.0,,daniel dardha,2005.0,2608.0,19.0
1074692,2024,blitz,open,,39,"Abdusattorov, Nodirbek",UZB,2707.0,8.0,,abdusattorov nodirbek,2004.0,2762.0,20.0
1074692,2024,blitz,open,,40,"Salem, A.R. Saleh",UAE,2674.0,8.0,,a.r. saleh salem,1993.0,2616.0,31.0
1074692,2024,blitz,open,,41,"van Foreest, Jorden",NED,2599.0,8.0,,foreest jorden van,1999.0,2706.0,25.0
1074692,2024,blitz,open,,42,"Safarli, Eltaj",AZE,2644.0,8.0,,eltaj safarli,1992.0,2616.0,32.0
1074692,2024,blitz,open,,43,"Donchenko, Alexander",GER,2586.0,8.0,,alexander donchenko,1998.0,2625.0,26.0
1074692,2024,blitz,open,,44,"Gelfand, Boris",ISR,2583.0,7.5,,boris gelfand,1968.0,2641.0,56.0
1074692,2024,blitz,open,,45,"Liang, Awonder",USA,2527.0,7.5,,awonder liang,2003.0,2693.0,21.0
1074692,2024,blitz,open,,46,"Wei, Yi",CHN,2719.0,7.5,,wei yi,1999.0,2752.0,25.0
1074692,2024,blitz,open,,47,"Lodici, Lorenzo",ITA,2464.0,7.5,,lodici lorenzo,2000.0,2573.0,24.0
1074692,2024,blitz,open,,48,"Amar, Elham",NOR,2538.0,7.5,,amar elham,2005.0,2577.0,19.0
1074692,2024,blitz,open,,49,"Sarana, Alexey",SRB,2689.0,7.5,,alexey sarana,2000.0,2666.0,24.0
1074692,2024,blitz,open,,50,"Zemlyanskii, Ivan",FID,2545.0,7.5,,ivan zemlyanskii,2010.0,2563.0,14.0
1074692,2024,blitz,open,,51,"Mamedyarov, Shakhriyar",AZE,2705.0,7.5,,mamedyarov shakhriyar,1985.0,2720.0,39.0
1074692,2024,blitz,open,,52,"Corrales Jimenez, Fidel",USA,2527.0,7.5,,corrales fidel jimenez,1987.0,2490.0,37.0
1074692,2024,blitz,open,,53,"Kevlishvili, Robby",NED,2590.0,7.5,,kevlishvili robby,2001.0,2516.0,23.0
1074692,2024,blitz,open,,54,"Christiansen, Johan-Sebastian",NOR,2560.0,7.5,,christiansen johan-sebastian,1998.0,2656.0,26.0
1074692,2024,blitz,open,,55,"Mishra, Abhimanyu",USA,2452.0,7.5,,abhimanyu mishra,2009.0,2630.0,15.0
1074692,2024,blitz,open,,56,"Bluebaum, Matthias",GER,2621.0,7.5,,bluebaum matthias,1997.0,2662.0,27.0
1074692,2024,blitz,open,,57,"Vakhidov, Jakhongir",UZB,2546.0,7.5,,jakhongir vakhidov,1995.0,2527.0,29.0
1074692,2024,blitz,open,,58,"Vachier-Lagrave, Maxime",FRA,2776.0,7.5,,maxime vachier-lagrave,1990.0,2718.0,34.0
1074692,2024,blitz,open,,59,"Pichot, Alan",ESP,2531.0,7.5,,alan pichot,1998.0,2565.0,26.0
1074692,2024,blitz,open,,60,"Tari, Aryan",NOR,2587.0,7.5,,aryan tari,1999.0,2647.0,25.0
1074692,2024,blitz,open,,61,"Indjic, Aleksandar",SRB,2670.0,7.5,,aleksandar indjic,1995.0,2598.0,29.0
1074692,2024,blitz,open,,62,"Dlugy, Maxim",USA,2560.0,7.5,,dlugy maxim,1966.0,2496.0,58.0
1074692,2024,blitz,open,,63,"Rasulov, Vugar",AZE,2511.0,7.5,,rasulov vugar,1991.0,2563.0,33.0
1074692,2024,blitz,open,,64,"Erigaisi, Arjun",IND,2749.0,7.0,,arjun erigaisi,2003.0,2759.0,21.0
1074692,2024,blitz,open,,65,"Shankland, Sam",USA,2657.0,7.0,,sam shankland,1991.0,2646.0,33.0
1074692,2024,blitz,open,,66,"Ivanchuk, Vasyl",UKR,2651.0,7.0,,ivanchuk vasyl,1969.0,2630.0,55.0
1074692,2024,blitz,open,,67,"Pranav, V",IND,2572.0,7.0,,pranav v,2008.0,1624.0,16.0
1074692,2024,blitz,open,,68,"Aravindh, Chithambaram Vr.",IND,2618.0,7.0,,aravindh chithambaram vr.,1999.0,2677.0,25.0
1074692,2024,blitz,open,,69,"Bu, Xiangzhi",CHN,2760.0,7.0,,bu xiangzhi,1985.0,2651.0,39.0
1074692,2024,blitz,open,,70,"Hong, Andrew",USA,2469.0,7.0,,andrew hong,2004.0,2598.0,20.0
1074692,2024,blitz,open,,71,"Dudin, Gleb",HUN,2371.0,7.0,,dudin gleb,2004.0,2560.0,20.0
1074692,2024,blitz,open,,72,"Durarbayli, Vasif",AZE,2577.0,7.0,,durarbayli vasif,1992.0,2611.0,32.0
1074692,2024,blitz,open,,73,"Moroni, Luca Jr",ITA,2532.0,7.0,,jr luca moroni,2000.0,2556.0,24.0
1074692,2024,blitz,open,,74,"Samadov, Read",AZE,2404.0,7.0,,read samadov,2007.0,2524.0,17.0
1074692,2024,blitz,open,,75,"Esipenko, Andrey",FID,2608.0,7.0,,andrey esipenko,2002.0,2680.0,22.0
1074692,2024,blitz,open,,76,"Tang, Andrew",USA,2586.0,7.0,,andrew tang,1999.0,2551.0,25.0
1074692,2024,blitz,open,,77,"Svane, Frederik",GER,2502.0,7.0,,frederik svane,2004.0,2655.0,20.0
1074692,2024,blitz,open,,78,"Deac, Bogdan-Daniel",ROU,2637.0,7.0,,bogdan-daniel deac,2001.0,2644.0,23.0
1074692,2024,blitz,open,,79,"Shimanov, Aleksandr",FID,2623.0,7.0,,aleksandr shimanov,1992.0,2578.0,32.0
1074692,2024,blitz,open,,80,"Damjanovic, Vuk",SRB,2447.0,7.0,,damjanovic vuk,2006.0,2414.0,18.0
1074692,2024,blitz,open,,81,"Kadric, Denis",MNE,2583.0,7.0,,denis kadric,1995.0,2513.0,29.0
1074692,2024,blitz,open,,82,"Paravyan, David",FID,2587.0,7.0,,david paravyan,1998.0,2587.0,26.0
1074692,2024,blitz,open,,83,"Petrosian, Tigran L.",ARM,2593.0,7.0,,l. petrosian tigran,1984.0,2522.0,40.0
1074692,2024,blitz,open,,84,"Robson, Ray",USA,2656.0,7.0,,ray robson,1994.0,2659.0,30.0
1074692,2024,blitz,open,,85,"Jacobson, Brandon",USA,2482.0,6.5,,brandon jacobson,2003.0,2644.0,21.0
1074692,2024,blitz,open,,86,"Jumabayev, Rinat",KAZ,2507.0,6.5,,jumabayev rinat,1989.0,2564.0,35.0
1074692,2024,blitz,open,,87,"Madaminov, Mukhiddin",UZB,2471.0,6.5,,madaminov mukhiddin,2006.0,2611.0,18.0
1074692,2024,blitz,open,,88,"Hardaway, Brewington",USA,2394.0,6.5,,brewington hardaway,2009.0,2509.0,15.0
1074692,2024,blitz,open,,89,"Yu, Yangyi",CHN,2728.0,6.5,,yangyi yu,1994.0,2710.0,30.0
1074692,2024,blitz,open,,90,"Mamedov, Edgar",KAZ,2411.0,6.5,,edgar mamedov,2010.0,2474.0,14.0
1074692,2024,blitz,open,,91,"Le, Quang Liem",VIE,2705.0,6.5,,le liem quang,1991.0,2732.0,33.0
1074692,2024,blitz,open,,92,"Grigoryan, Karen H.",ARM,2678.0,6.5,,grigoryan h. karen,1995.0,2464.0,29.0
1074692,2024,blitz,open,,93,"Can, Isik",TUR,2374.0,6.5,,can isik,2005.0,2569.0,19.0
1074692,2024,blitz,open,,94,"Andriasian, Zaven",ARM,2610.0,6.5,,andriasian zaven,1989.0,2528.0,35.0
1074692,2024,blitz,open,,95,"Meier, Georg",URU,2533.0,6.5,,georg meier,1987.0,2612.0,37.0
1074692,2024,blitz,open,,96,"Macovei, Andrei",MDA,2444.0,6.5,,andrei macovei,2000.0,2484.0,24.0
1074692,2024,blitz,open,,97,"Hovhannisyan, Robert",ARM,2585.0,6.5,,hovhannisyan robert,1991.0,2642.0,33.0
1074692,2024,blitz,open,,98,"Gagunashvili, Merab",GEO,2532.0,6.5,,gagunashvili merab,1985.0,2520.0,39.0
1074692,2024,blitz,open,,99,"Saraci, Nderim",KOS,2518.0,6.5,,nderim saraci,1996.0,2453.0,28.0
1074692,2024,blitz,open,,100,"Matviishen, Viktor",UKR,2423.0,6.5,,matviishen viktor,2002.0,2540.0,22.0
1074692,2024,blitz,open,,101,"Dragnev, Valentin",AUT,2476.0,6.5,,dragnev valentin,1999.0,2544.0,25.0
1074692,2024,blitz,open,,102,"Fressinet, Laurent",FRA,2584.0,6.5,,fressinet laurent,1981.0,2610.0,43.0
1074692,2024,blitz,open,,103,"Horvath, Dominik",AUT,2401.0,6.5,,dominik horvath,2003.0,2560.0,21.0
1074692,2024,blitz,open,,104,"Volokitin, Andrei",UKR,2536.0,6.5,,andrei volokitin,1986.0,2618.0,38.0
1074692,2024,blitz,open,,105,"Ibarra Jerez, Jose Carlos",ESP,2640.0,6.5,,carlos ibarra jerez jose,1985.0,2533.0,39.0
1074692,2024,blitz,open,,106,"Muradli, Mahammad",AZE,2566.0,6.5,,mahammad muradli,2003.0,2653.0,21.0
1074692,2024,blitz,open,,107,"Isanzhulov, Arystan",KAZ,2538.0,6.5,,arystan isanzhulov,2003.0,2385.0,21.0
1074692,2024,blitz,open,,108,"Theodorou, Nikolas",GRE,2543.0,6.0,,nikolas theodorou,2000.0,2633.0,24.0
1074692,2024,blitz,open,,109,"Manafov, Vugar",AZE,2365.0,6.0,,manafov vugar,2004.0,2448.0,20.0
1074692,2024,blitz,open,,110,"Grebnev, Aleksey",FID,2463.0,6.0,,aleksey grebnev,2006.0,2614.0,18.0
1074692,2024,blitz,open,,111,"Lou, Yiping",CHN,2419.0,6.0,,lou yiping,1991.0,2433.0,33.0
1074692,2024,blitz,open,,112,"Karthik, Venkataraman",IND,2458.0,6.0,,karthik venkataraman,1999.0,2556.0,25.0
1074692,2024,blitz,open,,113,"Ansat, Aldiyar",KAZ,2392.0,6.0,,aldiyar ansat,2008.0,2495.0,16.0
1074692,2024,blitz,open,,114,"Tsaruk, Maksim",FID,2474.0,6.0,,maksim tsaruk,2005.0,2487.0,19.0
1074692,2024,blitz,open,,115,"Hakobyan, Aram",ARM,2570.0,6.0,,aram hakobyan,2001.0,2638.0,23.0
1074692,2024,blitz,open,,116,"Bjerre, Jonas Buhl",DEN,2508.0,6.0,,bjerre buhl jonas,2004.0,2615.0,20.0
1074692,2024,blitz,open,,117,"Batsuren, Dambasuren",MGL,2451.0,6.0,,batsuren dambasuren,2004.0,2504.0,20.0
1074692,2024,blitz,open,,118,"Adewumi, Tanitoluwa",USA,2405.0,6.0,,adewumi tanitoluwa,2010.0,2487.0,14.0
1074692,2024,blitz,open,,119,"Rakhmanov, Aleksandr",FID,2577.0,6.0,,aleksandr rakhmanov,1989.0,2597.0,35.0
1074692,2024,blitz,open,,120,"Blohberger, Felix",AUT,2451.0,6.0,,blohberger felix,2002.0,2552.0,22.0
1074692,2024,blitz,open,,121,"Harsha, Bharathakoti",IND,2527.0,6.0,,bharathakoti harsha,2000.0,2510.0,24.0
1074692,2024,blitz,open,,122,"Ghaem Maghami, Ehsan",IRI,2559.0,6.0,,ehsan ghaem maghami,1982.0,2442.0,42.0
1074692,2024,blitz,open,,123,"Anton Guijarro, David",ESP,2576.0,6.0,,anton david guijarro,1995.0,2632.0,29.0
1074692,2024,blitz,open,,124,"Nesterov, Arseniy",FID,2529.0,6.0,,arseniy nesterov,2003.0,2590.0,21.0
1074692,2024,blitz,open,,125,"Sharshenbekov, Emir",KGZ,2205.0,6.0,,emir sharshenbekov,2010.0,2306.0,14.0
1074692,2024,blitz,open,,126,"Bezold, Michael",GER,2531.0,6.0,,bezold michael,1972.0,2469.0,52.0
1074692,2024,blitz,open,,127,"Juksta, Karolis",LTU,2338.0,6.0,,juksta karolis,2003.0,2395.0,21.0
1074692,2024,blitz,open,,128,"Urazayev, Arystanbek",KAZ,2447.0,5.5,,arystanbek urazayev,1998.0,2488.0,26.0
1074692,2024,blitz,open,,129,"Sargsyan, Shant",ARM,2618.0,5.5,,sargsyan shant,2002.0,2630.0,22.0
1074692,2024,blitz,open,,130,"Ghosh, Diptayan",IND,2552.0,5.5,,diptayan ghosh,1998.0,2551.0,26.0
1074692,2024,blitz,open,,131,"Raja, Harshit",IND,2451.0,5.5,,harshit raja,2001.0,2506.0,23.0
1074692,2024,blitz,open,,132,"Zarnicki, Pablo",ARG,2463.0,5.5,,pablo zarnicki,1972.0,2508.0,52.0
1074692,2024,blitz,open,,133,"Gan-Erdene, Sugar",MGL,2320.0,5.5,,gan-erdene sugar,2003.0,2461.0,21.0
1074692,2024,blitz,open,,134,"Thavandiran, Shiyam",CAN,2411.0,5.5,,shiyam thavandiran,1992.0,2405.0,32.0
1074692,2024,blitz,open,,135,"Hungaski, Robert",USA,2432.0,5.5,,hungaski robert,1987.0,2493.0,37.0
1074692,2024,blitz,open,,136,"Chanda, Sandipan",IND,2441.0,5.5,,chanda sandipan,1983.0,2470.0,41.0
1074692,2024,blitz,open,,137,"Khanin, Semen",FID,2461.0,5.5,,khanin semen,1999.0,2598.0,25.0
1074692,2024,blitz,open,,138,"Sardana, Rishi",AUS,2336.0,5.5,,rishi sardana,1997.0,2518.0,27.0
1074692,2024,blitz,open,,139,"Al-Tarboush, Ward",NOR,2340.0,5.5,,al-tarboush ward,1995.0,2243.0,29.0
1074692,2024,blitz,open,,140,"Kacharava, Nikolozi",GEO,2445.0,5.5,,kacharava nikolozi,2004.0,2525.0,20.0
1074692,2024,blitz,open,,141,"Suleymenov, Alisher",KAZ,2375.0,5.5,,alisher suleymenov,2000.0,2498.0,24.0
1074692,2024,blitz,open,,142,"Stearman, Josiah",USA,2383.0,5.5,,josiah stearman,2003.0,2464.0,21.0
1074692,2024,blitz,open,,143,"Margvelashvili, Giorgi",GEO,2554.0,5.5,,giorgi margvelashvili,1990.0,2522.0,34.0
1074692,2024,blitz,open,,144,"Oro, Faustino",ARG,2431.0,5.5,,faustino oro,2013.0,2537.0,11.0
1074692,2024,blitz,open,,145,"Barbosa, Oliver",PHI,2594.0,5.5,,barbosa oliver,1986.0,2383.0,38.0
1074692,2024,blitz,open,,146,"Chirila, Ioan-Cristian",ROU,2445.0,5.5,,chirila ioan-cristian,1991.0,2506.0,33.0
1074692,2024,blitz,open,,147,"Wagner, Dennis",GER,2491.0,5.5,,dennis wagner,1997.0,2580.0,27.0
1074692,2024,blitz,open,,148,"Brodsky, David",USA,2482.0,5.0,,brodsky david,2002.0,2528.0,22.0
1074692,2024,blitz,open,,149,"Bai, Adelard",TPE,2316.0,5.0,,adelard bai,2007.0,2468.0,17.0
1074692,2024,blitz,open,,150,"Akobian, Varuzhan",USA,2496.0,5.0,,akobian varuzhan,1983.0,2553.0,41.0
1074692,2024,blitz,open,,151,"Rosen, Eric",USA,2342.0,5.0,,eric rosen,1993.0,2377.0,31.0
1074692,2024,blitz,open,,152,"Andersen, Mads",DEN,2518.0,5.0,,andersen mads,1995.0,2549.0,29.0
1074692,2024,blitz,open,,153,"Erenburg, Sergey",USA,2555.0,5.0,,erenburg sergey,1983.0,2475.0,41.0
1074692,2024,blitz,open,,154,"Gretarsson, Helgi Ass",ISL,2380.0,5.0,,ass gretarsson helgi,1977.0,2420.0,47.0
1074692,2024,blitz,open,,155,"Benjamin, Joel",USA,2561.0,5.0,,benjamin joel,1964.0,2467.0,60.0
1074692,2024,blitz,open,,156,"Degenbaev, Aziz",KGZ,2222.0,5.0,,aziz degenbaev,2005.0,2293.0,19.0
1074692,2024,blitz,open,,157,"Kobalia, Mikhail",FID,2500.0,4.5,,kobalia mikhail,1978.0,2529.0,46.0
1074692,2024,blitz,open,,158,"Zhalmakhanov, Ramazan",KAZ,2479.0,4.5,,ramazan zhalmakhanov,2002.0,2455.0,22.0
1074692,2024,blitz,open,,159,"Ohanyan, Emin",ARM,2397.0,4.5,,emin ohanyan,2006.0,2520.0,18.0
1074692,2024,blitz,open,,160,"Cheparinov, Ivan",BUL,2605.0,4.5,,cheparinov ivan,1986.0,2631.0,38.0
1074692,2024,blitz,open,,161,"Druska, Juraj",SVK,2425.0,4.5,,druska juraj,1994.0,2459.0,30.0
1074692,2024,blitz,open,,162,"Kvaloy, Aksel Bu",NOR,2298.0,4.5,,aksel bu kvaloy,2008.0,2505.0,16.0
1074692,2024,blitz,open,,163,"Gaehwiler, Gabriel",SUI,2480.0,4.5,,gabriel gaehwiler,1994.0,2380.0,30.0
1074692,2024,blitz,open,,164,"Smirnov, Mark",KAZ,2212.0,4.5,,mark smirnov,2012.0,2451.0,12.0
1074692,2024,blitz,open,,165,"Makoto, Rodwell",ZIM,2293.0,4.5,,makoto rodwell,1987.0,2325.0,37.0
1074692,2024,blitz,open,,166,"Soo, Kai Jie",AUS,2111.0,4.5,,jie kai soo,1998.0,2286.0,26.0
1074692,2024,blitz,open,,167,"Kostolansky, Sebastian Lukas",SVK,2298.0,4.5,,kostolansky lukas sebastian,2006.0,2425.0,18.0
1074692,2024,blitz,open,,168,"Papasimakopoulos, Alexandros",GRE,2451.0,4.5,,alexandros papasimakopoulos,1996.0,2339.0,28.0
1074692,2024,blitz,open,,169,"Pereira, Fabian",PAR,2006.0,4.5,,fabian pereira,1995.0,2114.0,29.0
1074692,2024,blitz,open,,170,"Wanyama, Harold",UGA,2175.0,4.5,,harold wanyama,1981.0,2161.0,43.0
1074692,2024,blitz,open,,171,"Ling, Chenxuan",USA,2085.0,4.5,,chenxuan ling,2014.0,2297.0,10.0
1074692,2024,blitz,open,,172,"Yudasin, Leonid",ISR,2521.0,4.5,,leonid yudasin,1959.0,2255.0,65.0
1074692,2024,blitz,open,,173,"Amartuvshin, Ganzorig",MGL,2324.0,4.0,,amartuvshin ganzorig,2005.0,2445.0,19.0
1074692,2024,blitz,open,,174,"Chasin, Nico",USA,2408.0,4.0,,chasin nico,2006.0,2490.0,18.0
1074692,2024,blitz,open,,175,"Schnaider, Ilan",ARG,2415.0,4.0,,ilan schnaider,2011.0,2443.0,13.0
1074692,2024,blitz,open,,176,"Escobar Forero, Alder",COL,2380.0,4.0,,alder escobar forero,1977.0,2414.0,47.0
1074692,2024,blitz,open,,177,"George, Kevin",EGY,2285.0,4.0,,george kevin,2009.0,2331.0,15.0
1074692,2024,blitz,open,,178,"Banh Gia, Huy",VIE,2252.0,3.5,,banh gia huy,2009.0,2464.0,15.0
1074692,2024,blitz,open,,179,"Manon, Reja Neer",BAN,2027.0,3.5,,manon neer reja,2010.0,2420.0,14.0
1074692,2024,blitz,open,,180,"Fogo Esquivel, Levi Kalani Alexander",MEX,1976.0,3.5,,alexander esquivel fogo kalani levi,2011.0,2214.0,13.0
1074692,2024,blitz,open,,181,"Larrea, Manuel",URU,2241.0,3.5,,larrea manuel,1980.0,2185.0,44.0
1074692,2024,blitz,open,,182,"Grahn, Vidar",SWE,2270.0,3.0,,grahn vidar,2006.0,2302.0,18.0
1074692,2024,blitz,open,,183,"Meylan, Andre",MNC,2195.0,3.0,,andre meylan,1995.0,2138.0,29.0
1074692,2024,blitz,open,,184,"Blackwood, Ryan",CAY,1936.0,3.0,,blackwood ryan,1985.0,1937.0,39.0
1074692,2024,blitz,open,,185,"Moradiabadi, Elshan",USA,2527.0,3.0,,elshan moradiabadi,1985.0,2477.0,39.0
1074692,2024,blitz,open,,186,"Wong, Hayoung",KOR,1704.0,2.5,,hayoung wong,1985.0,1704.0,39.0
1074692,2024,blitz,open,,187,"Risteski, Emil",MKD,2251.0,0.5,,emil risteski,2004.0,2426.0,20.0
1074692,2024,blitz,open,,188,"Ahmed, Nidal",PLE,1833.0,0.0,,ahmed nidal,1986.0,1792.0,38.0
1313074,2025,rapid,open,,1,"Carlsen, Magnus",NOR,2824.0,10.5,2875.0,carlsen magnus,1990.0,2823.0,35.0
1313074,2025,rapid,open,,2,"Artemiev, Vladislav",FID,2727.0,9.5,2827.0,artemiev vladislav,1998.0,2653.0,27.0
1313074,2025,rapid,open,,3,"Erigaisi, Arjun",IND,2714.0,9.5,2770.0,arjun erigaisi,2003.0,2759.0,22.0
1313074,2025,rapid,open,,4,"Niemann, Hans Moke",USA,2612.0,9.5,2749.0,hans moke niemann,2003.0,2725.0,22.0
1313074,2025,rapid,open,,5,"Dominguez Perez, Leinier",USA,2703.0,9.5,2728.0,dominguez leinier perez,1983.0,2732.0,42.0
1313074,2025,rapid,open,,6,"Vachier-Lagrave, Maxime",FRA,2730.0,9.0,2784.0,maxime vachier-lagrave,1990.0,2718.0,35.0
1313074,2025,rapid,open,,7,"Sindarov, Javokhir",UZB,2704.0,9.0,2735.0,javokhir sindarov,2005.0,2778.0,20.0
1313074,2025,rapid,open,,8,"So, Wesley",USA,2702.0,9.0,2705.0,so wesley,1993.0,2774.0,32.0
1313074,2025,rapid,open,,9,"Giri, Anish",NED,2685.0,9.0,2702.0,anish giri,1994.0,2757.0,31.0
1313074,2025,rapid,open,,10,"Esipenko, Andrey",FID,2649.0,9.0,2691.0,andrey esipenko,2002.0,2680.0,23.0
1313074,2025,rapid,open,,11,"Sevian, Samuel",USA,2658.0,9.0,2703.0,samuel sevian,2000.0,2708.0,25.0
1313074,2025,rapid,open,,12,"Dubov, Daniil",FID,2686.0,9.0,2686.0,daniil dubov,1996.0,2654.0,29.0
1313074,2025,rapid,open,,13,"Mamedyarov, Shakhriyar",AZE,2707.0,9.0,2686.0,mamedyarov shakhriyar,1985.0,2720.0,40.0
1313074,2025,rapid,open,,14,"Shimanov, Aleksandr",FID,2554.0,8.5,2721.0,aleksandr shimanov,1992.0,2578.0,33.0
1313074,2025,rapid,open,,15,"Erdogmus, Yagiz Kaan",TUR,2446.0,8.5,2728.0,erdogmus kaan yagiz,2011.0,2716.0,14.0
1313074,2025,rapid,open,,16,"Aravindh, Chithambaram VR.",IND,2590.0,8.5,2660.0,aravindh chithambaram vr.,1999.0,2677.0,26.0
1313074,2025,rapid,open,,17,"Lazavik, Denis",FID,2576.0,8.5,2721.0,denis lazavik,2006.0,2621.0,19.0
1313074,2025,rapid,open,,18,"Caruana, Fabiano",USA,2751.0,8.5,2683.0,caruana fabiano,1992.0,2789.0,33.0
1313074,2025,rapid,open,,19,"Nihal, Sarin",IND,2664.0,8.5,2632.0,nihal sarin,2004.0,2718.0,21.0
1313074,2025,rapid,open,,20,"Gukesh, D",IND,2692.0,8.5,2700.0,d gukesh,2006.0,2703.0,19.0
1313074,2025,rapid,open,,21,"Meng, Yihan",CHN,2355.0,8.5,2723.0,meng yihan,2009.0,2473.0,16.0
1313074,2025,rapid,open,,22,"Lu, Shanglei",CHN,2616.0,8.5,2594.0,lu shanglei,1995.0,2637.0,30.0
1313074,2025,rapid,open,,23,"Abdusattorov, Nodirbek",UZB,2717.0,8.5,2680.0,abdusattorov nodirbek,2004.0,2762.0,21.0
1313074,2025,rapid,open,,24,"Maghsoodloo, Parham",IRI,2669.0,8.5,2643.0,maghsoodloo parham,2000.0,2705.0,25.0
1313074,2025,rapid,open,,25,"Gurel, Ediz",TUR,2502.0,8.5,2675.0,ediz gurel,2008.0,2636.0,17.0
1313074,2025,rapid,open,,26,"Andreikin, Dmitry",FID,2671.0,8.5,2685.0,andreikin dmitry,1990.0,2714.0,35.0
1313074,2025,rapid,open,,27,"Grischuk, Alexander",FID,2677.0,8.5,2645.0,alexander grischuk,1983.0,2628.0,42.0
1313074,2025,rapid,open,,28,"Praggnanandhaa, R",IND,2663.0,8.5,2658.0,praggnanandhaa r,2005.0,2761.0,20.0
1313074,2025,rapid,open,,29,"Motylev, Alexander",ROU,2603.0,8.5,2591.0,alexander motylev,1979.0,2547.0,46.0
1313074,2025,rapid,open,,30,"Firouzja, Alireza",FRA,2754.0,8.5,2621.0,alireza firouzja,2003.0,2757.0,22.0
1313074,2025,rapid,open,,31,"Bjerre, Jonas Buhl",DEN,2570.0,8.5,2616.0,bjerre buhl jonas,2004.0,2615.0,21.0
1313074,2025,rapid,open,,32,"Sahidi, Samir",SVK,2524.0,8.5,2615.0,sahidi samir,2003.0,2478.0,22.0
1313074,2025,rapid,open,,33,"Henriquez Villagra, Cristobal",CHI,2586.0,8.0,2675.0,cristobal henriquez villagra,1996.0,2569.0,29.0
1313074,2025,rapid,open,,34,"Sarana, Alexey",SRB,2641.0,8.0,2687.0,alexey sarana,2000.0,2666.0,25.0
1313074,2025,rapid,open,,35,"Mamedov, Rauf",AZE,2610.0,8.0,2631.0,mamedov rauf,1988.0,2631.0,37.0
1313074,2025,rapid,open,,36,"Makarian, Rudik",FID,2524.0,8.0,2697.0,makarian rudik,2004.0,2556.0,21.0
1313074,2025,rapid,open,,37,"Amar, Elham",NOR,2482.0,8.0,2687.0,amar elham,2005.0,2577.0,20.0
1313074,2025,rapid,open,,38,"Sargsyan, Shant",ARM,2611.0,8.0,2640.0,sargsyan shant,2002.0,2630.0,23.0
1313074,2025,rapid,open,,39,"Yu, Yangyi",CHN,2680.0,8.0,2625.0,yangyi yu,1994.0,2710.0,31.0
1313074,2025,rapid,open,,40,"Nepomniachtchi, Ian",FID,2762.0,8.0,2654.0,ian nepomniachtchi,1990.0,2719.0,35.0
1313074,2025,rapid,open,,41,"Mendonca, Leon Luke",IND,2498.0,8.0,2656.0,leon luke mendonca,2006.0,2633.0,19.0
1313074,2025,rapid,open,,42,"Karthik, Venkataraman",IND,2467.0,8.0,2663.0,karthik venkataraman,1999.0,2556.0,26.0
1313074,2025,rapid,open,,43,"Sanal, Vahap",TUR,2504.0,8.0,2633.0,sanal vahap,1998.0,2544.0,27.0
1313074,2025,rapid,open,,44,"Chanda, Sandipan",IND,2553.0,8.0,2623.0,chanda sandipan,1983.0,2470.0,42.0
1313074,2025,rapid,open,,45,"Tabatabaei, M. Amin",IRI,2579.0,8.0,2605.0,amin m. tabatabaei,2001.0,2737.0,24.0
1313074,2025,rapid,open,,46,"Ibrahimli, Murad",AZE,2411.0,8.0,2619.0,ibrahimli murad,2002.0,2449.0,23.0
1313074,2025,rapid,open,,47,"Kozak, Adam",HUN,2593.0,8.0,2536.0,adam kozak,2002.0,2529.0,23.0
1313074,2025,rapid,open,,48,"Aronian, Levon",USA,2756.0,8.0,2575.0,aronian levon,1982.0,2725.0,43.0
1313074,2025,rapid,open,,49,"Moussard, Jules",FRA,2609.0,8.0,2559.0,jules moussard,1995.0,2602.0,30.0
1313074,2025,rapid,open,,50,"Keymer, Vincent",GER,2640.0,8.0,2584.0,keymer vincent,2004.0,2764.0,21.0
1313074,2025,rapid,open,,51,"Martirosyan, Haik M.",ARM,2635.0,8.0,2571.0,haik m. martirosyan,2000.0,2664.0,25.0
1313074,2025,rapid,open,,52,"Murzin, Volodar",FID,2642.0,8.0,2542.0,murzin volodar,2006.0,2656.0,19.0
1313074,2025,rapid,open,,53,"Grebnev, Aleksey",FID,2529.0,8.0,2570.0,aleksey grebnev,2006.0,2614.0,19.0
1313074,2025,rapid,open,,54,"Jumabayev, Rinat",KAZ,2543.0,8.0,2585.0,jumabayev rinat,1989.0,2564.0,36.0
1313074,2025,rapid,open,,55,"Nogerbek, Kazybek",KAZ,2538.0,8.0,2596.0,kazybek nogerbek,2004.0,2497.0,21.0
1313074,2025,rapid,open,,56,"Robson, Ray",USA,2652.0,7.5,2606.0,ray robson,1994.0,2659.0,31.0
1313074,2025,rapid,open,,57,"Zemlyanskii, Ivan",FID,2539.0,7.5,2680.0,ivan zemlyanskii,2010.0,2563.0,15.0
1313074,2025,rapid,open,,58,"Le, Quang Liem",VIE,2646.0,7.5,2583.0,le liem quang,1991.0,2732.0,34.0
1313074,2025,rapid,open,,59,"Matlakov, Maxim",FID,2602.0,7.5,2607.0,matlakov maxim,1991.0,2596.0,34.0
1313074,2025,rapid,open,,60,"Kosakowski, Jakub",POL,2506.0,7.5,2634.0,jakub kosakowski,2002.0,2520.0,23.0
1313074,2025,rapid,open,,61,"Vetokhin, Savva",FID,2486.0,7.5,2662.0,savva vetokhin,2009.0,2555.0,16.0
1313074,2025,rapid,open,,62,"Raja, Harshit",IND,2396.0,7.5,2626.0,harshit raja,2001.0,2506.0,24.0
1313074,2025,rapid,open,,63,"Theodorou, Nikolas",GRE,2581.0,7.5,2533.0,nikolas theodorou,2000.0,2633.0,25.0
1313074,2025,rapid,open,,64,"Kadric, Denis",MNE,2552.0,7.5,2580.0,denis kadric,1995.0,2513.0,30.0
1313074,2025,rapid,open,,65,"Madaminov, Mukhiddin",UZB,2465.0,7.5,2666.0,madaminov mukhiddin,2006.0,2611.0,19.0
1313074,2025,rapid,open,,66,"Iturrizaga Bonelli, Eduardo",ESP,2605.0,7.5,2556.0,bonelli eduardo iturrizaga,1989.0,2595.0,36.0
1313074,2025,rapid,open,,67,"Dudin, Gleb",HUN,2483.0,7.5,2665.0,dudin gleb,2004.0,2560.0,21.0
1313074,2025,rapid,open,,68,"Bai, Jinshi",CHN,2571.0,7.5,2528.0,bai jinshi,1999.0,2600.0,26.0
1313074,2025,rapid,open,,69,"Zverev, Lev",FID,2394.0,7.5,2575.0,lev zverev,2010.0,2497.0,15.0
1313074,2025,rapid,open,,70,"Tin, Jingyao",SGP,2510.0,7.5,2645.0,jingyao tin,2000.0,2584.0,25.0
1313074,2025,rapid,open,,71,"Alekseenko, Kirill",AUT,2611.0,7.5,2515.0,alekseenko kirill,1997.0,2656.0,28.0
1313074,2025,rapid,open,,72,"Yakubboev, Nodirbek",UZB,2558.0,7.5,2506.0,nodirbek yakubboev,2002.0,2685.0,23.0
1313074,2025,rapid,open,,73,"Muradli, Mahammad",AZE,2546.0,7.5,2539.0,mahammad muradli,2003.0,2653.0,22.0
1313074,2025,rapid,open,,74,"Donchenko, Alexander",GER,2581.0,7.5,2534.0,alexander donchenko,1998.0,2625.0,27.0
1313074,2025,rapid,open,,75,"Quparadze, Giga",GEO,2558.0,7.5,2509.0,giga quparadze,1987.0,2481.0,38.0
1313074,2025,rapid,open,,76,"Movahed, Sina",IRI,2405.0,7.0,2665.0,movahed sina,2010.0,2576.0,15.0
1313074,2025,rapid,open,,77,"Oro, Faustino",ARG,2489.0,7.0,2629.0,faustino oro,2013.0,2537.0,12.0
1313074,2025,rapid,open,,78,"Hong, Andrew",USA,2556.0,7.0,2558.0,andrew hong,2004.0,2598.0,21.0
1313074,2025,rapid,open,,79,"Pranav, Anand",IND,2421.0,7.0,2623.0,anand pranav,2006.0,2606.0,19.0
1313074,2025,rapid,open,,80,"Hakobyan, Aram",ARM,2539.0,7.0,2580.0,aram hakobyan,2001.0,2638.0,24.0
1313074,2025,rapid,open,,81,"Hovhannisyan, Robert",ARM,2517.0,7.0,2631.0,hovhannisyan robert,1991.0,2642.0,34.0
1313074,2025,rapid,open,,82,"Pichot, Alan",ESP,2577.0,7.0,2543.0,alan pichot,1998.0,2565.0,27.0
1313074,2025,rapid,open,,83,"Ahmad, Khagan",AZE,2302.0,7.0,2605.0,ahmad khagan,2011.0,2524.0,14.0
1313074,2025,rapid,open,,84,"Ivanchuk, Vasyl",UKR,2630.0,7.0,2523.0,ivanchuk vasyl,1969.0,2630.0,56.0
1313074,2025,rapid,open,,85,"Dardha, Daniel",BEL,2592.0,7.0,2528.0,daniel dardha,2005.0,2608.0,20.0
1313074,2025,rapid,open,,86,"Van Foreest, Jorden",NED,2635.0,7.0,2539.0,foreest jorden van,1999.0,2706.0,26.0
1313074,2025,rapid,open,,87,"Ponomariov, Ruslan",UKR,2639.0,7.0,2518.0,ponomariov ruslan,1983.0,2632.0,42.0
1313074,2025,rapid,open,,88,"Makhnev, Denis",KAZ,2529.0,7.0,2573.0,denis makhnev,2000.0,2568.0,25.0
1313074,2025,rapid,open,,89,"Adhiban, B.",IND,2503.0,7.0,2482.0,adhiban b.,1992.0,2574.0,33.0
1313074,2025,rapid,open,,90,"Radjabov, Teimour",AZE,2661.0,7.0,2559.0,radjabov teimour,1987.0,2689.0,38.0
1313074,2025,rapid,open,,91,"Sklokin, Sergey",FID,2187.0,7.0,2586.0,sergey sklokin,,,
1313074,2025,rapid,open,,92,"Amin, Bassem",EGY,2593.0,7.0,2479.0,amin bassem,1988.0,2608.0,37.0
1313074,2025,rapid,open,,93,"Puranik, Abhimanyu",IND,2542.0,7.0,2532.0,abhimanyu puranik,2000.0,2629.0,25.0
1313074,2025,rapid,open,,94,"Gan-Erdene, Sugar",MGL,2434.0,7.0,2540.0,gan-erdene sugar,2003.0,2461.0,22.0
1313074,2025,rapid,open,,95,"Narayanan, S L",IND,2582.0,7.0,2539.0,l narayanan s,1998.0,2555.0,27.0
1313074,2025,rapid,open,,96,"Vakhidov, Jakhongir",UZB,2494.0,7.0,2525.0,jakhongir vakhidov,1995.0,2527.0,30.0
1313074,2025,rapid,open,,97,"Martinez Alcantara, Jose Eduardo",MEX,2641.0,7.0,2522.0,alcantara eduardo jose martinez,1999.0,2657.0,26.0
1313074,2025,rapid,open,,98,"Daneshvar, Bardiya",IRI,2498.0,7.0,2514.0,bardiya daneshvar,2006.0,2572.0,19.0
1313074,2025,rapid,open,,99,"Begmuratov, Khumoyun",UZB,2435.0,7.0,2567.0,begmuratov khumoyun,2010.0,2514.0,15.0
1313074,2025,rapid,open,,100,"Gholami Orimi, Mahdi",IRI,2461.0,7.0,2542.0,gholami mahdi orimi,2002.0,2553.0,23.0
1313074,2025,rapid,open,,101,"Vokhidov, Shamsiddin",UZB,2536.0,7.0,2481.0,shamsiddin vokhidov,2002.0,2654.0,23.0
1313074,2025,rapid,open,,102,"Nesterov, Arseniy",FID,2540.0,7.0,2561.0,arseniy nesterov,2003.0,2590.0,22.0
1313074,2025,rapid,open,,103,"Pranesh, M",IND,2520.0,7.0,2512.0,m pranesh,2006.0,2674.0,19.0
1313074,2025,rapid,open,,104,"Indjic, Aleksandar",SRB,2587.0,7.0,2482.0,aleksandar indjic,1995.0,2598.0,30.0
1313074,2025,rapid,open,,105,"Bharath, Subramaniyam H",IND,2475.0,7.0,2471.0,bharath h subramaniyam,2007.0,2605.0,18.0
1313074,2025,rapid,open,,106,"Salem, A.R. Saleh",UAE,2621.0,7.0,2481.0,a.r. saleh salem,1993.0,2616.0,32.0
1313074,2025,rapid,open,,107,"Ibarra Jerez, Jose Carlos",ESP,2553.0,7.0,2429.0,carlos ibarra jerez jose,1985.0,2533.0,40.0
1313074,2025,rapid,open,,108,"Stribuk, Artiom",FID,2393.0,7.0,2443.0,artiom stribuk,2007.0,2489.0,18.0
1313074,2025,rapid,open,,109,"Najer, Evgeniy",FID,2560.0,7.0,2400.0,evgeniy najer,1977.0,2580.0,48.0
1313074,2025,rapid,open,,110,"Goutham, Krishna H",IND,2392.0,6.5,2604.0,goutham h krishna,2010.0,2457.0,15.0
1313074,2025,rapid,open,,111,"Anton Guijarro, David",ESP,2619.0,6.5,2575.0,anton david guijarro,1995.0,2632.0,30.0
1313074,2025,rapid,open,,112,"Chigaev, Maksim",ESP,2598.0,6.5,2520.0,chigaev maksim,1996.0,2629.0,29.0
1313074,2025,rapid,open,,113,"Petrov, Nikita",MNE,2543.0,6.5,2538.0,nikita petrov,1996.0,2565.0,29.0
1313074,2025,rapid,open,,114,"Bu, Xiangzhi",CHN,2587.0,6.5,2502.0,bu xiangzhi,1985.0,2651.0,40.0
1313074,2025,rapid,open,,115,"Rakhmanov, Aleksandr",FID,2522.0,6.5,2507.0,aleksandr rakhmanov,1989.0,2597.0,36.0
1313074,2025,rapid,open,,116,"Paravyan, David",FID,2570.0,6.5,2470.0,david paravyan,1998.0,2587.0,27.0
1313074,2025,rapid,open,,117,"Galaviz Medina, Sion Radamantys",MEX,2418.0,6.5,2558.0,galaviz medina radamantys sion,2005.0,2538.0,20.0
1313074,2025,rapid,open,,118,"Grandelius, Nils",SWE,2639.0,6.5,2477.0,grandelius nils,1993.0,2603.0,32.0
1313074,2025,rapid,open,,119,"Piliposyan, Robert",ARM,2382.0,6.5,2540.0,piliposyan robert,2007.0,2421.0,18.0
1313074,2025,rapid,open,,120,"Materia, Marco",FRA,2490.0,6.5,2441.0,marco materia,2009.0,2530.0,16.0
1313074,2025,rapid,open,,121,"Khubukshanov, Erdem",FID,2419.0,6.5,2499.0,erdem khubukshanov,2007.0,2508.0,18.0
1313074,2025,rapid,open,,122,"Agmanov, Zhandos",KAZ,2436.0,6.5,2474.0,agmanov zhandos,2000.0,2490.0,25.0
1313074,2025,rapid,open,,123,"Lobanov, Sergei",FID,2452.0,6.5,2490.0,lobanov sergei,2001.0,2517.0,24.0
1313074,2025,rapid,open,,124,"Sapenov, Daniyal",KAZ,2375.0,6.5,2457.0,daniyal sapenov,2008.0,2510.0,17.0
1313074,2025,rapid,open,,125,"Idani, Pouya",IRI,2556.0,6.5,2455.0,idani pouya,1995.0,2615.0,30.0
1313074,2025,rapid,open,,126,"Samunenkov, Ihor",UKR,2443.0,6.5,2483.0,ihor samunenkov,2009.0,2608.0,16.0
1313074,2025,rapid,open,,127,"Mitrabha, Guha",IND,2487.0,6.5,2558.0,guha mitrabha,2001.0,2528.0,24.0
1313074,2025,rapid,open,,128,"Alexakis, Dimitris",GRE,2501.0,6.5,2415.0,alexakis dimitris,2003.0,2533.0,22.0
1313074,2025,rapid,open,,129,"Mamedov, Edgar",KAZ,2302.0,6.5,2503.0,edgar mamedov,2010.0,2474.0,15.0
1313074,2025,rapid,open,,130,"Rodrigue-Lemieux, Shawn",CAN,2478.0,6.5,2452.0,rodrigue-lemieux shawn,2004.0,2536.0,21.0
1313074,2025,rapid,open,,131,"Droin, Augustin",FRA,2538.0,6.5,2408.0,augustin droin,2006.0,2529.0,19.0
1313074,2025,rapid,open,,132,"Isanzhulov, Arystan",KAZ,2456.0,6.5,2468.0,arystan isanzhulov,2003.0,2385.0,22.0
1313074,2025,rapid,open,,133,"Suleimen, Ergali",KAZ,2372.0,6.5,2431.0,ergali suleimen,2008.0,2376.0,17.0
1313074,2025,rapid,open,,134,"Kobalia, Mikhail",FID,2518.0,6.5,2434.0,kobalia mikhail,1978.0,2529.0,47.0
1313074,2025,rapid,open,,135,"Lodici, Lorenzo",ITA,2499.0,6.5,2461.0,lodici lorenzo,2000.0,2573.0,25.0
1313074,2025,rapid,open,,136,"Sasikiran, Krishnan",IND,2548.0,6.5,2384.0,krishnan sasikiran,1981.0,2520.0,44.0
1313074,2025,rapid,open,,137,"Yilmaz, Mustafa",TUR,2560.0,6.5,2373.0,mustafa yilmaz,1992.0,2553.0,33.0
1313074,2025,rapid,open,,138,"Harikrishnan.A.Ra, .",IND,2293.0,6.5,2475.0,. harikrishnan.a.ra,,,
1313074,2025,rapid,open,,139,"Davtyan, Artur",ARM,2422.0,6.5,2395.0,artur davtyan,2002.0,2508.0,23.0
1313074,2025,rapid,open,,140,"Maksimovic, Bojan",BIH,2581.0,6.5,2400.0,bojan maksimovic,2002.0,2534.0,23.0
1313074,2025,rapid,open,,141,"Halkias, Stelios",GRE,2492.0,6.5,2342.0,halkias stelios,1980.0,2497.0,45.0
1313074,2025,rapid,open,,142,"Wojtaszek, Radoslaw",POL,2657.0,6.5,2370.0,radoslaw wojtaszek,1987.0,2658.0,38.0
1313074,2025,rapid,open,,143,"Suyarov, Mukhammadzokhid",UZB,2411.0,6.5,2427.0,mukhammadzokhid suyarov,2009.0,2540.0,16.0
1313074,2025,rapid,open,,144,"Santos Latasa, Jaime",ESP,2667.0,6.0,2496.0,jaime latasa santos,1996.0,2615.0,29.0
1313074,2025,rapid,open,,145,"Rapport, Richard",HUN,2702.0,6.0,2534.0,rapport richard,1996.0,2726.0,29.0
1313074,2025,rapid,open,,146,"Harikrishna, Pentala",IND,2623.0,6.0,2448.0,harikrishna pentala,1986.0,2648.0,39.0
1313074,2025,rapid,open,,147,"Nikitenko, Mihail",FID,2407.0,6.0,2475.0,mihail nikitenko,2000.0,2415.0,25.0
1313074,2025,rapid,open,,148,"Saraci, Nderim",KOS,2460.0,6.0,2465.0,nderim saraci,1996.0,2453.0,29.0
1313074,2025,rapid,open,,149,"Chasin, Nico",USA,2427.0,6.0,2517.0,chasin nico,2006.0,2490.0,19.0
1313074,2025,rapid,open,,150,"Ansat, Aldiyar",KAZ,2392.0,6.0,2533.0,aldiyar ansat,2008.0,2495.0,17.0
1313074,2025,rapid,open,,151,"Urkedal, Frode Olav Olsen",NOR,2515.0,6.0,2493.0,frode olav olsen urkedal,1993.0,2571.0,32.0
1313074,2025,rapid,open,,152,"Bortnyk, Olexandr",UKR,2641.0,6.0,2455.0,bortnyk olexandr,1996.0,2604.0,29.0
1313074,2025,rapid,open,,153,"Aditya, Mittal",IND,2440.0,6.0,2481.0,aditya mittal,2006.0,2610.0,19.0
1313074,2025,rapid,open,,154,"Raja, Rithvik R",IND,2428.0,6.0,2458.0,r raja rithvik,2004.0,2519.0,21.0
1313074,2025,rapid,open,,155,"Iniyan, Pa",IND,2450.0,6.0,2506.0,iniyan pa,2002.0,2591.0,23.0
1313074,2025,rapid,open,,156,"Can, Emre",TUR,2521.0,6.0,2403.0,can emre,1990.0,2534.0,35.0
1313074,2025,rapid,open,,157,"Uskov, Artem",FID,2463.0,6.0,2527.0,artem uskov,2010.0,2537.0,15.0
1313074,2025,rapid,open,,158,"Pranav, V",IND,2595.0,6.0,2414.0,pranav v,2008.0,1624.0,17.0
1313074,2025,rapid,open,,159,"Klukin, Kirill",SRB,2421.0,6.0,2410.0,kirill klukin,2000.0,2382.0,25.0
1313074,2025,rapid,open,,160,"Bilguun, Sumiya",MGL,2456.0,6.0,2539.0,bilguun sumiya,1997.0,2414.0,28.0
1313074,2025,rapid,open,,161,"Sankalp, Gupta",IND,2425.0,6.0,2433.0,gupta sankalp,2003.0,2535.0,22.0
1313074,2025,rapid,open,,162,"Pantsulaia, Levan",GEO,2518.0,6.0,2482.0,levan pantsulaia,1986.0,2492.0,39.0
1313074,2025,rapid,open,,163,"Fandi, Mazen.",SYR,2326.0,6.0,2449.0,fandi mazen.,2013.0,2322.0,12.0
1313074,2025,rapid,open,,164,"Bai, Adelard",TPE,2385.0,6.0,2446.0,adelard bai,2007.0,2468.0,18.0
1313074,2025,rapid,open,,165,"Warmerdam, Max",NED,2537.0,6.0,2358.0,max warmerdam,2000.0,2542.0,25.0
1313074,2025,rapid,open,,166,"Gavrilescu, David",ROU,2544.0,6.0,2383.0,david gavrilescu,2003.0,2527.0,22.0
1313074,2025,rapid,open,,167,"Harshavardhan, G B",IND,2216.0,6.0,2408.0,b g harshavardhan,2003.0,2512.0,22.0
1313074,2025,rapid,open,,168,"Drygalov, Sergey",FID,2489.0,6.0,2417.0,drygalov sergey,1999.0,2530.0,26.0
1313074,2025,rapid,open,,169,"Shogdzhiev, Roman",FID,2388.0,6.0,2400.0,roman shogdzhiev,2015.0,2445.0,10.0
1313074,2025,rapid,open,,170,"Akobian, Varuzhan",USA,2579.0,6.0,2368.0,akobian varuzhan,1983.0,2553.0,42.0
1313074,2025,rapid,open,,171,"Christiansen, Johan-Sebastian",NOR,2469.0,5.5,2482.0,christiansen johan-sebastian,1998.0,2656.0,27.0
1313074,2025,rapid,open,,172,"Orozbaev, Eldiyar",KGZ,2405.0,5.5,2526.0,eldiyar orozbaev,2006.0,2349.0,19.0
1313074,2025,rapid,open,,173,"Siddharth, Jagadeesh",SGP,2413.0,5.5,2442.0,jagadeesh siddharth,2007.0,2497.0,18.0
1313074,2025,rapid,open,,174,"Le, Tuan Minh",VIE,2516.0,5.5,2402.0,le minh tuan,2006.0,1677.0,19.0
1313074,2025,rapid,open,,175,"Krallis, Christos",GRE,2355.0,5.5,2464.0,christos krallis,2005.0,2437.0,20.0
1313074,2025,rapid,open,,176,"Samadov, Read",AZE,2469.0,5.5,2429.0,read samadov,2007.0,2524.0,18.0
1313074,2025,rapid,open,,177,"Svane, Rasmus",GER,2619.0,5.5,2402.0,rasmus svane,1997.0,2610.0,28.0
1313074,2025,rapid,open,,178,"Tsaruk, Maksim",FID,2462.0,5.5,2352.0,maksim tsaruk,2005.0,2487.0,20.0
1313074,2025,rapid,open,,179,"Rakotomaharo, Fy Antenaina",MAD,2404.0,5.5,2454.0,antenaina fy rakotomaharo,1999.0,2426.0,26.0
1313074,2025,rapid,open,,180,"Gokerkan, Cem Kaan",TUR,2428.0,5.5,2400.0,cem gokerkan kaan,2000.0,2511.0,25.0
1313074,2025,rapid,open,,181,"Peyrer, Konstantin",AUT,2470.0,5.5,2474.0,konstantin peyrer,2003.0,2485.0,22.0
1313074,2025,rapid,open,,182,"Dau, Khuong Duy",VIE,2331.0,5.5,2447.0,dau duy khuong,2011.0,2509.0,14.0
1313074,2025,rapid,open,,183,"Haug, Havard",NOR,2424.0,5.5,2431.0,haug havard,2010.0,2444.0,15.0
1313074,2025,rapid,open,,184,"Zhang, Zhong",CHN,2493.0,5.5,2350.0,zhang zhong,1978.0,2561.0,47.0
1313074,2025,rapid,open,,185,"Xiao, Tong(QD)",CHN,2453.0,5.5,2418.0,tong(qd) xiao,2008.0,2598.0,17.0
1313074,2025,rapid,open,,186,"Ohanyan, Emin",ARM,2384.0,5.5,2387.0,emin ohanyan,2006.0,2520.0,19.0
1313074,2025,rapid,open,,187,"Ganguly, Surya Shekhar",IND,2585.0,5.5,2353.0,ganguly shekhar surya,1983.0,2562.0,42.0
1313074,2025,rapid,open,,188,"Averin, Nikolay",FID,2387.0,5.5,2415.0,averin nikolay,2010.0,2430.0,15.0
1313074,2025,rapid,open,,189,"Morris, James",AUS,2377.0,5.5,2335.0,james morris,1994.0,2442.0,31.0
1313074,2025,rapid,open,,190,"Naiditsch, Arkadij",BUL,2574.0,5.5,2297.0,arkadij naiditsch,1985.0,2574.0,40.0
1313074,2025,rapid,open,,191,"Rami, Talab",SYR,1933.0,5.5,2325.0,rami talab,2013.0,2312.0,12.0
1313074,2025,rapid,open,,192,"Volokitin, Andrei",UKR,2551.0,5.5,2325.0,andrei volokitin,1986.0,2618.0,39.0
1313074,2025,rapid,open,,193,"Balakrishnan, Praveen",USA,2393.0,5.5,2338.0,balakrishnan praveen,2002.0,2500.0,23.0
1313074,2025,rapid,open,,194,"Grafl, Florian Dr.",GER,2379.0,5.5,2221.0,dr. florian grafl,1982.0,2343.0,43.0
1313074,2025,rapid,open,,195,"Chekh Adm Khedr, Aram",SYR,2177.0,5.5,2305.0,adm aram chekh khedr,1996.0,2194.0,29.0
1313074,2025,rapid,open,,196,"Cunha, Lucas Aguiar",BRA,2334.0,5.5,2248.0,aguiar cunha lucas,1994.0,2232.0,31.0
1313074,2025,rapid,open,,197,"Ponkratov, Pavel",FID,2511.0,5.5,2282.0,pavel ponkratov,1988.0,2540.0,37.0
1313074,2025,rapid,open,,198,"Abdilkhair, Abilmansur",KAZ,2262.0,5.5,2282.0,abdilkhair abilmansur,2003.0,2348.0,22.0
1313074,2025,rapid,open,,199,"Altini, Nicola",ITA,2494.0,5.5,2178.0,altini nicola,1995.0,2362.0,30.0
1313074,2025,rapid,open,,200,"Gharibyan, Mamikon",ARM,2414.0,5.0,2427.0,gharibyan mamikon,2004.0,2481.0,21.0
1313074,2025,rapid,open,,201,"Suleymenov, Alisher",KAZ,2432.0,5.0,2351.0,alisher suleymenov,2000.0,2498.0,25.0
1313074,2025,rapid,open,,202,"Gaehwiler, Gabriel",SUI,2365.0,5.0,2336.0,gabriel gaehwiler,1994.0,2380.0,31.0
1313074,2025,rapid,open,,203,"Wafa, Hamed",EGY,2365.0,5.0,2303.0,hamed wafa,2008.0,2358.0,17.0
1313074,2025,rapid,open,,204,"Ezat, Mohamed",EGY,2358.0,5.0,2321.0,ezat mohamed,1978.0,2275.0,47.0
1313074,2025,rapid,open,,205,"Smirnov, Mark",KAZ,2274.0,5.0,2313.0,mark smirnov,2012.0,2451.0,13.0
1313074,2025,rapid,open,,206,"Sharan, Rao",IND,2320.0,5.0,2310.0,rao sharan,2000.0,2333.0,25.0
1313074,2025,rapid,open,,207,"Assylov, Miras",KAZ,2223.0,5.0,2293.0,assylov miras,2008.0,2402.0,17.0
1313074,2025,rapid,open,,208,"Ammar, Sedrani",UAE,2237.0,5.0,2307.0,ammar sedrani,2004.0,2189.0,21.0
1313074,2025,rapid,open,,209,"Medhus, Vitus Bondo",DEN,2283.0,5.0,2257.0,bondo medhus vitus,2009.0,2380.0,16.0
1313074,2025,rapid,open,,210,"Damaj, Mohammed",PLE,2081.0,5.0,2219.0,damaj mohammed,2001.0,2112.0,24.0
1313074,2025,rapid,open,,211,"Salinas Herrera, Pablo",CHI,2442.0,4.5,2301.0,herrera pablo salinas,1994.0,2450.0,31.0
1313074,2025,rapid,open,,212,"Kuandykuly, Danis",KAZ,2219.0,4.5,2362.0,danis kuandykuly,2013.0,2394.0,12.0
1313074,2025,rapid,open,,213,"Tran, Thanh Tu",JPN,2364.0,4.5,2344.0,thanh tran tu,1990.0,2406.0,35.0
1313074,2025,rapid,open,,214,"Stefansson, Vignir Vatnar",ISL,2463.0,4.5,2252.0,stefansson vatnar vignir,2003.0,2531.0,22.0
1313074,2025,rapid,open,,215,"George Samir, David",EGY,2334.0,4.5,2315.0,david george samir,2011.0,2317.0,14.0
1313074,2025,rapid,open,,216,"Nainys, Zanas",LTU,2372.0,4.5,2327.0,nainys zanas,2009.0,2317.0,16.0
1313074,2025,rapid,open,,217,"Nurgaliyev, Sauat",KAZ,2350.0,4.5,2322.0,nurgaliyev sauat,2010.0,2493.0,15.0
1313074,2025,rapid,open,,218,"Ashwath, Kaushik",SGP,2009.0,4.5,2287.0,ashwath kaushik,2015.0,2303.0,10.0
1313074,2025,rapid,open,,219,"Tissir, Mohamed",MAR,2310.0,4.5,2277.0,mohamed tissir,1976.0,2300.0,49.0
1313074,2025,rapid,open,,220,"Al Hosani, Omran",UAE,2174.0,4.5,2257.0,al hosani omran,2002.0,2317.0,23.0
1313074,2025,rapid,open,,221,"Aziz, Husain",QAT,2334.0,4.5,2260.0,aziz husain,1985.0,2256.0,40.0
1313074,2025,rapid,open,,222,"Murshed, Niaz",BAN,2496.0,4.5,2275.0,murshed niaz,1966.0,2342.0,59.0
1313074,2025,rapid,open,,223,"Alrehaili, Ahmed Abdullah S",KSA,2107.0,4.5,2062.0,abdullah ahmed alrehaili s,2000.0,2106.0,25.0
1313074,2025,rapid,open,,224,"Duda, Jan-Krzysztof",POL,2711.0,4.0,2470.0,duda jan-krzysztof,1998.0,2743.0,27.0
1313074,2025,rapid,open,,225,"Sadhwani, Raunak",IND,2611.0,4.0,2396.0,raunak sadhwani,2005.0,2645.0,20.0
1313074,2025,rapid,open,,226,"Musovic, Armin",MNE,2318.0,4.0,2129.0,armin musovic,1989.0,2114.0,36.0
1313074,2025,rapid,open,,227,"Anand, Tsogtbileg",MGL,2152.0,4.0,2175.0,anand tsogtbileg,2014.0,2140.0,11.0
1313074,2025,rapid,open,,228,"Berend, Fred",LUX,2264.0,4.0,2154.0,berend fred,1965.0,2231.0,60.0
1313074,2025,rapid,open,,229,"Al Mashikhi, Salim Aliyan",OMA,2021.0,4.0,2100.0,al aliyan mashikhi salim,1985.0,1959.0,40.0
1313074,2025,rapid,open,,230,"Anwoir, Tarik",MAR,2172.0,4.0,2181.0,anwoir tarik,1977.0,2076.0,48.0
1313074,2025,rapid,open,,231,"Bodemar, Jonathan",THA,2094.0,4.0,2117.0,bodemar jonathan,2006.0,2165.0,19.0
1313074,2025,rapid,open,,232,"Nguyen, Ngoc Truong Son",VIE,2550.0,4.0,2276.0,ngoc nguyen son truong,1990.0,2600.0,35.0
1313074,2025,rapid,open,,233,"Muntean, Victor",SWE,2229.0,4.0,2061.0,muntean victor,2004.0,2170.0,21.0
1313074,2025,rapid,open,,234,"Dahal, Sushrut",NEP,2019.0,4.0,1993.0,dahal sushrut,1995.0,2038.0,30.0
1313074,2025,rapid,open,,235,"Khayat, Emad",KSA,1954.0,4.0,1906.0,emad khayat,2002.0,1939.0,23.0
1313074,2025,rapid,open,,236,"Dinham, James",RSA,2091.0,3.5,2184.0,dinham james,2003.0,2124.0,22.0
1313074,2025,rapid,open,,237,"Alhassadi, Yousef A.",LBA,2114.0,3.5,2058.0,a. alhassadi yousef,2005.0,2149.0,20.0
1313074,2025,rapid,open,,238,"Fates, Omer Salah",LBA,2149.0,3.5,1998.0,fates omer salah,2009.0,2080.0,16.0
1313074,2025,rapid,open,,239,"Aljamaat, Khaled",QAT,1803.0,3.5,1936.0,aljamaat khaled,2015.0,1810.0,10.0
1313074,2025,rapid,open,,240,"Al-Janahi, Ibrahim",QAT,1722.0,3.5,1912.0,al-janahi ibrahim,2011.0,1730.0,14.0
1313074,2025,rapid,open,,241,"Alkhuriji, Abdulaziz N",KSA,1892.0,3.5,1885.0,abdulaziz alkhuriji n,2004.0,1972.0,21.0
1313074,2025,rapid,open,,242,"Blackwood, Ryan",CAY,2019.0,3.5,1968.0,blackwood ryan,1985.0,1937.0,40.0
1313074,2025,rapid,open,,243,"Phuyal, Aashish",NEP,2117.0,3.0,1984.0,aashish phuyal,,,
1313074,2025,rapid,open,,244,"Al-Kuwari, Hamad",QAT,1777.0,3.0,1880.0,al-kuwari hamad,2010.0,1862.0,15.0
1313074,2025,rapid,open,,245,"Alsaqer, Meshal",KUW,1918.0,2.5,1939.0,alsaqer meshal,1986.0,1856.0,39.0
1313074,2025,rapid,open,,246,"Jobava, Baadur",GEO,2645.0,2.5,2441.0,baadur jobava,1983.0,2576.0,42.0
1313074,2025,rapid,open,,247,"Jacobson, Brandon",USA,2507.0,1.5,2177.0,brandon jacobson,2003.0,2644.0,22.0
